# WaveFront *.obj file (generated by CINEMA 4D)

mtllib ./chest_low.mtl

v -15.44659042358398 2.45092010498047 -27.53070068359375
v 15.44659042358398 2.45091390609741 -27.53070068359375
v 17.65324020385742 2.54031610488892 -23.16924095153809
v 17.65324020385742 2.54031610488892 -16.5494499206543
v 17.65324020385742 2.54031610488892 -13.23956966400146
v 17.65324020385742 2.54031610488892 -3.08923506736755
v 17.65324020385742 2.54031610488892 3.08922910690308
v 17.65324020385742 2.54031610488892 13.23958015441895
v 17.65324020385742 2.54031610488892 16.54947090148926
v 17.65324020385742 2.54031610488892 23.16925048828125
v 15.44659042358398 2.45091390609741 27.53070068359375
v -15.44659042358398 2.45092010498047 27.53070068359375
v -17.65324020385742 2.54032301902771 23.16925048828125
v -17.65324020385742 2.54032301902771 16.54947090148926
v -17.65324020385742 2.54032301902771 13.23958015441895
v -17.65324020385742 2.54032301902771 3.08922910690308
v -17.65324020385742 2.54032301902771 -3.08923506736755
v -17.65324020385742 2.54032301902771 -13.23956966400146
v -17.65324020385742 2.54032301902771 -16.5494499206543
v -17.65324020385742 2.54032301902771 -23.16924095153809
v -17.46805000305176 0.00000799999998 -26.24926948547363
v -17.47233963012695 0.00000799999998 -18.74947929382324
v -17.47448921203613 0.00000799999998 -14.99958038330078
v -17.4810791015625 0.00000799999998 -3.49990701675415
v -17.4850902557373 0.0000070000001 3.49990010261536
v -17.49167060852051 0.0000070000001 14.99960041046143
v -17.49379920959473 0.0000070000001 18.74949073791504
v -17.49811935424805 0.00000799999998 26.24928092956543
v 17.47611999511719 0.000001 -26.24928092956543
v 17.47871017456055 0 -18.74947929382324
v 17.47999000549316 0.000001 -14.99958038330078
v 17.48397064208984 0.000001 -3.49990701675415
v 17.48640060424805 0.000001 3.49990010261536
v 17.49037933349609 0 14.99960041046143
v 17.49168014526367 0 18.74949073791504
v 17.4942798614502 0.000001 26.24928092956543
v -17.5 23.00411987304688 -29.99917030334473
v -17.33046913146973 23.26921081542969 -29.79537010192871
v 17.5 23.00411987304688 -29.99917030334473
v 17.33046913146973 23.26921081542969 -29.79537010192871
v 20 22.98324966430664 -26.24928092956543
v 19.82669067382812 23.26921081542969 -26.02181053161621
v 20 22.99908065795898 -18.74947929382324
v 19.80291938781738 23.26921081542969 -18.56472969055176
v 20 23.00811004638672 -14.99958038330078
v 19.79110908508301 23.26921081542969 -14.84292030334473
v 20 23.03099060058594 -3.49990701675415
v 19.76535034179688 23.26921081542969 -3.45884394645691
v 20 23.03099060058594 3.49990010261536
v 19.76535034179688 23.26921081542969 3.45883703231812
v 20 23.00811004638672 14.99960041046143
v 19.79110908508301 23.26921081542969 14.84294033050537
v 20 22.99908065795898 18.74949073791504
v 19.80291938781738 23.26921081542969 18.56473922729492
v 20 22.98324966430664 26.24928092956543
v 19.82669067382812 23.26921081542969 26.02182006835938
v 17.5 23.00411987304688 29.99917030334473
v 17.33046913146973 23.26921081542969 29.79537010192871
v -17.5 23.00411987304688 29.99917030334473
v -17.33046913146973 23.26921081542969 29.79537010192871
v -20 22.98324966430664 26.24928092956543
v -19.82669067382812 23.26921081542969 26.02182006835938
v -20 22.99908065795898 18.74949073791504
v -19.80293083190918 23.26921081542969 18.56473922729492
v -20 23.00811004638672 14.99960041046143
v -19.7911205291748 23.26921081542969 14.84294033050537
v -20 23.03099060058594 3.49990010261536
v -19.76535034179688 23.26921081542969 3.45883703231812
v -20 23.03099060058594 -3.49990701675415
v -19.76535034179688 23.26921081542969 -3.45884394645691
v -20 23.00811004638672 -14.99958038330078
v -19.7911205291748 23.26921081542969 -14.84292030334473
v -20 22.99908065795898 -18.74947929382324
v -19.80293083190918 23.26921081542969 -18.56472969055176
v -20 22.98324966430664 -26.24928092956543
v -19.82669067382812 23.26921081542969 -26.02181053161621
v -15.44659042358398 23.03063011169434 -27.53070068359375
v -15.59916973114014 23.26921081542969 -27.71412086486816
v 15.44659042358398 23.03063011169434 -27.53070068359375
v 15.59916019439697 23.26921081542969 -27.71412086486816
v 17.65324020385742 23.01185035705566 -23.16924095153809
v 17.80921936035156 23.26921081542969 -23.37396049499512
v 17.65324020385742 23.02609062194824 -16.5494499206543
v 17.83061027526855 23.26921081542969 -16.71573066711426
v 17.65324020385742 23.03421020507812 -13.23956966400146
v 17.84123992919922 23.26921081542969 -13.38055992126465
v 17.65324020385742 23.0548095703125 -3.08923506736755
v 17.86442947387695 23.26921081542969 -3.12619209289551
v 17.65324020385742 23.0548095703125 3.08922910690308
v 17.86442947387695 23.26921081542969 3.12618589401245
v 17.65324020385742 23.03421020507812 13.23958015441895
v 17.84123992919922 23.26921081542969 13.38057041168213
v 17.65324020385742 23.02609062194824 16.54947090148926
v 17.83061027526855 23.26921081542969 16.71574020385742
v 17.65324020385742 23.01185035705566 23.16925048828125
v 17.80921936035156 23.26921081542969 23.37396049499512
v 15.44659042358398 23.03063011169434 27.53070068359375
v 15.59916019439697 23.26921081542969 27.71412086486816
v -15.44659042358398 23.03063011169434 27.53070068359375
v -15.59916973114014 23.26921081542969 27.71412086486816
v -17.65324020385742 23.01185035705566 23.16925048828125
v -17.80921936035156 23.26921081542969 23.37396049499512
v -17.65324020385742 23.02609062194824 16.54947090148926
v -17.83061027526855 23.26921081542969 16.71574020385742
v -17.65324020385742 23.03421020507812 13.23958015441895
v -17.84123992919922 23.26921081542969 13.38057041168213
v -17.65324020385742 23.0548095703125 3.08922910690308
v -17.86442947387695 23.26921081542969 3.12618589401245
v -17.65324020385742 23.0548095703125 -3.08923506736755
v -17.86442947387695 23.26921081542969 -3.12619209289551
v -17.65324020385742 23.03421020507812 -13.23956966400146
v -17.84123992919922 23.26921081542969 -13.38055992126465
v -17.65324020385742 23.02609062194824 -16.5494499206543
v -17.83061027526855 23.26921081542969 -16.71573066711426
v -17.65324020385742 23.01185035705566 -23.16924095153809
v -17.80921936035156 23.26921081542969 -23.37396049499512
v 19.70612907409668 19.97760963439941 29.99917030334473
v 20 19.97760963439941 29.70529937744141
v 20 2.49481606483459 29.70529937744141
v 19.70612907409668 2.49481606483459 29.99917030334473
v 20 23.02889060974121 29.70529937744141
v 19.70612907409668 23.02939987182617 29.99917030334473
v 19.62125968933105 23.26921081542969 29.61129951477051
v 19.47381973266602 23.26921081542969 29.76662063598633
v 19.76844024658203 23.26921081542969 29.4734992980957
v 17.3593692779541 23.05298042297363 27.53070068359375
v 17.65324020385742 23.05340957641602 27.23682975769043
v 18.00834083557129 23.26921081542969 27.89492988586426
v 17.86216926574707 23.26921081542969 27.44577026367188
v 17.56830978393555 23.26921081542969 27.73963928222656
v 17.3593692779541 2.52840995788574 27.53070068359375
v 17.65324020385742 2.54031610488892 27.23682975769043
v 17.4454402923584 2.54031610488892 27.53070068359375
v -20 19.97761917114258 29.70529937744141
v -19.70612907409668 19.97761917114258 29.99917030334473
v -20 2.44714307785034 29.70529937744141
v -19.70612907409668 2.44714307785034 29.99917030334473
v -19.70612907409668 23.02939987182617 29.99917030334473
v -20 23.02889060974121 29.70529937744141
v -19.62125968933105 23.26921081542969 29.61129951477051
v -19.76844024658203 23.26921081542969 29.4734992980957
v -19.47381973266602 23.26921081542969 29.76662063598633
v -17.65324020385742 23.05340957641602 27.23682975769043
v -17.3593692779541 23.05298042297363 27.53070068359375
v -18.00834083557129 23.26921081542969 27.89492988586426
v -17.56830978393555 23.26921081542969 27.73963928222656
v -17.86216926574707 23.26921081542969 27.44577026367188
v -17.44544982910156 2.54032301902771 27.53070068359375
v -17.65324020385742 2.54032301902771 27.23682975769043
v -17.3593692779541 2.52841711044312 27.53070068359375
v -19.70612907409668 19.97761917114258 -29.99917030334473
v -20 19.97761917114258 -29.70529937744141
v -19.70612907409668 2.44383192062378 -29.99917030334473
v -20 2.44383192062378 -29.70529937744141
v -20 23.02889060974121 -29.70529937744141
v -19.70612907409668 23.02939987182617 -29.99917030334473
v -19.62125968933105 23.26921081542969 -29.61129951477051
v -19.47381973266602 23.26921081542969 -29.76662063598633
v -19.76844024658203 23.26921081542969 -29.4734992980957
v -17.3593692779541 23.05298042297363 -27.53070068359375
v -17.65324020385742 23.05340957641602 -27.23682975769043
v -18.00834083557129 23.26921081542969 -27.89492988586426
v -17.86216926574707 23.26921081542969 -27.44577026367188
v -17.56830978393555 23.26921081542969 -27.73963928222656
v -17.3593692779541 2.52841711044312 -27.53070068359375
v -17.65324020385742 2.54032301902771 -27.23682975769043
v -17.44544982910156 2.54032301902771 -27.53070068359375
v 20 19.97760963439941 -29.70529937744141
v 19.70612907409668 19.97760963439941 -29.99917030334473
v 20 2.47296500205994 -29.70529937744141
v 19.70612907409668 2.47296500205994 -29.99917030334473
v 19.70612907409668 23.02939987182617 -29.99917030334473
v 20 23.02889060974121 -29.70529937744141
v 19.62125968933105 23.26921081542969 -29.61129951477051
v 19.76844024658203 23.26921081542969 -29.4734992980957
v 19.47381973266602 23.26921081542969 -29.76662063598633
v 17.65324020385742 23.05340957641602 -27.23682975769043
v 17.3593692779541 23.05298042297363 -27.53070068359375
v 18.00834083557129 23.26921081542969 -27.89492988586426
v 17.56830978393555 23.26921081542969 -27.73963928222656
v 17.86216926574707 23.26921081542969 -27.44577026367188
v 17.4454402923584 2.54031610488892 -27.53070068359375
v 17.65324020385742 2.54031610488892 -27.23682975769043
v 17.3593692779541 2.52840995788574 -27.53070068359375
v -19.82444000244141 0.00000799999998 -14.99958038330078
v -20 0.17557400465012 -14.99958038330078
v -20 0.17557400465012 -3.49990701675415
v -19.82444000244141 0.00000799999998 -3.49990701675415
v 20 0.17556600272655 -14.99958038330078
v 19.82443046569824 0.000001 -14.99958038330078
v 20 0.17556600272655 -3.49990701675415
v 19.82443046569824 0.000001 -3.49990701675415
v -19.82444000244141 0.00000799999998 14.99960041046143
v -20 0.17557300627232 14.99960041046143
v -20 0.17557300627232 18.74949073791504
v -19.82444000244141 0.00000799999998 18.74949073791504
v 20 0.17556500434875 14.99960041046143
v 19.82443046569824 0 14.99960041046143
v 20 0.17556500434875 18.74949073791504
v 19.82443046569824 0 18.74949073791504
v -19.82444000244141 0.00000799999998 -26.24928092956543
v -20 0.17557400465012 -26.24928092956543
v -20 0.17557400465012 -18.74947929382324
v -19.82444000244141 0.00000799999998 -18.74947929382324
v 20 0.17556600272655 -26.24928092956543
v 19.82443046569824 0.000001 -26.24928092956543
v 20 0.17556500434875 -18.74947929382324
v 19.82443046569824 0 -18.74947929382324
v 20 0.17556600272655 26.24928092956543
v 19.82443046569824 0.000001 26.24928092956543
v -20 0.17557400465012 26.24928092956543
v -19.82444000244141 0.00000799999998 26.24928092956543
v 19.82443046569824 0.000001 29.6325798034668
v 20 0.17556600272655 29.70529937744141
v -19.82444000244141 0.00000799999998 29.6325798034668
v -20 0.17557300627232 29.70529937744141
v -20 0.17557300627232 3.49990010261536
v -19.82444000244141 0.00000799999998 3.49990010261536
v 20 0.17556600272655 3.49990010261536
v 19.82443046569824 0.000001 3.49990010261536
v 17.49558067321777 0.17556600272655 29.99917030334473
v 17.49551963806152 0.000001 29.82361030578613
v 19.63340950012207 0.000001 29.82361030578613
v 19.70612907409668 0.17556600272655 29.99917030334473
v -17.50016021728516 0.00000799999998 29.82361030578613
v -17.50025939941406 0.17557300627232 29.99917030334473
v 17.47480010986328 0.17556600272655 -29.99917030334473
v 17.4748592376709 0.000001 -29.82361030578613
v 19.63340950012207 0.000001 -29.82361030578613
v 19.70612907409668 0.17556600272655 -29.99917030334473
v -17.46590042114258 0.17557300627232 -29.99917030334473
v -17.46599960327148 0.00000799999998 -29.82361030578613
v -19.63340950012207 0.00000799999998 29.82361030578613
v -19.70612907409668 0.17557300627232 29.99917030334473
v -19.63340950012207 0.00000799999998 -29.82361030578613
v -19.70612907409668 0.17557400465012 -29.99917030334473
v -19.82444000244141 0.00000799999998 -29.6325798034668
v -20 0.17557400465012 -29.70529937744141
v 19.82443046569824 0.000001 -29.6325798034668
v 20 0.17556600272655 -29.70529937744141
v 17.58316040039062 19.97760963439941 -29.99917030334473
v 17.49987983703613 19.89446067810059 -29.91601943969727
v 17.41678047180176 19.97760963439941 -29.91596031188965
v 17.5 20.06077003479004 -29.99917030334473
v -17.58316040039062 19.97761917114258 -29.99917030334473
v -17.5 20.0607795715332 -29.99917030334473
v -17.41683959960938 19.97761917114258 -29.91601943969727
v -17.49983978271484 19.89438056945801 -29.91592979431152
v 17.47480010986328 2.39102792739868 -29.99917030334473
v 17.39512062072754 2.47535705566406 -29.91727066040039
v 17.47723960876465 2.5585949420929 -29.91610908508301
v 17.55913925170898 2.47296500205994 -29.99917030334473
v -17.46590042114258 2.36315298080444 -29.99917030334473
v -17.5506706237793 2.44383311271667 -29.99917030334473
v -17.46928024291992 2.53405690193176 -29.91445922851562
v -17.38578033447266 2.44908595085144 -29.91613006591797
v 17.41683959960938 19.97760963439941 -29.09917068481445
v 17.5 19.89446067810059 -29.09917068481445
v 17.41678047180176 2.50000095367432 -29.09917068481445
v 17.5 2.58323001861572 -29.09917068481445
v -17.5 2.58342409133911 -29.09917068481445
v -17.41669082641602 2.50000691413879 -29.09917068481445
v -17.41683959960938 19.97761917114258 -29.09917068481445
v -17.5 19.89446067810059 -29.09917068481445
v 20 2.4550199508667 -14.99958038330078
v 20 2.5 -15.04456996917725
v 19.95502090454102 2.5449800491333 -14.99958038330078
v 19.95502090454102 2.5 -14.95460987091064
v 20 2.45502090454102 -3.49990701675415
v 19.95502090454102 2.5 -3.54488706588745
v 19.95502090454102 2.5449800491333 -3.49990701675415
v 20 2.5 -3.45492696762085
v 20 20.02259063720703 -14.99958038330078
v 19.95502090454102 19.97760963439941 -14.95460987091064
v 19.95502090454102 19.93263053894043 -14.99958038330078
v 20 19.97760963439941 -15.04456996917725
v 20 20.02259063720703 -3.49990701675415
v 20 19.97760963439941 -3.45492696762085
v 19.95502090454102 19.93263053894043 -3.49990701675415
v 19.95502090454102 19.97760963439941 -3.54488706588745
v 20 2.4550199508667 14.99960041046143
v 19.95502090454102 2.5 14.95462036132812
v 19.95502090454102 2.5449800491333 14.99960041046143
v 20 2.5 15.04458045959473
v 20 20.02259063720703 14.99960041046143
v 20 19.97760963439941 15.04458045959473
v 19.95502090454102 19.93263053894043 14.99960041046143
v 19.95502090454102 19.97760963439941 14.95462036132812
v 19.95536994934082 2.47430610656738 -26.24928092956543
v 20 2.4278130531311 -26.29426956176758
v 20 2.4550199508667 -18.74947929382324
v 19.95502090454102 2.49983811378479 -18.79446029663086
v 19.95509910583496 2.54489898681641 -18.74947929382324
v 20 2.5 -18.70450019836426
v 20 19.97760963439941 -26.29425048828125
v 20 20.02259063720703 -26.24928092956543
v 19.95502090454102 19.97760963439941 -26.20429992675781
v 19.95502090454102 19.93263053894043 -26.24928092956543
v 20 20.02259063720703 -18.74947929382324
v 20 19.97760963439941 -18.70450019836426
v 19.95502090454102 19.93263053894043 -18.74947929382324
v 19.95502090454102 19.97760963439941 -18.79446029663086
v 20 20.02259063720703 18.74949073791504
v 19.95502090454102 19.97760963439941 18.79446983337402
v 19.95502090454102 19.93263053894043 18.74949073791504
v 20 19.97760963439941 18.70450973510742
v 20 19.97760963439941 26.29426002502441
v 19.95502090454102 19.93263053894043 26.24928092956543
v 19.95502090454102 19.97760963439941 26.20429992675781
v 20 20.02259063720703 26.24928092956543
v 20 2.4550199508667 18.74949073791504
v 20 2.5 18.70450973510742
v 19.95502090454102 2.5449800491333 18.74949073791504
v 19.95503997802734 2.49996900558472 18.79446029663086
v 20 2.44996500015259 26.24928092956543
v 19.95515060424805 2.49510598182678 26.20442962646484
v 19.95499992370605 2.54007196426392 26.24928092956543
v 20 2.49481606483459 26.29426002502441
v 19.14497947692871 2.5 -14.95460987091064
v 19.14497947692871 2.5449800491333 -14.99958038330078
v 19.10000038146973 2.5449800491333 -14.95460987091064
v 19.10000038146973 19.93263053894043 -14.95460987091064
v 19.14497947692871 19.93263053894043 -14.99958038330078
v 19.14497947692871 19.97760963439941 -14.95460987091064
v 19.14497947692871 19.97760963439941 14.95462036132812
v 19.14497947692871 19.93263053894043 14.99960041046143
v 19.10000038146973 19.93263053894043 14.95462036132812
v 19.14497947692871 19.93263053894043 -3.49990701675415
v 19.10000038146973 19.93263053894043 -3.54488706588745
v 19.14497947692871 19.97760963439941 -3.54488706588745
v 19.10000038146973 2.5449800491333 14.95462036132812
v 19.14497947692871 2.5449800491333 14.99960041046143
v 19.14497947692871 2.5 14.95462036132812
v 19.14497947692871 2.5449800491333 -3.49990701675415
v 19.14497947692871 2.5 -3.54488706588745
v 19.10000038146973 2.5449800491333 -3.54488706588745
v 19.10000038146973 19.93263053894043 -26.20429992675781
v 19.14497947692871 19.93263053894043 -26.24928092956543
v 19.14497947692871 19.97760963439941 -26.20429992675781
v 19.14463043212891 2.49866008758545 -26.24928092956543
v 19.10000038146973 2.54432010650635 -26.20495986938477
v 19.10000038146973 19.93263053894043 -18.79446029663086
v 19.14497947692871 19.97760963439941 -18.79446029663086
v 19.14497947692871 19.93263053894043 -18.74947929382324
v 19.10000038146973 2.5449800491333 -18.79446029663086
v 19.14497947692871 2.5449800491333 -18.74947929382324
v 19.14497947692871 2.5 -18.79446029663086
v 19.10000038146973 19.93263053894043 18.79446983337402
v 19.14497947692871 19.93263053894043 18.74949073791504
v 19.14497947692871 19.97760963439941 18.79446983337402
v 19.14497947692871 2.5 18.79446983337402
v 19.14497947692871 2.5449800491333 18.74949073791504
v 19.10000038146973 2.5449800491333 18.79446983337402
v 19.10000038146973 19.93263053894043 26.20429992675781
v 19.14497947692871 19.97760963439941 26.20429992675781
v 19.14497947692871 19.93263053894043 26.24928092956543
v 19.10000038146973 2.54485106468201 26.20442962646484
v 19.14497947692871 2.54472208023071 26.24928092956543
v 19.14484977722168 2.49974203109741 26.20442962646484
v 20 2.45502090454102 3.49990010261536
v 20 2.5 3.45492005348206
v 19.95502090454102 2.5449800491333 3.49990010261536
v 19.95502090454102 2.5 3.54487991333008
v 19.10000038146973 2.5449800491333 3.54487991333008
v 19.14497947692871 2.5 3.54487991333008
v 19.14497947692871 2.5449800491333 3.49990010261536
v 19.14497947692871 19.97760963439941 3.54487991333008
v 19.10000038146973 19.93263053894043 3.54487991333008
v 19.14497947692871 19.93263053894043 3.49990010261536
v 20 20.02259063720703 3.49990010261536
v 19.95502090454102 19.97760963439941 3.54487991333008
v 19.95502090454102 19.93263053894043 3.49990010261536
v 20 19.97760963439941 3.45492005348206
v -20 19.97761917114258 -26.31650924682617
v -19.93276023864746 19.91037940979004 -26.24928092956543
v -19.93276023864746 19.97761917114258 -26.18202972412109
v -20 20.04486083984375 -26.24928092956543
v -20 20.04486083984375 -18.74947929382324
v -19.93276023864746 19.97761917114258 -18.81671905517578
v -19.93276023864746 19.91037940979004 -18.74947929382324
v -20 19.97761917114258 -18.6822395324707
v -20 2.37859201431274 -26.24928092956543
v -19.93489074707031 2.4483859539032 -26.18404006958008
v -19.93251037597656 2.51567006111145 -26.24928092956543
v -20 2.44383406639099 -26.31650924682617
v -20 2.43275904655457 -18.74947929382324
v -20 2.5 -18.6822395324707
v -19.93276023864746 2.56724095344543 -18.74947929382324
v -19.93301010131836 2.49949908256531 -18.81646919250488
v -19.10000038146973 19.91037940979004 -18.81671905517578
v -19.16724014282227 19.91037940979004 -18.74947929382324
v -19.16724014282227 19.97761917114258 -18.81671905517578
v -19.16724014282227 2.5 -18.81671905517578
v -19.16724014282227 2.56724095344543 -18.74947929382324
v -19.10000038146973 2.56724095344543 -18.81671905517578
v -19.10000038146973 19.91037940979004 -26.18202972412109
v -19.16724014282227 19.97761917114258 -26.18202972412109
v -19.16724014282227 19.91037940979004 -26.24928092956543
v -19.10000038146973 2.56523990631104 -26.18404006958008
v -19.16724014282227 2.56317496299744 -26.24928092956543
v -19.16511917114258 2.49593710899353 -26.18404006958008
v -20 19.97761917114258 -15.06707954406738
v -19.93251037597656 19.91012954711914 -14.99958038330078
v -19.93251037597656 19.97761917114258 -14.93208980560303
v -20 20.04511070251465 -14.99958038330078
v -19.93251037597656 19.97761917114258 -3.49990701675415
v -20 20.04511070251465 -3.49990701675415
v -20 2.5 -15.06707954406738
v -20 2.43250703811646 -14.99958038330078
v -19.93251037597656 2.5 -14.93208980560303
v -19.93251037597656 2.56749391555786 -14.99958038330078
v -19.93251037597656 2.5 -3.49990701675415
v -20 2.43250703811646 -3.49990701675415
v -20 20.04511070251465 14.99960041046143
v -19.93251037597656 19.97761917114258 14.93210983276367
v -19.93251037597656 19.91012001037598 14.99960041046143
v -20 19.97761917114258 15.06709957122803
v -20 2.43250703811646 14.99960041046143
v -20 2.5 15.06709957122803
v -19.93251037597656 2.56749296188354 14.99960041046143
v -19.93251037597656 2.5 14.93210983276367
v -19.10000038146973 19.91012001037598 14.93210983276367
v -19.16749954223633 19.91012001037598 14.99960041046143
v -19.16749954223633 19.97761917114258 14.93210983276367
v -19.16749954223633 2.5 14.93210983276367
v -19.16749954223633 2.56749296188354 14.99960041046143
v -19.10000038146973 2.56749296188354 14.93210983276367
v -19.10000038146973 19.91012001037598 -14.93208980560303
v -19.16749954223633 19.97761917114258 -14.93208980560303
v -19.16749954223633 19.91012001037598 -14.99958038330078
v -19.16749954223633 19.97761917114258 -3.49990701675415
v -19.10000038146973 19.91012954711914 -3.49990701675415
v -19.10000038146973 2.56749296188354 -14.93208980560303
v -19.16749954223633 2.56749296188354 -14.99958038330078
v -19.16749954223633 2.5 -14.93208980560303
v -19.10000038146973 2.56749391555786 -3.49990701675415
v -19.16749954223633 2.5 -3.49990701675415
v -19.93251037597656 19.97761917114258 3.49990010261536
v -20 20.04511070251465 3.49990010261536
v -19.16749954223633 19.97761917114258 3.49990010261536
v -19.10000038146973 19.91012001037598 3.49990010261536
v -19.10000038146973 2.56749296188354 3.49990010261536
v -19.16749954223633 2.5 3.49990010261536
v -19.93251037597656 2.5 3.49990010261536
v -20 2.43250703811646 3.49990010261536
v -20 2.5 18.70009994506836
v -20 2.45060300827026 18.74949073791504
v -19.95060920715332 2.49965190887451 18.79888916015625
v -19.95078086853027 2.54922199249268 18.74949073791504
v -20 2.39913511276245 26.24928092956543
v -20 2.44714403152466 26.29867935180664
v -19.95060920715332 2.49952602386475 26.24928092956543
v -19.95051956176758 2.45040011405945 26.19972038269043
v -20 19.97761917114258 18.70009994506836
v -19.95060920715332 19.92822074890137 18.74949073791504
v -19.95060920715332 19.97761917114258 18.79888916015625
v -20 20.02700996398926 18.74949073791504
v -20 19.97761917114258 26.29867935180664
v -20 20.02700996398926 26.24928092956543
v -19.95060920715332 19.97761917114258 26.19989013671875
v -19.95060920715332 19.92823028564453 26.24928092956543
v -19.14793014526367 2.49718499183655 26.20126914978027
v -19.14940071105957 2.54658007621765 26.24928092956543
v -19.10000038146973 2.54800796508789 26.20126914978027
v -19.10000038146973 19.92823028564453 26.19989013671875
v -19.14940071105957 19.92823028564453 26.24928092956543
v -19.14940071105957 19.97761917114258 26.19989013671875
v -19.10000038146973 19.92823028564453 18.79888916015625
v -19.14940071105957 19.97761917114258 18.79888916015625
v -19.14940071105957 19.92823028564453 18.74949073791504
v -19.10000038146973 2.54939603805542 18.79888916015625
v -19.14940071105957 2.54939603805542 18.74949073791504
v -19.14940071105957 2.5 18.79888916015625
v 17.54936981201172 19.97760963439941 29.99917030334473
v 17.5 20.02697944641113 29.99917030334473
v 17.45063018798828 19.97760963439941 29.94980049133301
v 17.49999046325684 19.92823028564453 29.94978904724121
v 17.49558067321777 2.4455840587616 29.99917030334473
v 17.54507064819336 2.49481606483459 29.99917030334473
v 17.49583053588867 2.54459810256958 29.94968032836914
v 17.44648933410645 2.49503302574158 29.9498405456543
v -17.54937934875488 19.97761917114258 29.99917030334473
v -17.5 19.92824935913086 29.94980049133301
v -17.45063018798828 19.97761917114258 29.94980049133301
v -17.5 20.02699089050293 29.99917030334473
v -17.50025939941406 2.39915704727173 29.99917030334473
v -17.4522590637207 2.45002293586731 29.95126914978027
v -17.5002498626709 2.49953889846802 29.94976043701172
v -17.54962921142578 2.44714403152466 29.99917030334473
v 17.45063018798828 19.9282398223877 29.09917068481445
v 17.5 19.9282398223877 29.14855003356934
v 17.45063018798828 19.97760963439941 29.14855003356934
v 17.45051956176758 2.49971699714661 29.14839935302734
v 17.49975967407227 2.54909205436707 29.14855003356934
v 17.45076942443848 2.54923295974731 29.09917068481445
v -17.45063018798828 19.92824935913086 29.09917068481445
v -17.45063018798828 19.97761917114258 29.14855003356934
v -17.5 19.92824935913086 29.14855003356934
v -17.4520092010498 2.54799389839172 29.09917068481445
v -17.50001907348633 2.54656004905701 29.14854049682617
v -17.45203018188477 2.49719405174255 29.14707946777344
# 501 vertices

vn -1 0 0
vn 1 0 0
vn 0 1 0
vn 0 -1 0
vn 0.00009375311492 0.61423915624619 -0.78911989927292
vn 0.00003125073636 0.61098313331604 -0.79164361953735
vn -0.00003125073636 0.61098313331604 -0.79164361953735
vn -0.00009375311492 0.61423915624619 -0.78911989927292
vn 0.82512074708939 0.56495594978333 0.00068752252264
vn 0.81429672241211 0.58044850826263 0.00062501186039
vn 0.82572788000107 0.5640686750412 0.00012500138837
vn 0.81223756074905 0.58332604169846 -0.00096877239412
vn 0.76544255018234 0.64350420236588 0.00028125185054
vn 0.75523620843887 0.65545266866684 0.00021875507082
vn 0.73582696914673 0.67716962099075 0.00009375184891
vn 0.7332307100296 0.67997992038727 0.00009375153604
vn 0.73582696914673 0.67716962099075 -0.00009375184891
vn 0.7332307100296 0.67997992038727 -0.00009375153604
vn 0.76544255018234 0.64350420236588 -0.00028125185054
vn 0.75523620843887 0.65545266866684 -0.00021875507082
vn 0.82512074708939 0.56495594978333 -0.00068752252264
vn 0.81429672241211 0.58044850826263 -0.00062501186039
vn 0.81223756074905 0.58332604169846 0.00096877239412
vn 0.82572788000107 0.5640686750412 -0.00012500138837
vn -0.00009375311492 0.61423915624619 0.78911989927292
vn -0.00003125073636 0.61098313331604 0.79164361953735
vn 0.00003125073636 0.61098313331604 0.79164361953735
vn 0.00009375311492 0.61423915624619 0.78911989927292
vn -0.82512074708939 0.56495594978333 -0.00068752252264
vn -0.81429672241211 0.58044850826263 -0.00062501186039
vn -0.82572788000107 0.5640686750412 -0.00012500138837
vn -0.81223756074905 0.58332604169846 0.00096877239412
vn -0.76544255018234 0.64350420236588 -0.00028125185054
vn -0.75523620843887 0.65545266866684 -0.00021875507082
vn -0.73582696914673 0.67716962099075 -0.00009375184891
vn -0.7332307100296 0.67997992038727 -0.00009375153604
vn -0.73582696914673 0.67716962099075 0.00009375184891
vn -0.7332307100296 0.67997992038727 0.00009375153604
vn -0.76544255018234 0.64350420236588 0.00028125185054
vn -0.75523620843887 0.65545266866684 0.00021875507082
vn -0.82512074708939 0.56495594978333 0.00068752252264
vn -0.81429672241211 0.58044850826263 0.00062501186039
vn -0.81223756074905 0.58332604169846 -0.00096877239412
vn -0.82572788000107 0.5640686750412 0.00012500138837
vn 0 0 -1
vn 0 0 1
vn 0.0001250031346 0.61404663324356 0.78926974534988
vn 0.0000312509801 0.61089414358139 0.79171228408813
vn -0.0000312509801 0.61089414358139 0.79171228408813
vn -0.0001250031346 0.61404663324356 0.78926974534988
vn -0.8246111869812 0.56569945812225 0.00068751454819
vn -0.81391906738281 0.58097791671753 0.00062500982312
vn -0.82401275634766 0.56657123565674 0.00012500194134
vn -0.80991929769516 0.58654069900513 -0.00084376364248
vn -0.76520037651062 0.64379209280014 0.00028125473182
vn -0.75514954328537 0.65555256605148 0.00021875712264
vn -0.73575162887573 0.67725145816803 0.00009375020454
vn -0.73320072889328 0.68001228570938 0.00009375168884
vn -0.73575162887573 0.67725145816803 -0.00009375020454
vn -0.73320072889328 0.68001228570938 -0.00009375168884
vn -0.76520037651062 0.64379209280014 -0.00028125473182
vn -0.75514954328537 0.65555256605148 -0.00021875712264
vn -0.8246111869812 0.56569945812225 -0.00068751454819
vn -0.81391906738281 0.58097791671753 -0.00062500982312
vn -0.80991929769516 0.58654069900513 0.00084376364248
vn -0.82401275634766 0.56657123565674 -0.00012500194134
vn -0.0001250031346 0.61404663324356 -0.78926974534988
vn -0.0000312509801 0.61089414358139 -0.79171228408813
vn 0.0000312509801 0.61089414358139 -0.79171228408813
vn 0.0001250031346 0.61404663324356 -0.78926974534988
vn 0.8246111869812 0.56569945812225 -0.00068751454819
vn 0.81390857696533 0.58099269866943 -0.00062502571382
vn 0.82401275634766 0.56657123565674 -0.00012500194134
vn 0.80991929769516 0.58654069900513 0.00084376364248
vn 0.76520037651062 0.64379209280014 -0.00028125473182
vn 0.75514954328537 0.65555256605148 -0.00021875712264
vn 0.73576718568802 0.67723453044891 -0.00009375219088
vn 0.73320072889328 0.68001228570938 -0.00009375168884
vn 0.73575162887573 0.67725145816803 0.00009375020454
vn 0.73320072889328 0.68001228570938 0.00009375168884
vn 0.76520037651062 0.64379209280014 0.00028125473182
vn 0.75514954328537 0.65555256605148 0.00021875712264
vn 0.8246111869812 0.56569945812225 0.00068751454819
vn 0.81391906738281 0.58097791671753 0.00062500982312
vn 0.80991929769516 0.58654069900513 -0.00084376364248
vn 0.82401275634766 0.56657123565674 0.00012500194134
vn 0 1 0
vn 0.70710676908493 0 0.70710676908493
vn 0.41728943586349 0.80710959434509 0.41766446828842
vn -0.70710676908493 0 -0.70710676908493
vn -0.41760918498039 0.80727982521057 -0.41701540350914
vn 0.79149186611176 0.61117404699326 0.00262507656589
vn 0.00118751544505 0.65441477298737 0.75613480806351
vn -0.79272919893265 0.60957056283951 0.00203127670102
vn 0.00121877202764 0.65263676643372 -0.7576699256897
vn 0 0 -1
vn 0.13634671270847 -0.98595893383026 0.09640835225582
vn -0.70710676908493 0 0.70710676908493
vn -0.41728943586349 0.80710959434509 0.41766446828842
vn 0.70710676908493 0 -0.70710676908493
vn 0.41763499379158 0.80726927518845 -0.41700994968414
vn 0 0 1
vn -0.00118751544505 0.65441477298737 0.75613480806351
vn -0.79147672653198 0.61119365692139 0.0026250265073
vn -0.00121877202764 0.65263676643372 -0.7576699256897
vn 0.79272919893265 0.60957056283951 0.00203127670102
vn -0.13637697696686 -0.98595178127289 0.09643889218569
vn -0.41728943586349 0.80710959434509 -0.41766446828842
vn 0.41763499379158 0.80726927518845 0.41700994968414
vn -0.00118751544505 0.65441477298737 -0.75613480806351
vn -0.79149186611176 0.61117404699326 -0.00262507656589
vn 0.79272919893265 0.60957056283951 -0.00203127670102
vn -0.00121877202764 0.65263676643372 0.7576699256897
vn -0.13637697696686 -0.98595178127289 -0.09643889218569
vn 0.41728943586349 0.80710959434509 -0.41766446828842
vn -0.41760918498039 0.80727982521057 0.41701540350914
vn 0.00118751544505 0.65441477298737 -0.75613480806351
vn 0.79147672653198 0.61119365692139 -0.0026250265073
vn 0.00121877202764 0.65263676643372 0.7576699256897
vn -0.79272919893265 0.60957056283951 -0.00203127670102
vn 0.13634671270847 -0.98595893383026 -0.09640835225582
vn -0.70710676908493 -0.70710676908493 0
vn 0.70710676908493 -0.70710676908493 0
vn 0.49998116493225 -0.70711135864258 0.50001239776611
vn -0.50001239776611 -0.70711135864258 0.49998116493225
vn 0 -0.70710676908493 0.70710676908493
vn 0 -0.70710676908493 -0.70710676908493
vn 0.49998116493225 -0.70711135864258 -0.50001239776611
vn -0.50001239776611 -0.70711135864258 -0.49998116493225
vn -0.99990224838257 0.00062501698267 0.01396912988275
vn 0.9998214840889 0.00087500788504 0.01887516863644
vn -0.00037501045153 0.99893409013748 -0.04615753516555
vn -0.70935291051865 0.00093751208624 -0.70485287904739
vn -0.70723181962967 -0.70698171854019 0.00006250115257
vn 0 -0.70723181962967 -0.70698171854019
vn 0.70763778686523 -0.70657533407211 0.00009375170339
vn 0.71391695737839 0.00125001871493 -0.70022928714752
vn 0.00068750767969 0.69519531726837 -0.71882057189941
vn 0.00206253118813 0.69451051950455 -0.7194796204567
vn -0.00312510877848 0.69452422857285 -0.71946251392364
vn -0.00175005674828 0.69521003961563 -0.71880453824997
vn -0.70947641134262 0.70472639799118 -0.00196877145208
vn 0.71025413274765 0.7037541270256 -0.01640634424984
vn -0.40841495990753 -0.40797743201256 -0.81654858589172
vn 0.40829515457153 -0.40807640552521 -0.8165590763092
vn -0.40238985419273 0.41129642724991 -0.8178738951683
vn 0.39901578426361 0.41351637244225 -0.81840735673904
vn 0.70860207080841 0.00296878488734 0.70560204982758
vn 0.70776218175888 0.00128127203789 0.70644962787628
vn 0 0.70710676908493 0.70710676908493
vn 0.70936167240143 0.70483034849167 -0.00450011342764
vn 0.7081047296524 0.70610469579697 -0.00196878053248
vn 0.7081047296524 0.70610469579697 0.00196878053248
vn 0.70936167240143 0.70483034849167 0.00450011342764
vn 0 0.70710676908493 -0.70710676908493
vn 0.70860207080841 -0.00296878488734 -0.70560204982758
vn 0.70776218175888 -0.00128127203789 -0.70644962787628
vn 0.70776218175888 0.00128127203789 -0.70644962787628
vn 0.70860207080841 0.00296878488734 -0.70560204982758
vn 0.7081047296524 -0.70610469579697 -0.00196878053248
vn 0.70936167240143 -0.70483034849167 -0.00450011342764
vn 0.70936167240143 -0.70483034849167 0.00450011342764
vn 0.7081047296524 -0.70610469579697 0.00196878053248
vn 0.70713806152344 0 -0.70707553625107
vn 0.70777779817581 0.00128130032681 -0.70643395185471
vn 0.70861774682999 0.00296885054559 -0.705586373806
vn 0.70916569232941 -0.00128126714844 0.70504069328308
vn 0.70998853445053 -0.00293758162297 0.7042071223259
vn 0.70851165056229 0 0.70569908618927
vn 0.7169600725174 0.69705325365067 -0.00921904016286
vn 0.71514397859573 0.69895601272583 -0.00543764419854
vn 0.71369874477386 0.70044851303101 -0.00243753846735
vn 0.00009375379159 0.7067785859108 -0.70743483304977
vn 0.70891386270523 -0.00296878186055 -0.70528882741928
vn 0.70807433128357 -0.00128127133939 -0.70613676309586
vn 0.70807433128357 0.00128127133939 -0.70613676309586
vn 0.70889830589294 0.00296884751879 -0.70530444383621
vn 0.70863318443298 -0.70557057857513 -0.003031285014
vn 0.71055024862289 -0.70361256599426 -0.00690643489361
vn 0.71055024862289 -0.70361256599426 0.00690643489361
vn 0.70863318443298 -0.70557057857513 0.003031285014
vn 0.70704430341721 0 -0.7071692943573
vn 0 0.70691925287247 0.70729422569275
vn 0.71160906553268 0.70254641771317 -0.00640638777986
vn 0.70972460508347 0.704474568367 -0.00256252125837
vn 0.7097070813179 0.70448821783066 0.00350009673275
vn 0.71160447597504 0.70254188776016 0.00734386080876
vn 0.00403137691319 0.70614725351334 -0.70805352926254
vn 0.70710676908493 0.70710676908493 0
vn 0.7058556675911 0 0.70835572481155
vn 0.71111106872559 0.70307964086533 -0.00009375229274
vn 0.70810610055923 0.7061060667038 0
vn 0.70660662651062 0 -0.70760661363602
vn 0.01509389374405 0.99988448619843 -0.00178126688115
vn 0 -1 0
vn 0.00287507777102 0.99999582767487 0.00034375928226
vn 0.81651741266251 -0.40822744369507 0.40822744369507
vn 0.81649661064148 -0.40826392173767 -0.40823265910149
vn 0.81650704145432 -0.40823784470558 0.40823784470558
vn 0.81651741266251 -0.40822744369507 -0.40822744369507
vn 0.81730788946152 0.40813830494881 -0.4067320227623
vn 0.57736068964005 0.57732945680618 0.57736068964005
vn 0.57735025882721 -0.57735025882721 0.57735025882721
vn 0.57737112045288 -0.57733982801437 -0.57733982801437
vn 0.57736068964005 -0.57736068964005 -0.57732945680618
vn 0.57736068964005 0.57732945680618 -0.57736068964005
vn 0.57736068964005 0.57736068964005 -0.57732945680618
vn 0.57737112045288 -0.57733982801437 0.57733982801437
vn 0.57735025882721 -0.57735025882721 -0.57735025882721
vn 0.57733982801437 -0.57733982801437 0.57737112045288
vn 0.57735025882721 0.57735025882721 0.57735025882721
vn 0.57736068964005 -0.57732945680618 -0.57736068964005
vn 0.57842111587524 0.57513976097107 -0.57848358154297
vn 0.57736068964005 0.57736068964005 0.57732945680618
vn 0.57736068964005 -0.57736068964005 0.57732945680618
vn -0.70645022392273 0 0.70776271820068
vn -0.70929956436157 0.00443761469796 -0.70489317178726
vn -0.70807355642319 0.0019375301199 -0.70613604784012
vn -0.72079980373383 0.69308030605316 -0.00934399012476
vn -0.72338092327118 0.69028687477112 -0.01496887207031
vn -0.72348242998123 0.69032555818558 0.00487509230152
vn -0.72095316648483 0.69298374652863 -0.00025000542519
vn -0.04306403920054 0.69561862945557 0.71711939573288
vn -0.00034376254189 0.70511949062347 -0.70908838510513
vn -0.71802151203156 0.69602084159851 -0.00037501123734
vn -0.70179003477097 -0.00003125039075 0.71238386631012
vn -0.03125014528632 0.99950468540192 -0.00371876754798
vn -0.81650704145432 -0.40823784470558 0.40823784470558
vn -0.81648617982864 -0.40825870633125 -0.40825870633125
vn -0.82544541358948 0.40642553567886 0.3917373418808
vn -0.57736068964005 -0.57736068964005 -0.57732945680618
vn -0.57736068964005 0.57736068964005 -0.57732945680618
vn -0.57733982801437 -0.57737112045288 0.57733982801437
vn -0.58876997232437 0.55320626497269 0.58933246135712
vn -0.70933073759079 -0.0044376142323 0.70486187934875
vn -0.70808923244476 -0.00193757296074 0.7061203122139
vn -0.70710676908493 0.70710676908493 0
vn -0.71045786142349 0.70370769500732 0.00671894289553
vn -0.70858651399612 0.70561766624451 0.00296885054559
vn -0.70808923244476 -0.00193757296074 -0.7061203122139
vn -0.70933073759079 -0.0044376142323 -0.70486187934875
vn -0.81649661064148 0.40826392173767 0.40823265910149
vn -0.81650704145432 -0.40823784470558 -0.40823784470558
vn -0.81649661064148 0.40823265910149 -0.40826392173767
vn -0.57735025882721 -0.57735025882721 -0.57735025882721
vn -0.57735025882721 -0.57735025882721 0.57735025882721
vn -0.57736068964005 0.57736068964005 0.57732945680618
vn -0.71385490894318 0.7002922296524 0.00140627205838
vn -0.71592372655869 0.69817328453064 -0.00268756574951
vn -0.71576571464539 0.69823414087296 0.01218776777387
vn -0.71377098560333 0.70033311843872 0.00803148653358
vn -0.00021875395032 0.70648151636124 0.70773148536682
vn -0.70933395624161 -0.00325009832159 0.70486509799957
vn -0.7084174156189 -0.00140627217479 0.7057923078537
vn -0.7084174156189 0.00140627217479 0.7057923078537
vn -0.70931833982468 0.00325002684258 0.70488077402115
vn -0.70780891180038 -0.00140630500391 -0.70640259981155
vn -0.70872622728348 -0.00325003406033 -0.70547616481781
vn -0.04040736332536 0.70280063152313 -0.71023833751678
vn 0 -0.707091152668 0.70712244510651
vn -0.71088886260986 -0.70326370000839 -0.00756264757365
vn -0.70878833532333 -0.70541328191757 -0.00334378355183
vn -0.70878833532333 -0.70541328191757 0.00334378355183
vn -0.71088886260986 -0.70326370000839 0.00756264757365
vn -0.71739047765732 0.6966712474823 0.00025000539608
vn -0.70208889245987 0 -0.71208930015564
vn -0.02937591262162 0.99956232309341 0.00350010883994
vn -0.82304841279984 0.40497717261314 -0.39822706580162
vn -0.58814191818237 0.55464094877243 -0.58861064910889
vn -0.57732945680618 -0.57736068964005 0.57736068964005
vn -0.7071692943573 -0.70704430341721 0
vn -0.70801246166229 0.00015625274682 0.70619994401932
vn -0.70838677883148 0.7058242559433 0.00050000834744
vn 0.0006250210572 0.69521099328995 0.71880549192429
vn -0.00015625337255 0.69564002752304 0.71839052438736
vn -0.00159378233366 0.69563913345337 0.71838963031769
vn -0.00250007701106 0.69520890712738 0.71880340576172
vn 0.70723181962967 0 0.70698171854019
vn 0.71694880723953 0.69591724872589 0.04103189706802
vn -0.70846492052078 0 0.70574605464935
vn -0.00003125067451 0.69564002752304 0.71839052438736
vn 0.7120116353035 0 0.70216768980026
vn -0.99999701976776 0.00012500354205 -0.00243756896816
vn -0.00065625715069 0.99947959184647 0.03225034847856
vn 1 0 0.00012500390585
vn -0.40826392173767 -0.40823265910149 0.81649661064148
vn -0.40760740637779 0.40913870930672 0.81637108325958
vn 0.40823784470558 -0.40823784470558 0.81650704145432
vn 0.3937628865242 0.40588825941086 0.82474571466446
vn -0.57731902599335 -0.57738149166107 0.57735025882721
vn -0.57949417829514 0.57602524757385 0.57652533054352
vn 0.57732945680618 -0.57736068964005 0.57736068964005
vn 0.58842319250107 0.55464094877243 0.58832943439484
vn -1 0 0
# 294 normals

vt 0.19923050701618 0.31029772758484 0
vt 0.12368659675121 0.30657529830933 0
vt 0.12257590144873 0.32277524471283 0
vt 0.19924029707909 0.32614886760712 0
vt 0.3987233042717 0.327103972435 0
vt 0.47684371471405 0.32731199264526 0
vt 0.4769434928894 0.31097733974457 0
vt 0.39885678887367 0.31078577041626 0
vt 0.20068590342999 0.15953552722931 0
vt 0.12364050000906 0.16073167324066 0
vt 0.12412679940462 0.17674612998962 0
vt 0.20089399814606 0.1755188703537 0
vt 0.39952519536018 0.17594397068024 0
vt 0.47700449824333 0.1752507686615 0
vt 0.47679668664932 0.15890944004059 0
vt 0.39934000372887 0.15958988666534 0
vt 0.47718879580498 0.22771489620209 0
vt 0.39949178695679 0.22808742523193 0
vt 0.39945548772812 0.25895977020264 0
vt 0.47730278968811 0.25858211517334 0
vt 0.44507390260696 0.74232023954391 0
vt 0.44507390260696 0.77178019285202 0
vt 0.60219860076904 0.77178019285202 0
vt 0.60219860076904 0.74232023954391 0
vt 0.44507390260696 0.78651034832001 0
vt 0.60219860076904 0.78651034832001 0
vt 0.44507390260696 0.83168250322342 0
vt 0.60219860076904 0.83168250322342 0
vt 0.44507390260696 0.85917854309082 0
vt 0.60219860076904 0.85917854309082 0
vt 0.44507390260696 0.90435069799423 0
vt 0.60219860076904 0.90435069799423 0
vt 0.44507390260696 0.91908061504364 0
vt 0.60219860076904 0.91908061504364 0
vt 0.44507390260696 0.94854080677032 0
vt 0.60219860076904 0.94854080677032 0
vt 0.2222443073988 0.12610793113708 0
vt 0.22261449694633 0.15938854217529 0
vt 0.37752151489258 0.15956914424896 0
vt 0.37709349393845 0.12605667114258 0
vt 0.22266049683094 0.17605042457581 0
vt 0.37763059139252 0.17634546756744 0
vt 0.22191089391708 0.22698628902435 0
vt 0.37771201133728 0.22791945934296 0
vt 0.22134970128536 0.25806415081024 0
vt 0.37752288579941 0.25919139385223 0
vt 0.22109919786453 0.30921006202698 0
vt 0.37699320912361 0.31048011779785 0
vt 0.2208064943552 0.32597172260284 0
vt 0.37679529190063 0.32719457149506 0
vt 0.22025300562382 0.35944557189941 0
vt 0.37644279003143 0.36060857772827 0
vt 0.37582120299339 0.00695693492889 0
vt 0.3750863969326 0.00547170639038 0
vt 0.2209527939558 0.00657939910889 0
vt 0.22025430202484 0.00807428359985 0
vt 0.49024149775505 0.15847301483154 0
vt 0.49174091219902 0.15927827358246 0
vt 0.49123701453209 0.1257209777832 0
vt 0.48973500728607 0.12472403049469 0
vt 0.4904777109623 0.175297498703 0
vt 0.49197518825531 0.17597413063049 0
vt 0.49173909425735 0.15927803516388 0
vt 0.49078470468521 0.22733664512634 0
vt 0.49227410554886 0.22750198841095 0
vt 0.49196869134903 0.17598736286163 0
vt 0.49088558554649 0.25873649120331 0
vt 0.49237379431725 0.25853633880615 0
vt 0.4922730922699 0.2275059223175 0
vt 0.49044901132584 0.31074154376984 0
vt 0.49194291234016 0.31002855300903 0
vt 0.49237489700317 0.25854754447937 0
vt 0.4902940094471 0.32759273052216 0
vt 0.49178919196129 0.32676339149475 0
vt 0.49194198846817 0.31004071235657 0
vt 0.48982429504395 0.36137998104095 0
vt 0.49132570624352 0.36036503314972 0
vt 0.49179229140282 0.32677173614502 0
vt 0.21869669854641 0.47755563259125 0
vt 0.21939119696617 0.47905576229095 0
vt 0.37427121400833 0.48119425773621 0
vt 0.37505701184273 0.47971618175507 0
vt 0.10919539630413 0.32147860527039 0
vt 0.10779149830341 0.32052731513977 0
vt 0.10456140339375 0.35218167304993 0
vt 0.10592740029097 0.35336065292358 0
vt 0.11031070351601 0.30588829517364 0
vt 0.10883989930153 0.30515277385712 0
vt 0.11073769629002 0.25651788711548 0
vt 0.1092507019639 0.25632846355438 0
vt 0.11081600189209 0.22645497322083 0
vt 0.10932800173759 0.22662508487701 0
vt 0.11062899976969 0.17710030078888 0
vt 0.10914769768715 0.17778658866882 0
vt 0.1102225035429 0.16080868244171 0
vt 0.10875920206308 0.16165781021118 0
vt 0.10921370238066 0.12806689739227 0
vt 0.10776100307703 0.12911999225616 0
vt 0.22042070329189 0.02119290828705 0
vt 0.37597489356995 0.02008461952209 0
vt 0.37528130412102 0.46646094322205 0
vt 0.21890810132027 0.46428966522217 0
vt 0.47750151157379 0.25878512859344 0
vt 0.47714650630951 0.31077337265015 0
vt 0.12333510071039 0.16044306755066 0
vt 0.12229040265083 0.12765431404114 0
vt 0.47657269239426 0.12492454051971 0
vt 0.4769946038723 0.15870332717896 0
vt 0.47704169154167 0.32751572132111 0
vt 0.47663050889969 0.3613029718399 0
vt 0.11905240267515 0.35489344596863 0
vt 0.1223526969552 0.32299888134003 0
vt 0.47720450162888 0.17545318603516 0
vt 0.47738888859749 0.22750997543335 0
vt 0.90282571315765 0.26095700263977 0
vt 0.90214389562607 0.25961935520172 0
vt 0.76465219259262 0.25983917713165 0
vt 0.76397579908371 0.26117968559265 0
vt 0.91308391094208 0.21193158626556 0
vt 0.91174912452698 0.21118342876434 0
vt 0.91150140762329 0.24064159393311 0
vt 0.91283649206162 0.24155843257904 0
vt 0.91318738460541 0.19709312915802 0
vt 0.91185039281845 0.19646072387695 0
vt 0.91340911388397 0.15145766735077 0
vt 0.91207009553909 0.15129053592682 0
vt 0.91340917348862 0.12363791465759 0
vt 0.91207009553909 0.12380516529083 0
vt 0.91319441795349 0.07800602912903 0
vt 0.91185730695724 0.07863831520081 0
vt 0.91309708356857 0.06316614151001 0
vt 0.9117643237114 0.06391787528992 0
vt 0.91270101070404 0.03353893756866 0
vt 0.91137117147446 0.034463763237 0
vt 0.7637482881546 0.01440060138702 0
vt 0.76443040370941 0.01573812961578 0
vt 0.90192270278931 0.01549768447876 0
vt 0.90259879827499 0.01415705680847 0
vt 0.75348907709122 0.06342601776123 0
vt 0.75482368469238 0.06417405605316 0
vt 0.75507187843323 0.03471648693085 0
vt 0.75373691320419 0.03379988670349 0
vt 0.75338530540466 0.07826399803162 0
vt 0.75472229719162 0.07889640331268 0
vt 0.75316458940506 0.12389838695526 0
vt 0.75450360774994 0.12406527996063 0
vt 0.75317150354385 0.15171658992767 0
vt 0.75451040267944 0.15154874324799 0
vt 0.75341892242432 0.19734752178192 0
vt 0.75475537776947 0.19671428203583 0
vt 0.75354069471359 0.21217560768127 0
vt 0.75487381219864 0.2114245891571 0
vt 0.75389319658279 0.24179637432098 0
vt 0.75522410869598 0.2408732175827 0
vt 0.09657651185989 0.15272891521454 0
vt 0.09657642245293 0.01524484157562 0
vt 0.00499038118869 0.01524484157562 0
vt 0.00499038118869 0.15272891521454 0
vt 0.09617859125137 0.21065318584442 0
vt 0.09617859125137 0.18119299411774 0
vt 0.00507396180183 0.18119299411774 0
vt 0.00501064909622 0.21065318584442 0
vt 0.09617859125137 0.22538304328918 0
vt 0.00497448304668 0.22538304328918 0
vt 0.09617859125137 0.27055525779724 0
vt 0.00488281296566 0.27055525779724 0
vt 0.09617859125137 0.29805135726929 0
vt 0.00488281296566 0.29805135726929 0
vt 0.09617859125137 0.34322345256805 0
vt 0.00497448304668 0.34322345256805 0
vt 0.09617859125137 0.3579535484314 0
vt 0.00501064909622 0.3579535484314 0
vt 0.09617859125137 0.3874135017395 0
vt 0.00507396180183 0.3874135017395 0
vt 0.09657642245293 0.55336171388626 0
vt 0.09657651185989 0.4158775806427 0
vt 0.00499038118869 0.4158775806427 0
vt 0.00499038118869 0.55336171388626 0
vt 0.09617859125137 0.61128568649292 0
vt 0.09617859125137 0.58182561397552 0
vt 0.00507396180183 0.58182561397552 0
vt 0.00501064909622 0.61128568649292 0
vt 0.09617859125137 0.62601572275162 0
vt 0.00497448304668 0.62601572275162 0
vt 0.09617859125137 0.67118793725967 0
vt 0.00488281296566 0.67118793725967 0
vt 0.09617859125137 0.69868403673172 0
vt 0.00488281296566 0.69868403673172 0
vt 0.09617859125137 0.74385613203049 0
vt 0.00497448304668 0.74385613203049 0
vt 0.09617859125137 0.75858610868454 0
vt 0.00501064909622 0.75858610868454 0
vt 0.09617859125137 0.78804624080658 0
vt 0.00507396180183 0.78804624080658 0
vt 0.75628447532654 0.27045238018036 0
vt 0.91054672002792 0.27020537853241 0
vt 0.92174738645554 0.25339245796204 0
vt 0.92182177305222 0.22020149230957 0
vt 0.92184388637543 0.20363008975983 0
vt 0.92186659574509 0.15295207500458 0
vt 0.92186659574509 0.12214469909668 0
vt 0.92185389995575 0.07147204875946 0
vt 0.92184448242188 0.05490517616272 0
vt 0.92179268598557 0.05484986305237 0
vt 0.9215515255928 0.02165794372559 0
vt 0.91028821468353 0.0048828125 0
vt 0.75602620840073 0.00515329837799 0
vt 0.74482607841492 0.02196621894836 0
vt 0.74475109577179 0.05515611171722 0
vt 0.74472862482071 0.07172727584839 0
vt 0.74470680952072 0.12240481376648 0
vt 0.74471467733383 0.15321397781372 0
vt 0.74476462602615 0.20389068126678 0
vt 0.7448291182518 0.22047293186188 0
vt 0.74503147602081 0.25366997718811 0
vt 0.48981580138206 0.37866723537445 0
vt 0.48983520269394 0.3768162727356 0
vt 0.47622519731522 0.37670648097992 0
vt 0.47619861364365 0.3785572052002 0
vt 0.39802178740501 0.37617754936218 0
vt 0.39794310927391 0.37802958488464 0
vt 0.49237489700317 0.37732398509979 0
vt 0.4913322031498 0.37579524517059 0
vt 0.49087709188461 0.37834417819977 0
vt 0.09623158723116 0.40736508369446 0
vt 0.09617859125137 0.40551555156708 0
vt 0.0048890421167 0.40551555156708 0
vt 0.00489090196788 0.40736508369446 0
vt 0.91272127628326 0.01539897918701 0
vt 0.91137051582336 0.01406180858612 0
vt 0.9103736281395 0.01534414291382 0
vt 0.91140407323837 0.01638948917389 0
vt 0.47642669081688 0.36150527000427 0
vt 0.39833909273148 0.36093974113464 0
vt 0.38616690039635 0.38800346851349 0
vt 0.37654060125351 0.38795566558838 0
vt 0.37550640106201 0.46624314785004 0
vt 0.38510829210281 0.46633720397949 0
vt 0.49132311344147 0.36037790775299 0
vt 0.3838250041008 0.48142957687378 0
vt 0.38488799333572 0.47995972633362 0
vt 0.49186030030251 0.37652111053467 0
vt 0.91334509849548 0.01338040828705 0
vt 0.60127389431 0.72291040420532 0
vt 0.60219860076904 0.72421818971634 0
vt 0.60140508413315 0.7225466966629 0
vt 0.20734870433807 0.47751557826996 0
vt 0.20914989709854 0.47723126411438 0
vt 0.20904199779034 0.463996052742 0
vt 0.20719060301781 0.46400499343872 0
vt 0.20998440682888 0.3863183259964 0
vt 0.20813199877739 0.38624632358551 0
vt 0.20800389349461 0.479336977005 0
vt 0.20990340411663 0.47873508930206 0
vt 0.09617859125137 0.56372374296188 0
vt 0.09623158723116 0.5618742108345 0
vt 0.00489090196788 0.5618742108345 0
vt 0.0048890421167 0.56372374296188 0
vt 0.75497317314148 0.01432919502258 0
vt 0.7536278963089 0.01566898822784 0
vt 0.75493288040161 0.01664340496063 0
vt 0.75598907470703 0.01564180850983 0
vt 0.21868149936199 0.46406447887421 0
vt 0.21963049471378 0.38657116889954 0
vt 0.11750119924545 0.37017166614532 0
vt 0.19784639775753 0.37487733364105 0
vt 0.19880020618439 0.35975873470306 0
vt 0.11925580352545 0.35512268543243 0
vt 0.10251600295305 0.36723268032074 0
vt 0.10385879874229 0.36845147609711 0
vt 0.20893439650536 0.47907078266144 0
vt 0.75299471616745 0.01365411281586 0
vt 0.44586730003357 0.72254663705826 0
vt 0.44507390260696 0.72421818971634 0
vt 0.44599860906601 0.72291040420532 0
vt 0.21070440113544 0.00843679904938 0
vt 0.20892170071602 0.00812768936157 0
vt 0.2086993008852 0.02162969112396 0
vt 0.21055339276791 0.02163791656494 0
vt 0.21001690626144 0.09931421279907 0
vt 0.21186700463295 0.0992431640625 0
vt 0.2114156037569 0.00690460205078 0
vt 0.20957480370998 0.00636804103851 0
vt 0.09623158723116 0.00673234462738 0
vt 0.09617859125137 0.0048828125 0
vt 0.0048890421167 0.0048828125 0
vt 0.00489090196788 0.00673234462738 0
vt 0.75385612249374 0.2599356174469 0
vt 0.75520539283752 0.26127290725708 0
vt 0.75620269775391 0.25999104976654 0
vt 0.75517421960831 0.25894618034363 0
vt 0.22147889435291 0.09905099868774 0
vt 0.22004459798336 0.02157270908356 0
vt 0.20016990602016 0.11077773571014 0
vt 0.12196160107851 0.11232006549835 0
vt 0.12257850170135 0.12735164165497 0
vt 0.20060290396214 0.12586915493011 0
vt 0.10840749740601 0.11279249191284 0
vt 0.10696449875832 0.11387574672699 0
vt 0.09617859125137 0.80614817142487 0
vt 0.0048890421167 0.80614817142487 0
vt 0.2104759067297 0.00660240650177 0
vt 0.75323051214218 0.26195359230042 0
vt 0.44599860906601 0.96795058250427 0
vt 0.44507390260696 0.96664279699326 0
vt 0.44586730003357 0.96831429004669 0
vt 0.38716340065002 0.00668621063232 0
vt 0.38537108898163 0.00702214241028 0
vt 0.38585519790649 0.02027332782745 0
vt 0.38770550489426 0.02021288871765 0
vt 0.38665211200714 0.09871602058411 0
vt 0.38850548863411 0.09873580932617 0
vt 0.38645499944687 0.0048828125 0
vt 0.38457408547401 0.00553846359253 0
vt 0.09617859125137 0.16309106349945 0
vt 0.09623158723116 0.16124141216278 0
vt 0.00489090196788 0.16124141216278 0
vt 0.0048890421167 0.16309106349945 0
vt 0.91160047054291 0.26102924346924 0
vt 0.91294568777084 0.25968968868256 0
vt 0.91164070367813 0.25871515274048 0
vt 0.91058468818665 0.25971662998199 0
vt 0.37636259198189 0.02046036720276 0
vt 0.37707179784775 0.09876179695129 0
vt 0.49115109443665 0.11030626296997 0
vt 0.48965030908585 0.10929572582245 0
vt 0.38553288578987 0.00517547130585 0
vt 0.91357880830765 0.26170456409454 0
vt 0.60140508413315 0.96831429004669 0
vt 0.60219860076904 0.96664279699326 0
vt 0.60127389431 0.96795058250427 0
vt 0.21216170489788 0.15929198265076 0
vt 0.21105609834194 0.15928244590759 0
vt 0.21116560697556 0.17591142654419 0
vt 0.2122631072998 0.17592597007751 0
vt 0.21039910614491 0.22674858570099 0
vt 0.21150170266628 0.22677671909332 0
vt 0.2097139954567 0.25787937641144 0
vt 0.21083250641823 0.25789642333984 0
vt 0.38903450965881 0.15947306156158 0
vt 0.38793280720711 0.15948295593262 0
vt 0.38806641101837 0.17626297473907 0
vt 0.38917198777199 0.17625260353088 0
vt 0.38808879256248 0.22790288925171 0
vt 0.38918951153755 0.22790098190308 0
vt 0.38795891404152 0.25918078422546 0
vt 0.38906759023666 0.25917911529541 0
vt 0.2096135020256 0.30876994132996 0
vt 0.21071660518646 0.30881178379059 0
vt 0.20946039259434 0.32591497898102 0
vt 0.21054889261723 0.32591998577118 0
vt 0.20885029435158 0.35950434207916 0
vt 0.2099484950304 0.35949993133545 0
vt 0.38740101456642 0.31052827835083 0
vt 0.388507604599 0.31053400039673 0
vt 0.3872230052948 0.32723832130432 0
vt 0.38833299279213 0.32724511623383 0
vt 0.38683679699898 0.36061763763428 0
vt 0.38794618844986 0.36061787605286 0
vt 0.21155939996243 0.11104953289032 0
vt 0.21043269336224 0.11071908473969 0
vt 0.21066950261593 0.12609553337097 0
vt 0.21177239716053 0.12609231472015 0
vt 0.38825380802155 0.1104052066803 0
vt 0.3871639072895 0.11074233055115 0
vt 0.38751810789108 0.12586832046509 0
vt 0.38861981034279 0.12584757804871 0
vt 0.38677281141281 0.37556147575378 0
vt 0.38786360621452 0.37572908401489 0
vt 0.20843850076199 0.37490808963776 0
vt 0.20959790050983 0.37457895278931 0
vt 0.38645040988922 0.37678754329681 0
vt 0.38750419020653 0.37748837471008 0
vt 0.21036399900913 0.37648117542267 0
vt 0.21050520241261 0.37540853023529 0
vt 0.20928229391575 0.37508857250214 0
vt 0.20859849452972 0.37614047527313 0
vt 0.38624140620232 0.37755918502808 0
vt 0.3859238922596 0.37643778324127 0
vt 0.37640890479088 0.37652468681335 0
vt 0.37640118598938 0.37763035297394 0
vt 0.22005160152912 0.37534821033478 0
vt 0.22004759311676 0.37645328044891 0
vt 0.22208949923515 0.10913419723511 0
vt 0.22209529578686 0.11023938655853 0
vt 0.37678369879723 0.11011683940887 0
vt 0.37675780057907 0.10900950431824 0
vt 0.3862968981266 0.10989964008331 0
vt 0.38643059134483 0.10879492759705 0
vt 0.38754320144653 0.11013221740723 0
vt 0.38820749521255 0.10908043384552 0
vt 0.2122427970171 0.1091628074646 0
vt 0.21241499483585 0.11021375656128 0
vt 0.21045050024986 0.10949444770813 0
vt 0.21116510033607 0.11054456233978 0
vt 0.39865881204605 0.31058287620544 0
vt 0.39924919605255 0.25916504859924 0
vt 0.20089229941368 0.12617182731628 0
vt 0.20098419487476 0.15925598144531 0
vt 0.3981369137764 0.36073756217957 0
vt 0.39851859211922 0.32730579376221 0
vt 0.19946999847889 0.32634782791138 0
vt 0.1990237981081 0.35953104496002 0
vt 0.39929428696632 0.22788548469543 0
vt 0.39932459592819 0.17615139484406 0
vt 0.21986199915409 0.38635861873627 0
vt 0.37632170319557 0.387735247612 0
vt 0.3766882121563 0.09912776947021 0
vt 0.22187149524689 0.09940123558044 0
vt 0.46848958730698 0.58299404382706 0
vt 0.46799141168594 0.58659589290619 0
vt 0.54464572668076 0.58844661712646 0
vt 0.54503357410431 0.58480721712112 0
vt 0.54539728164673 0.58436512947083 0
vt 0.54898339509964 0.58491730690002 0
vt 0.54898291826248 0.42699897289276 0
vt 0.54544299840927 0.42789149284363 0
vt 0.54508411884308 0.42752182483673 0
vt 0.54502171278 0.42388188838959 0
vt 0.46629410982132 0.42523038387299 0
vt 0.46730381250381 0.42877340316772 0
vt 0.46693280339241 0.42912077903748 0
vt 0.46328440308571 0.42933094501495 0
vt 0.46461451053619 0.58320313692093 0
vt 0.46819978952408 0.58262288570404 0
vt 0.46755769848824 0.5871040225029 0
vt 0.54495799541473 0.58897709846497 0
vt 0.54876559972763 0.58541423082352 0
vt 0.54950660467148 0.42659902572632 0
vt 0.54950660467148 0.58525323867798 0
vt 0.54872131347656 0.42652070522308 0
vt 0.46589028835297 0.42471289634705 0
vt 0.54539132118225 0.42335081100464 0
vt 0.46274888515472 0.42898738384247 0
vt 0.46409320831299 0.58355283737183 0
vt 0.46484678983688 0.58369499444962 0
vt 0.46581000089645 0.42547166347504 0
vt 0.54930520057678 0.58571249246597 0
vt 0.54923009872437 0.42617583274841 0
vt 0.46432781219482 0.58399480581284 0
vt 0.46545541286469 0.42496132850647 0
vt 0.10279949754477 0.00905323028564 0
vt 0.10251600295305 0.00885367393494 0
vt 0.10251600295305 0.0866425037384 0
vt 0.10279910266399 0.08644235134125 0
vt 0.10668840259314 0.08672535419464 0
vt 0.1064096018672 0.08671259880066 0
vt 0.10640519857407 0.09030842781067 0
vt 0.10668779909611 0.09033048152924 0
vt 0.1576837003231 0.09059083461761 0
vt 0.15748429298401 0.09030723571777 0
vt 0.10648869723082 0.09061431884766 0
vt 0.15774309635162 0.08644688129425 0
vt 0.15746429562569 0.08670496940613 0
vt 0.15777009725571 0.09028208255768 0
vt 0.90462321043015 0.20340740680695 0
vt 0.90490627288818 0.20320725440979 0
vt 0.90490627288818 0.12581467628479 0
vt 0.90462321043015 0.12561440467834 0
vt 0.1574697047472 0.00516712665558 0
vt 0.15766979753971 0.0048840045929 0
vt 0.10648749768734 0.0048828125 0
vt 0.10668759793043 0.00516593456268 0
vt 0.10640449821949 0.00905478000641 0
vt 0.10641759634018 0.00877594947815 0
vt 0.10282009840012 0.00876879692078 0
vt 0.15773989260197 0.00877690315247 0
vt 0.15775260329247 0.0090559720993 0
vt 0.16135759651661 0.00905585289001 0
vt 0.16135750710964 0.00877225399017 0
vt 0.44924059510231 0.00516641139984 0
vt 0.44943991303444 0.0048828125 0
vt 0.39826190471649 0.00488340854645 0
vt 0.39846208691597 0.00516653060913 0
vt 0.39818349480629 0.00878381729126 0
vt 0.39846280217171 0.00877141952515 0
vt 0.39817878603935 0.00516712665558 0
vt 0.79773169755936 0.14349567890167 0
vt 0.79801481962204 0.14329528808594 0
vt 0.79801481962204 0.06591534614563 0
vt 0.79773169755936 0.06571507453918 0
vt 0.39846280217171 0.08671808242798 0
vt 0.39818349480629 0.08670568466187 0
vt 0.39817878603935 0.09032237529755 0
vt 0.39846208691597 0.0903228521347 0
vt 0.44943991303444 0.09060668945312 0
vt 0.44924059510231 0.09032309055328 0
vt 0.3982617855072 0.09060597419739 0
vt 0.74499028921127 0.28084826469421 0
vt 0.74470680952072 0.28064858913422 0
vt 0.74470680952072 0.35875105857849 0
vt 0.74498891830444 0.35854434967041 0
vt 0.78205621242523 0.36240017414093 0
vt 0.78185659646988 0.36211717128754 0
vt 0.7486799955368 0.36212635040283 0
vt 0.74847912788391 0.36241292953491 0
vt 0.78213888406754 0.3582284450531 0
vt 0.7821261882782 0.35850751399994 0
vt 0.78574347496033 0.35851323604584 0
vt 0.78574407100677 0.35822939872742 0
vt 0.19930750131607 0.08289670944214 0
vt 0.19959059357643 0.08269655704498 0
vt 0.19959039986134 0.00531363487244 0
vt 0.19930750131607 0.00511384010315 0
vt 0.78185427188873 0.2769603729248 0
vt 0.78205448389053 0.27667737007141 0
vt 0.74867790937424 0.27667808532715 0
vt 0.74887800216675 0.27696120738983 0
vt 0.74859517812729 0.28084981441498 0
vt 0.7486081123352 0.28057098388672 0
vt 0.74501240253448 0.28056561946869 0
vt 0.78185439109802 0.28056538105011 0
vt 0.78213751316071 0.28056538105011 0
vt 0.78213739395142 0.2769603729248 0
vt 0.80863398313522 0.14220190048218 0
vt 0.80843508243561 0.14248585700989 0
vt 0.84181261062622 0.14248549938202 0
vt 0.84161239862442 0.14220249652863 0
vt 0.8418955206871 0.13831377029419 0
vt 0.84188270568848 0.13859248161316 0
vt 0.84547817707062 0.13859808444977 0
vt 0.84550052881241 0.13831532001495 0
vt 0.84578448534012 0.0607328414917 0
vt 0.84550100564957 0.06093239784241 0
vt 0.84578388929367 0.13851487636566 0
vt 0.80474847555161 0.06091034412384 0
vt 0.80446511507034 0.06070947647095 0
vt 0.80446511507034 0.1385143995285 0
vt 0.80474811792374 0.13831424713135 0
vt 0.80863749980927 0.13859701156616 0
vt 0.8083587884903 0.13858389854431 0
vt 0.808349609375 0.14218127727509 0
vt 0.84188330173492 0.06065547466278 0
vt 0.84189599752426 0.06093394756317 0
vt 0.84547871351242 0.0606495141983 0
vt 0.80843639373779 0.05676007270813 0
vt 0.80863612890244 0.0570433139801 0
vt 0.84161329269409 0.05704522132874 0
vt 0.84181332588196 0.05676209926605 0
vt 0.80835342407227 0.0609325170517 0
vt 0.80836701393127 0.06065452098846 0
vt 0.80477070808411 0.0606278181076 0
vt 0.15746119618416 0.08643352985382 0
vt 0.10668739676476 0.08644235134125 0
vt 0.10668750107288 0.00905418395996 0
vt 0.10640440136194 0.08644235134125 0
vt 0.15746960043907 0.00905537605286 0
vt 0.15746960043907 0.00877225399017 0
vt 0.10668750107288 0.00877106189728 0
vt 0.44923821091652 0.08671808242798 0
vt 0.4492389857769 0.08643531799316 0
vt 0.398461997509 0.08643531799316 0
vt 0.398461997509 0.00905418395996 0
vt 0.39817890524864 0.00905418395996 0
vt 0.39817890524864 0.08643531799316 0
vt 0.4492389857769 0.00905418395996 0
vt 0.44923821091652 0.00877141952515 0
vt 0.78185439109802 0.28084850311279 0
vt 0.74887812137604 0.28056609630585 0
vt 0.74887812137604 0.28084921836853 0
vt 0.7485967874527 0.35843598842621 0
vt 0.74887669086456 0.35823261737823 0
vt 0.78185600042343 0.35851228237152 0
vt 0.78185600042343 0.35822916030884 0
vt 0.74867957830429 0.35851681232452 0
vt 0.78213751316071 0.2808483839035 0
vt 0.80863618850708 0.13831424713135 0
vt 0.84161257743835 0.13859748840332 0
vt 0.84161257743835 0.13831436634064 0
vt 0.84161299467087 0.06093335151672 0
vt 0.80863589048386 0.0606495141983 0
vt 0.80863589048386 0.0609325170517 0
vt 0.84161299467087 0.06065034866333 0
vt 0.80835312604904 0.13831424713135 0
vt 0.98991459608078 0.10160028934479 0
vt 0.9896314740181 0.10140001773834 0
vt 0.9896314740181 0.17918038368225 0
vt 0.98991459608078 0.17898011207581 0
vt 0.44951701164246 0.00878429412842 0
vt 0.44952329993248 0.00518870353699 0
vt 0.44952210783958 0.08643531799316 0
vt 0.44952210783958 0.00905418395996 0
vt 0.44952350854874 0.09030067920685 0
vt 0.44951671361923 0.08670544624329 0
vt 0.47637051343918 0.12472367286682 0
vt 0.47608551383018 0.10952520370483 0
vt 0.39846470952034 0.11026418209076 0
vt 0.39861041307449 0.12546682357788 0
vt 0.39914029836655 0.15938723087311 0
vt 0.16134829819202 0.08644723892212 0
vt 0.39457389712334 0.00905418395996 0
vt 0.39457389712334 0.08643531799316 0
vt 0.78574240207672 0.2808483839035 0
vt 0.45312708616257 0.08643531799316 0
vt 0.45312708616257 0.00905418395996 0
vt 0.10625410079956 0.09054684638977 0
vt 0.15791930258274 0.09052348136902 0
vt 0.10258430242538 0.00863981246948 0
vt 0.1617044955492 0.00905537605286 0
vt 0.16170409321785 0.00877213478088 0
vt 0.79817819595337 0.06568419933319 0
vt 0.79789507389069 0.06548404693604 0
vt 0.79817819595337 0.14352655410767 0
vt 0.79789507389069 0.14372658729553 0
vt 0.19975399971008 0.00508248806 0
vt 0.19947110116482 0.0048828125 0
vt 0.7447744011879 0.28041434288025 0
vt 0.19975399971008 0.08292770385742 0
vt 0.19947090744972 0.08312785625458 0
vt 0.84571617841721 0.13874924182892 0
vt 0.80822098255157 0.14241766929626 0
vt 0.84571689367294 0.06049847602844 0
vt 0.8045334815979 0.06047546863556 0
vt 0.45962738990784 0.00516593456268 0
vt 0.45962738990784 0.0048828125 0
vt 0.45938220620155 0.00502443313599 0
vt 0.44967430830002 0.00495040416718 0
vt 0.44967439770699 0.09053921699524 0
vt 0.1307158023119 0.18733179569244 0
vt 0.13029100000858 0.18701326847076 0
vt 0.13029100000858 0.26504707336426 0
vt 0.13071419298649 0.2647477388382 0
vt 0.13454720377922 0.26517021656036 0
vt 0.13413429260254 0.26514041423798 0
vt 0.13411720097065 0.26852822303772 0
vt 0.13453930616379 0.26857697963715 0
vt 0.1676217019558 0.26900207996368 0
vt 0.16732239723206 0.26857888698578 0
vt 0.13424290716648 0.2690018415451 0
vt 0.16774569451809 0.26474750041962 0
vt 0.16771750152111 0.26516127586365 0
vt 0.1711511015892 0.26517403125763 0
vt 0.17115239799023 0.2647488117218 0
vt 0.17157909274101 0.18726468086243 0
vt 0.17115519940853 0.18756258487701 0
vt 0.17157560586929 0.26504814624786 0
vt 0.16732889413834 0.18373346328735 0
vt 0.16762529313564 0.18331134319305 0
vt 0.13424460589886 0.18327760696411 0
vt 0.13453669846058 0.18370127677917 0
vt 0.1341215968132 0.18754541873932 0
vt 0.1341391056776 0.18713212013245 0
vt 0.13076089322567 0.18691611289978 0
vt 0.16771949827671 0.18715405464172 0
vt 0.16774819791317 0.18756592273712 0
vt 0.1711069047451 0.18713891506195 0
vt 0.13454429805279 0.26474785804749 0
vt 0.16732290387154 0.26517200469971 0
vt 0.16732290387154 0.26474869251251 0
vt 0.16732530295849 0.18756461143494 0
vt 0.13453489542007 0.18713366985321 0
vt 0.13453820347786 0.1875559091568 0
vt 0.16732530295849 0.18714153766632 0
vt 0.13412110507488 0.26474785804749 0
vt 0.13389019668102 0.26889276504517 0
vt 0.17090809345245 0.26509428024292 0
vt 0.17133119702339 0.26539373397827 0
vt 0.13041350245476 0.18666982650757 0
vt 0.17146940529346 0.18691253662109 0
vt 0.20054610073566 0.17594361305237 0
vt 0.12465149909258 0.17709970474243 0
vt 0.39057371020317 0.87784051895142 0
vt 0.39015719294548 0.87786829471588 0
vt 0.3901584148407 0.88127261400223 0
vt 0.39058381319046 0.8812707066536 0
vt 0.39441260695457 0.82656693458557 0
vt 0.39398780465126 0.82656693458557 0
vt 0.39398780465126 0.87744379043579 0
vt 0.39441260695457 0.87774419784546 0
vt 0.39441260695457 0.79541552066803 0
vt 0.39398780465126 0.79541552066803 0
vt 0.30914890766144 0.82656693458557 0
vt 0.30872410535812 0.82656693458557 0
vt 0.30872410535812 0.87774419784546 0
vt 0.30914890766144 0.87744379043579 0
vt 0.3129794895649 0.87786817550659 0
vt 0.31256419420242 0.87783968448639 0
vt 0.31255149841309 0.88127130270004 0
vt 0.31297820806503 0.88127261400223 0
vt 0.30914890766144 0.79541552066803 0
vt 0.30872410535812 0.79541552066803 0
vt 0.39441260695457 0.74423813819885 0
vt 0.39398780465126 0.74453848600388 0
vt 0.39015719294548 0.74411410093308 0
vt 0.39057248830795 0.74414253234863 0
vt 0.39058530330658 0.74071103334427 0
vt 0.3901584148407 0.74070972204208 0
vt 0.19877809286118 0.30989158153534 0
vt 0.12411750108004 0.30618977546692 0
vt 0.31256300210953 0.7441418170929 0
vt 0.3129794895649 0.74411410093308 0
vt 0.31297820806503 0.74070960283279 0
vt 0.31255289912224 0.74071151018143 0
vt 0.30914890766144 0.74453842639923 0
vt 0.30872410535812 0.74423801898956 0
vt 0.3901584148407 0.79541552066803 0
vt 0.39058330655098 0.79541552066803 0
vt 0.39058330655098 0.74453848600388 0
vt 0.3901584148407 0.74453848600388 0
vt 0.31297820806503 0.74453848600388 0
vt 0.31255349516869 0.79541552066803 0
vt 0.31297820806503 0.79541552066803 0
vt 0.31255349516869 0.74453848600388 0
vt 0.31297820806503 0.8774436712265 0
vt 0.3901584148407 0.87744379043579 0
vt 0.39058330655098 0.82656693458557 0
vt 0.3901584148407 0.82656693458557 0
vt 0.39058330655098 0.87744379043579 0
vt 0.31297820806503 0.82656693458557 0
vt 0.31255349516869 0.82656693458557 0
vt 0.31255349516869 0.8774436712265 0
vt 0.12342590093613 0.30626904964447 0
vt 0.1240084990859 0.2567378282547 0
vt 0.1238367035985 0.17703175544739 0
vt 0.12409850209951 0.22659420967102 0
vt 0.1997241973877 0.25747108459473 0
vt 0.19952470064163 0.30995607376099 0
vt 0.20118360221386 0.17586290836334 0
vt 0.20037350058556 0.22648906707764 0
vt 0.12411499768496 0.17727494239807 0
vt 0.12451670318842 0.17736029624939 0
vt 0.2008022069931 0.17621719837189 0
vt 0.12377739697695 0.30590558052063 0
vt 0.12358269840479 0.30623948574066 0
vt 0.19887110590935 0.3096604347229 0
vt 0.8286526799202 0.27691686153412 0
vt 0.8288745880127 0.27660071849823 0
vt 0.79549700021744 0.27662527561188 0
vt 0.79571557044983 0.27693593502045 0
vt 0.79540640115738 0.28081321716309 0
vt 0.7954216003418 0.28050720691681 0
vt 0.79184120893478 0.28049969673157 0
vt 0.79184007644653 0.28081178665161 0
vt 0.12277700006962 0.32309567928314 0
vt 0.19898299872875 0.3264467716217 0
vt 0.83253240585327 0.35815465450287 0
vt 0.83284378051758 0.35837376117706 0
vt 0.83284378051758 0.28035628795624 0
vt 0.83253240585327 0.28058874607086 0
vt 0.82894158363342 0.28049921989441 0
vt 0.82896691560745 0.28079998493195 0
vt 0.83249962329864 0.28027927875519 0
vt 0.79572051763535 0.35846471786499 0
vt 0.79541409015656 0.35844993591309 0
vt 0.79540777206421 0.36202943325043 0
vt 0.79571890830994 0.36203026771545 0
vt 0.82887589931488 0.36234104633331 0
vt 0.82865607738495 0.36203014850616 0
vt 0.79549902677536 0.3623411655426 0
vt 0.82896691560745 0.35815274715424 0
vt 0.82895117998123 0.35845828056335 0
vt 0.8325058221817 0.35846495628357 0
vt 0.79571712017059 0.2805016040802 0
vt 0.79571712017059 0.28081250190735 0
vt 0.82866042852402 0.28080558776855 0
vt 0.82866042852402 0.28049468994141 0
vt 0.82865607738495 0.35815358161926 0
vt 0.79571890830994 0.35815441608429 0
vt 0.82865607738495 0.35846447944641 0
vt 0.79540801048279 0.35815441608429 0
vt 0.79184240102768 0.35815441608429 0
vt 0.19918389618397 0.32664823532104 0
vt 0.83276069164276 0.28010320663452 0
vt 0.12249439954758 0.32292211055756 0
vt 0.12242809683084 0.32307529449463 0
vt 0.832768201828 0.35863137245178 0
vt 0.68189251422882 0.4228001832962 0
vt 0.6815819144249 0.4225959777832 0
vt 0.6815819144249 0.57927411794662 0
vt 0.68189257383347 0.5790668129921 0
vt 0.68553471565247 0.57889229059219 0
vt 0.68544018268585 0.57860159873962 0
vt 0.6819993853569 0.5793651342392 0
vt 0.76331049203873 0.58266234397888 0
vt 0.76308840513229 0.5823518037796 0
vt 0.68575912714005 0.58249640464783 0
vt 0.68554002046585 0.58280783891678 0
vt 0.76336860656738 0.57845669984818 0
vt 0.76327520608902 0.57874739170074 0
vt 0.76679319143295 0.57918292284012 0
vt 0.76689952611923 0.57888329029083 0
vt 0.7673978805542 0.42301869392395 0
vt 0.76708680391312 0.42323076725006 0
vt 0.7672101855278 0.5790873169899 0
vt 0.76382780075073 0.41941606998444 0
vt 0.76404672861099 0.41910529136658 0
vt 0.68550580739975 0.41903507709503 0
vt 0.68572437763214 0.41934609413147 0
vt 0.68541949987412 0.42326307296753 0
vt 0.68551528453827 0.42297291755676 0
vt 0.68200272321701 0.42250382900238 0
vt 0.76316922903061 0.42293453216553 0
vt 0.76345217227936 0.42303371429443 0
vt 0.76411962509155 0.41951954364777 0
vt 0.68572992086411 0.42324650287628 0
vt 0.68575060367584 0.57861751317978 0
vt 0.76306027173996 0.57878440618515 0
vt 0.76305890083313 0.5784747004509 0
vt 0.68575131893158 0.57892853021622 0
vt 0.76348978281021 0.42323851585388 0
vt 0.76317811012268 0.42323923110962 0
vt 0.6857293844223 0.42293393611908 0
vt 0.68170171976089 0.57953584194183 0
vt 0.76709312200546 0.57935029268265 0
vt 0.68169772624969 0.42232394218445 0
vt 0.7643107175827 0.41922497749329 0
vt 0.74610108137131 0.26963531970978 0
vt 0.74675530195236 0.27031743526459 0
vt 0.92073607444763 0.26936018466949 0
vt 0.9213879108429 0.26875269412994 0
vt 0.9204695224762 0.005695104599 0
vt 0.91981548070908 0.00501370429993 0
vt 0.74518537521362 0.00660634040833 0
vt 0.7458370923996 0.00599908828735 0
vt 0.92112219333649 0.00629878044128 0
vt 0.74648988246918 0.00531399250031 0
vt 0.74544829130173 0.26903080940247 0
vt 0.92008322477341 0.27004528045654 0
# 818 texture coordinates

o Bottom
usemtl default
f 446/4/1 454/3/1 417/2/1 419/1/1
f 284/8/2 286/7/2 306/6/2 312/5/2
f 408/12/1 402/11/1 381/10/1 387/9/1
f 294/16/2 300/15/2 276/14/2 266/13/2
f 373/20/2 361/19/2 272/18/2 278/17/2
f 10/24/3 9/23/3 14/22/3 13/21/3
f 9/23/3 8/26/3 15/25/3 14/22/3
f 8/26/3 7/28/3 16/27/3 15/25/3
f 7/28/3 6/30/3 17/29/3 16/27/3
f 6/30/3 5/32/3 18/31/3 17/29/3
f 5/32/3 4/34/3 19/33/3 18/31/3
f 4/34/3 3/36/3 20/35/3 19/33/3
f 29/40/4 30/39/4 22/38/4 21/37/4
f 30/39/4 31/42/4 23/41/4 22/38/4
f 31/42/4 32/44/4 24/43/4 23/41/4
f 32/44/4 33/46/4 25/45/4 24/43/4
f 33/46/4 34/48/4 26/47/4 25/45/4
f 34/48/4 35/50/4 27/49/4 26/47/4
f 35/50/4 36/52/4 28/51/4 27/49/4
f 37/56/8 38/55/7 40/54/6 39/53/5
f 41/60/12 42/59/11 44/58/10 43/57/9
f 43/57/9 44/63/10 46/62/14 45/61/13
f 45/61/13 46/66/14 48/65/16 47/64/15
f 47/64/15 48/69/16 50/68/18 49/67/17
f 49/67/17 50/72/18 52/71/20 51/70/19
f 51/70/19 52/75/20 54/74/22 53/73/21
f 53/73/21 54/78/22 56/77/24 55/76/23
f 57/82/28 58/81/27 60/80/26 59/79/25
f 61/86/32 62/85/31 64/84/30 63/83/29
f 63/83/29 64/84/30 66/88/34 65/87/33
f 65/87/33 66/88/34 68/90/36 67/89/35
f 67/89/35 68/90/36 70/92/38 69/91/37
f 69/91/37 70/92/38 72/94/40 71/93/39
f 71/93/39 72/94/40 74/96/42 73/95/41
f 73/95/41 74/96/42 76/98/44 75/97/43
f 37/56/45 39/53/45 244/100/45 246/99/45
f 485/102/46 475/101/46 57/82/46 59/79/46
f 285/104/2 370/103/2 49/67/2 51/70/2
f 377/106/1 378/105/1 73/95/1 75/97/1
f 299/108/2 296/107/2 41/60/2 43/57/2
f 310/110/2 303/109/2 53/73/2 55/76/2
f 457/112/1 459/111/1 61/86/1 63/83/1
f 277/114/2 273/113/2 45/61/2 47/64/2
f 78/118/50 77/117/49 79/116/48 80/115/47
f 82/122/54 81/121/53 83/120/52 84/119/51
f 84/119/51 83/120/52 85/124/56 86/123/55
f 86/123/55 85/124/56 87/126/58 88/125/57
f 88/125/57 87/126/58 89/128/60 90/127/59
f 90/127/59 89/128/60 91/130/62 92/129/61
f 92/129/61 91/130/62 93/132/64 94/131/63
f 94/131/63 93/132/64 95/134/66 96/133/65
f 98/138/70 97/137/69 99/136/68 100/135/67
f 102/142/74 101/141/73 103/140/72 104/139/71
f 104/139/71 103/140/72 105/144/76 106/143/75
f 106/143/75 105/144/76 107/146/78 108/145/77
f 108/145/77 107/146/78 109/148/80 110/147/79
f 110/147/79 109/148/80 111/150/82 112/149/81
f 112/149/81 111/150/82 113/152/84 114/151/83
f 114/151/83 113/152/84 115/154/86 116/153/85
f 79/158/46 77/157/46 1/156/46 2/155/46
f 83/162/1 81/161/1 3/160/1 4/159/1
f 85/164/1 83/162/1 4/159/1 5/163/1
f 87/166/1 85/164/1 5/163/1 6/165/1
f 89/168/1 87/166/1 6/165/1 7/167/1
f 91/170/1 89/168/1 7/167/1 8/169/1
f 93/172/1 91/170/1 8/169/1 9/171/1
f 95/174/1 93/172/1 9/171/1 10/173/1
f 99/178/45 97/177/45 11/176/45 12/175/45
f 103/182/2 101/181/2 13/180/2 14/179/2
f 105/184/2 103/182/2 14/179/2 15/183/2
f 107/186/2 105/184/2 15/183/2 16/185/2
f 109/188/2 107/186/2 16/185/2 17/187/2
f 111/190/2 109/188/2 17/187/2 18/189/2
f 113/192/2 111/190/2 18/189/2 19/191/2
f 115/194/2 113/192/2 19/191/2 20/193/2
f 40/196/87 38/195/87 78/118/87 80/115/87
f 44/198/3 42/197/3 82/122/3 84/119/3
f 46/199/3 44/198/3 84/119/3 86/123/3
f 48/200/3 46/199/3 86/123/3 88/125/3
f 50/201/3 48/200/3 88/125/3 90/127/3
f 52/202/3 50/201/3 90/127/3 92/129/3
f 54/203/3 52/202/3 92/129/3 94/131/3
f 56/205/3 54/204/3 94/131/3 96/133/3
f 60/207/87 58/206/87 98/138/87 100/135/87
f 64/209/3 62/208/3 102/142/3 104/139/3
f 66/210/3 64/209/3 104/139/3 106/143/3
f 68/211/3 66/210/3 106/143/3 108/145/3
f 70/212/3 68/211/3 108/145/3 110/147/3
f 72/213/3 70/212/3 110/147/3 112/149/3
f 74/214/3 72/213/3 112/149/3 114/151/3
f 76/215/3 74/214/3 114/151/3 116/153/3
f 117/219/88 118/218/88 121/217/88 122/216/88
f 118/218/88 117/219/88 120/221/88 119/220/88
f 122/224/89 121/217/89 125/223/89 124/222/89
f 126/228/90 127/227/90 132/226/90 131/225/90
f 127/232/91 126/231/91 130/230/91 129/229/91
f 118/218/2 119/220/2 318/234/2 307/233/2
f 117/238/46 474/237/46 479/236/46 120/235/46
f 55/76/23 56/239/24 125/223/92 121/217/92
f 122/241/93 124/240/93 58/81/27 57/82/28
f 96/133/65 95/134/66 127/232/94 129/229/94
f 130/230/95 126/231/95 97/137/69 98/138/70
f 127/227/1 95/174/1 10/173/1 132/226/1
f 97/177/45 126/228/96 131/225/96 11/176/45
f 123/242/3 124/222/87 125/223/87
f 128/243/3 129/229/87 130/230/87
f 131/246/97 132/245/97 133/244/97
f 134/250/98 135/249/98 138/248/98 139/247/98
f 135/249/98 134/250/98 136/252/98 137/251/98
f 139/247/99 138/248/99 142/254/99 141/253/99
f 143/258/100 144/257/100 150/256/100 149/255/100
f 144/262/101 143/261/101 147/260/101 146/259/101
f 489/264/102 482/263/102 135/249/102 137/251/102
f 458/268/1 451/267/1 136/266/1 134/265/1
f 59/79/25 60/80/26 142/254/103 138/248/103
f 139/270/104 141/269/104 62/85/31 61/86/32
f 100/135/67 99/136/68 144/262/105 146/259/105
f 147/260/106 143/261/106 101/141/73 102/142/74
f 144/257/45 99/178/45 12/175/45 150/256/45
f 101/181/2 143/258/2 149/255/2 13/180/2
f 140/271/3 141/253/87 142/254/3
f 145/272/3 146/259/3 147/260/87
f 148/275/107 149/274/107 150/273/107
f 151/279/90 152/278/90 155/277/90 156/276/90
f 152/278/90 151/279/90 153/281/90 154/280/90
f 156/276/108 155/277/108 159/283/108 158/282/108
f 160/287/88 161/286/88 166/285/88 165/284/88
f 161/291/109 160/290/109 164/289/109 163/288/109
f 245/293/45 254/292/45 153/281/45 151/279/45
f 385/297/1 374/296/1 152/295/1 154/294/1
f 156/276/110 158/282/110 38/55/7 37/56/8
f 159/299/111 155/298/111 75/97/43 76/98/44
f 161/291/112 163/288/112 116/153/85 115/154/86
f 164/289/113 160/290/113 77/117/49 78/118/50
f 77/157/46 160/287/46 165/284/46 1/156/46
f 161/301/2 115/194/2 20/193/2 166/300/2
f 157/302/3 158/282/3 159/283/87
f 162/303/3 163/288/87 164/289/3
f 165/306/114 166/305/114 167/304/114
f 168/310/100 169/309/100 172/308/100 173/307/100
f 169/309/100 168/310/100 170/312/100 171/311/100
f 173/307/115 172/308/115 176/314/115 175/313/115
f 177/318/98 178/317/98 184/316/98 183/315/98
f 178/322/116 177/321/116 181/320/116 180/319/116
f 171/311/45 252/324/45 241/323/45 169/309/45
f 39/53/5 40/54/6 176/314/117 172/308/117
f 173/326/118 175/325/118 42/59/11 41/60/12
f 80/115/47 79/116/48 178/322/119 180/319/119
f 181/320/120 177/321/120 81/121/53 82/122/54
f 178/317/102 79/158/46 2/155/46 184/316/102
f 81/161/1 177/318/1 183/315/1 3/160/1
f 174/327/3 175/313/87 176/314/87
f 179/328/3 180/319/87 181/320/87
f 182/331/121 183/330/121 184/329/121
f 185/335/122 186/334/122 203/333/122 204/332/122
f 186/334/122 185/335/122 188/337/122 187/336/122
f 187/336/122 188/337/122 218/339/122 217/338/122
f 189/343/123 190/342/123 208/341/123 207/340/123
f 190/342/123 189/343/123 191/345/123 192/344/123
f 192/344/123 191/345/123 219/347/123 220/346/123
f 193/349/122 194/348/122 217/338/122 218/339/122
f 194/348/122 193/349/122 196/351/122 195/350/122
f 195/350/122 196/351/122 212/353/122 211/352/122
f 197/355/123 198/354/123 220/346/123 219/347/123
f 198/354/123 197/355/123 199/357/123 200/356/123
f 200/356/123 199/357/123 209/359/123 210/358/123
f 201/363/122 202/362/122 238/361/122 237/360/122
f 202/362/122 201/363/122 204/332/122 203/333/122
f 205/367/123 206/366/123 239/365/123 240/364/123
f 206/366/123 205/367/123 207/340/123 208/341/123
f 210/358/123 209/359/123 214/369/123 213/368/123
f 211/352/122 212/353/122 215/371/122 216/370/122
f 213/368/124 214/369/124 224/373/124 223/372/124
f 216/377/125 215/376/125 233/375/125 234/374/125
f 221/381/126 222/380/126 223/379/126 224/378/126
f 222/380/126 221/381/126 226/383/126 225/382/126
f 225/382/126 226/383/126 234/374/126 233/375/126
f 227/387/127 228/386/127 232/385/127 231/384/127
f 228/386/127 227/387/127 230/389/127 229/388/127
f 229/388/128 230/389/128 240/391/128 239/390/128
f 231/384/127 232/385/127 235/393/127 236/392/127
f 236/392/129 235/393/129 237/395/129 238/394/129
f 26/47/4 27/49/4 196/351/4 193/349/4
f 22/38/4 23/41/4 185/335/4 204/332/4
f 25/45/4 26/47/4 193/349/4 218/339/4
f 219/347/2 360/397/2 281/396/2 197/355/2
f 203/333/1 386/399/1 382/398/1 202/362/1
f 21/37/4 22/38/4 204/332/4 201/363/4
f 199/357/2 311/401/2 315/400/2 209/359/2
f 27/49/4 28/51/4 212/353/4 196/351/4
f 211/352/1 450/403/1 447/402/1 195/350/1
f 23/41/4 24/43/4 188/337/4 185/335/4
f 189/343/2 265/405/2 269/404/2 191/345/2
f 24/43/4 25/45/4 218/339/4 188/337/4
f 478/407/46 486/406/46 226/383/46 221/381/46
f 231/384/45 253/409/45 249/408/45 227/387/45
f 228/386/4 29/40/4 21/37/4 232/385/4
f 225/382/4 28/51/4 36/52/4 222/380/4
f 208/341/4 30/39/4 29/40/4 206/366/4
f 190/342/4 31/42/4 30/39/4 208/341/4
f 192/344/4 32/44/4 31/42/4 190/342/4
f 220/346/4 33/46/4 32/44/4 192/344/4
f 198/354/4 34/48/4 33/46/4 220/346/4
f 200/356/4 35/50/4 34/48/4 198/354/4
f 210/358/4 36/52/4 35/50/4 200/356/4
f 119/220/88 120/221/88 224/373/88 214/369/88
f 137/251/98 136/252/98 216/377/98 234/374/98
f 154/280/90 153/281/90 236/392/90 238/394/90
f 171/311/100 170/312/100 240/391/100 230/389/100
f 258/413/130 242/412/130 251/411/130 260/410/130
f 263/417/4 247/416/4 243/415/4 257/414/4
f 261/421/131 255/420/131 248/419/131 264/418/131
f 259/425/132 250/424/132 256/423/132 262/422/132
f 242/412/133 241/427/133 252/426/133 251/411/133
f 243/415/134 242/428/134 258/413/134 257/414/134
f 244/430/135 243/415/135 247/416/135 246/429/135
f 248/431/136 247/416/136 263/417/136 264/418/136
f 245/433/137 248/419/137 255/420/137 254/432/137
f 250/424/141 249/435/140 253/434/139 256/423/138
f 251/436/142 250/424/142 259/425/142 260/410/142
f 256/437/143 255/420/143 261/421/143 262/422/143
f 241/438/144 242/428/144 243/415/144 244/430/144
f 245/439/145 246/429/145 247/416/145 248/431/145
f 249/435/140 250/424/141 251/436/146 252/440/146
f 253/441/139 254/432/147 255/420/147 256/437/138
f 267/445/149 266/444/148 276/443/88 275/442/88
f 268/449/150 267/448/150 320/447/150 319/446/150
f 265/452/154 268/449/153 270/451/152 269/450/151
f 271/455/155 270/451/155 335/454/155 334/453/155
f 272/459/159 271/458/158 279/457/157 278/456/156
f 274/463/163 273/462/162 277/461/161 280/460/160
f 275/442/126 274/466/126 324/465/126 323/464/126
f 280/470/127 279/469/127 328/468/127 330/467/127
f 282/474/152 281/473/151 360/472/154 363/471/153
f 283/477/155 282/474/155 333/476/155 332/475/155
f 284/481/166 283/480/165 287/479/164 286/478/164
f 288/485/127 287/484/127 326/483/127 325/482/127
f 285/488/161 288/485/160 371/487/163 370/486/162
f 289/492/169 290/491/169 295/490/168 298/489/167
f 290/496/172 289/495/172 292/494/171 291/493/170
f 293/500/173 292/499/173 347/498/173 346/497/173
f 294/504/177 293/503/176 301/502/175 300/501/174
f 297/508/181 296/507/180 299/506/179 302/505/178
f 298/489/126 297/511/126 339/510/126 338/509/126
f 302/505/127 301/514/127 344/513/127 343/512/127
f 304/518/181 303/517/180 310/516/179 309/515/178
f 305/522/126 304/521/126 350/520/126 349/519/126
f 306/525/88 305/522/88 313/524/149 312/523/148
f 308/529/182 307/528/182 318/527/182 317/526/182
f 309/515/127 308/532/127 356/531/127 355/530/127
f 314/535/183 313/524/183 352/534/183 351/533/183
f 311/539/187 314/538/186 316/537/185 315/536/184
f 317/526/188 316/542/188 359/541/188 358/540/188
f 319/446/189 321/544/189 336/543/189 335/454/189
f 321/544/88 320/546/88 323/464/88 322/545/88
f 322/545/123 324/549/123 330/548/123 329/547/123
f 325/482/123 327/552/123 368/551/123 367/550/123
f 327/552/100 326/555/100 332/554/100 331/553/100
f 329/547/100 328/468/100 334/453/100 336/543/100
f 331/553/189 333/476/189 365/557/189 364/556/189
f 337/560/123 339/559/123 343/512/123 342/558/123
f 338/509/190 337/560/190 341/562/190 340/561/190
f 340/565/191 341/562/191 345/564/191 347/563/191
f 342/558/100 344/566/100 346/497/100 345/564/100
f 348/569/123 350/568/123 355/530/123 354/567/123
f 349/519/88 348/569/88 353/570/88 352/534/88
f 351/573/192 353/570/192 357/572/192 359/571/192
f 354/567/193 356/574/193 358/540/193 357/572/193
f 362/578/149 361/577/148 373/576/88 372/575/88
f 363/471/150 362/580/150 366/579/150 365/557/150
f 364/556/88 366/582/88 369/581/88 368/551/88
f 367/550/126 369/584/126 372/583/126 371/487/126
f 364/556/2 368/551/2 327/552/2 331/553/2
f 341/562/2 337/560/2 342/558/2 345/564/2
f 353/570/2 348/569/2 354/567/2 357/572/2
f 289/492/102 298/489/102 338/509/102 340/561/102
f 347/563/194 292/494/194 289/495/194 340/565/194
f 321/544/2 322/545/2 329/547/2 336/543/2
f 290/588/2 170/587/2 168/586/2 295/585/2
f 205/367/2 290/588/2 291/589/2 207/340/2
f 290/588/2 205/367/2 240/364/2 170/587/2
f 320/546/46 267/445/46 275/442/46 323/464/46
f 335/454/3 270/451/3 268/449/3 319/446/3
f 328/468/45 279/469/45 271/590/45 334/453/45
f 324/549/195 274/463/195 280/460/195 330/548/195
f 333/476/3 282/474/3 363/471/3 365/557/3
f 326/555/45 287/592/45 283/591/45 332/554/45
f 367/550/195 371/487/195 288/485/195 325/482/195
f 344/566/45 301/593/45 293/500/45 346/497/45
f 339/559/4 297/508/4 302/505/4 343/512/4
f 350/568/4 304/518/4 309/515/4 355/530/4
f 352/534/46 313/524/46 305/522/46 349/519/46
f 356/574/45 308/529/45 317/526/45 358/540/45
f 359/571/196 316/537/196 314/538/196 351/573/196
f 366/582/46 362/595/46 372/594/46 369/581/46
f 265/452/154 266/596/148 267/448/149 268/449/153
f 269/450/151 270/451/152 271/455/158 272/597/159
f 273/598/162 274/466/163 275/442/197 276/443/197
f 277/600/161 278/599/156 279/469/157 280/470/160
f 281/602/151 282/601/152 283/480/165 284/481/166
f 285/604/161 286/478/198 287/479/198 288/603/160
f 291/606/170 292/605/171 293/503/176 294/504/177
f 295/490/168 296/607/180 297/511/181 298/489/167
f 299/609/179 300/501/174 301/502/175 302/608/178
f 303/610/180 304/521/181 305/522/199 306/525/199
f 307/611/200 308/532/200 309/515/178 310/516/179
f 311/612/187 312/523/148 313/524/149 314/535/186
f 315/613/184 316/542/185 317/526/201 318/527/201
f 319/446/202 320/447/202 321/544/202
f 322/545/203 323/464/203 324/465/203
f 325/482/204 326/483/204 327/552/204
f 328/468/205 329/547/205 330/467/205
f 331/553/206 332/475/206 333/476/206
f 334/453/207 335/454/207 336/543/207
f 337/560/208 338/509/208 339/510/208
f 342/616/209 343/615/209 344/614/209
f 345/564/206 346/497/206 347/498/206
f 348/569/210 349/519/210 350/520/210
f 351/533/211 352/534/211 353/570/211
f 354/567/212 355/530/212 356/531/212
f 357/572/213 358/540/213 359/541/213
f 360/472/154 361/617/148 362/580/149 363/471/153
f 364/556/214 365/557/214 366/579/214
f 367/550/215 368/551/215 369/584/215
f 370/486/162 371/487/163 372/583/197 373/618/197
f 375/622/216 374/621/216 385/620/216 384/619/216
f 376/626/126 375/625/126 398/624/126 397/623/126
f 377/629/122 376/626/122 379/628/122 378/627/122
f 380/633/127 379/632/127 392/631/127 391/630/127
f 381/636/90 380/633/90 388/635/218 387/634/217
f 383/640/222 382/639/221 386/638/220 389/637/219
f 384/619/223 383/643/223 401/642/223 400/641/223
f 389/646/224 388/635/224 394/645/224 393/644/224
f 390/649/122 392/648/122 397/623/122 396/647/122
f 391/630/90 390/649/90 395/650/90 394/645/90
f 393/653/225 395/650/225 399/652/225 401/651/225
f 396/647/226 398/654/226 400/641/226 399/652/226
f 395/650/1 390/649/1 396/647/1 399/652/1
f 398/654/102 375/622/102 384/619/102 400/641/102
f 392/648/4 379/628/4 376/626/4 397/623/4
f 394/645/45 388/635/45 380/633/45 391/630/45
f 401/651/227 383/640/227 389/637/227 393/653/227
f 374/655/228 375/625/228 376/626/228 377/629/228
f 378/657/229 379/656/229 380/633/229 381/636/229
f 382/658/221 383/643/222 384/619/230 385/620/230
f 386/659/220 387/634/217 388/635/218 389/646/219
f 390/649/231 391/630/231 392/631/231
f 393/644/232 394/645/232 395/650/232
f 396/647/233 397/623/233 398/624/233
f 399/652/234 400/641/234 401/651/234
f 403/661/236 402/11/235 408/12/98 411/660/98
f 404/665/126 403/664/126 430/663/126 429/662/126
f 405/669/122 404/668/122 406/667/122 407/666/122
f 407/666/122 406/667/122 438/671/122 439/670/122
f 410/675/239 409/674/238 413/673/237 412/672/237
f 411/679/150 410/678/150 435/677/150 434/676/150
f 412/672/237 413/673/237 445/681/237 444/680/237
f 415/683/122 414/682/122 439/670/122 438/671/122
f 416/687/127 415/686/127 424/685/127 423/684/127
f 417/2/241 416/689/240 420/688/90 419/1/90
f 421/693/155 420/692/155 426/691/155 425/690/155
f 418/695/237 421/694/237 444/680/237 445/681/237
f 422/699/122 424/698/122 440/697/122 441/696/122
f 423/684/90 422/699/90 427/700/90 426/691/90
f 425/703/237 427/700/237 442/702/237 443/701/237
f 428/705/98 430/663/98 434/676/98 433/704/98
f 429/708/122 428/705/122 432/707/122 431/706/122
f 431/706/122 432/707/122 441/696/122 440/697/122
f 433/704/237 435/711/237 437/710/237 436/709/237
f 436/709/237 437/710/237 443/701/237 442/702/237
f 427/700/1 422/699/1 441/696/1 442/702/1
f 424/698/4 415/683/4 438/671/4 440/697/4
f 443/701/3 444/680/3 421/694/3 425/703/3
f 431/706/195 406/667/195 404/668/195 429/708/195
f 436/709/1 432/707/1 428/705/1 433/704/1
f 435/711/3 410/675/3 412/672/3 437/710/3
f 440/697/4 438/671/4 406/667/195 431/706/195
f 442/702/1 441/696/1 432/707/1 436/709/1
f 437/710/3 412/672/3 444/680/3 443/701/3
f 439/713/1 414/712/1 65/87/1 67/89/1
f 407/715/1 69/91/1 71/93/1 405/714/1
f 439/713/1 67/89/1 69/91/1 407/715/1
f 194/348/1 418/717/1 445/716/1 217/338/1
f 187/336/1 413/719/1 409/718/1 186/334/1
f 217/338/1 445/716/1 413/719/1 187/336/1
f 430/663/46 403/664/46 411/679/46 434/676/46
f 426/691/45 420/692/45 416/687/45 423/684/45
f 402/11/235 403/661/236 404/721/228 405/720/228
f 408/12/242 409/718/238 410/722/239 411/660/242
f 414/724/243 415/723/243 416/689/240 417/2/241
f 418/717/244 419/1/244 420/688/244 421/725/244
f 422/699/245 423/684/245 424/685/245
f 425/690/232 426/691/232 427/700/232
f 428/705/246 429/662/246 430/663/246
f 433/704/247 434/676/247 435/677/247
f 448/729/251 447/728/250 450/727/249 453/726/248
f 449/733/252 448/732/252 473/731/252 472/730/252
f 446/4/256 449/735/255 455/734/254 454/3/253
f 452/739/90 451/738/90 458/737/258 461/736/257
f 453/742/259 452/739/259 463/741/259 462/740/259
f 456/746/260 455/745/260 470/744/260 469/743/260
f 457/749/264 456/746/263 460/748/262 459/747/261
f 461/736/127 460/752/127 467/751/127 466/750/127
f 462/756/265 464/755/265 471/754/265 473/753/265
f 464/755/266 463/741/266 466/750/266 465/757/266
f 465/757/122 467/759/122 469/743/122 468/758/122
f 468/758/98 470/760/98 472/730/98 471/754/98
f 464/755/1 465/757/1 468/758/1 471/754/1
f 473/753/267 448/729/267 453/726/267 462/756/267
f 470/760/102 455/761/102 449/733/102 472/730/102
f 463/741/96 452/739/96 461/736/96 466/750/96
f 467/759/195 460/748/195 456/746/195 469/743/195
f 446/4/256 447/402/250 448/762/251 449/735/255
f 450/763/249 451/738/268 452/739/268 453/742/248
f 454/3/253 455/734/254 456/765/263 457/764/264
f 458/737/258 459/766/261 460/752/262 461/736/257
f 462/740/269 463/741/269 464/755/269
f 465/757/245 466/750/245 467/751/245
f 468/758/270 469/743/270 470/744/270
f 471/754/247 472/730/247 473/731/247
f 476/770/126 475/769/126 485/768/126 484/767/126
f 477/773/271 476/770/271 492/772/271 491/771/271
f 474/777/272 477/776/272 480/775/272 479/774/272
f 481/781/273 480/780/273 494/779/273 493/778/273
f 478/784/277 481/781/276 487/783/275 486/782/274
f 483/788/278 482/787/278 489/786/278 488/785/278
f 484/767/123 483/791/123 498/790/123 497/789/123
f 488/785/279 487/794/279 501/793/279 500/792/279
f 490/796/126 492/772/126 497/789/126 496/795/126
f 491/799/280 490/796/280 495/798/280 494/797/280
f 493/778/281 495/798/281 499/801/281 501/800/281
f 496/795/282 498/802/282 500/792/282 499/801/282
f 495/798/46 490/796/46 496/795/46 499/801/46
f 492/772/4 476/770/4 484/767/4 497/789/4
f 494/797/283 480/775/283 477/776/283 491/799/283
f 501/800/284 487/783/284 481/781/284 493/778/284
f 498/802/285 483/788/285 488/785/285 500/792/285
f 474/803/286 475/769/286 476/770/286 477/773/286
f 478/784/277 479/804/287 480/780/287 481/781/276
f 482/805/288 483/791/288 484/767/288 485/768/288
f 486/806/274 487/794/275 488/785/289 489/786/289
f 490/796/290 491/771/290 492/772/290
f 493/778/291 494/779/291 495/798/291
f 496/795/292 497/789/292 498/790/292
f 499/801/293 500/792/293 501/793/293
f 3/36/3 183/330/3 182/331/3 167/304/3 166/305/3 20/35/3
f 38/195/87 158/808/3 157/807/3 162/303/3 164/289/3 78/118/87
f 42/197/3 175/810/87 174/809/3 179/328/3 181/320/87 82/122/3
f 58/206/87 124/812/87 123/811/3 128/243/3 130/230/87 98/138/87
f 62/208/3 141/813/87 140/814/3 145/272/3 147/260/87 102/142/3
f 123/811/3 125/815/87 56/205/3 96/133/3 129/229/87 128/243/3
f 133/244/3 132/245/3 10/24/3 13/21/3 149/274/3 148/275/3
f 117/238/46 122/241/102 57/82/46 475/101/46 474/237/46
f 140/814/3 142/816/3 60/207/87 100/135/87 146/259/3 145/272/3
f 59/79/46 138/248/46 135/249/102 482/263/102 485/102/46
f 139/270/1 61/86/1 459/111/1 458/268/1 134/265/1
f 157/807/3 159/817/87 76/215/3 116/153/3 163/288/87 162/303/3
f 151/279/45 156/276/45 37/56/45 246/99/45 245/293/45
f 174/809/3 176/818/87 40/196/87 80/115/87 180/319/87 179/328/3
f 39/53/45 172/308/96 169/309/45 241/323/45 244/100/45
f 173/326/2 41/60/2 296/107/2 295/585/2 168/586/2
f 197/355/2 281/396/2 284/8/2 312/5/2 311/401/2 199/357/2
f 195/350/1 447/402/1 446/4/1 419/1/1 418/717/1 194/348/1
f 186/334/1 409/718/1 408/12/1 387/9/1 386/399/1 203/333/1
f 207/340/2 291/589/2 294/16/2 266/13/2 265/405/2 189/343/2
f 232/385/4 21/37/4 201/363/4 237/360/4 235/393/4
f 191/345/2 269/404/2 272/18/2 361/19/2 360/397/2 219/347/2
f 206/366/4 29/40/4 228/386/4 229/388/4 239/365/4
f 222/380/4 36/52/4 210/358/4 213/368/4 223/379/4
f 224/378/46 120/235/46 479/236/46 478/407/46 221/381/46
f 233/375/4 215/371/4 212/353/4 28/51/4 225/382/4
f 216/370/294 136/266/1 451/267/1 450/403/1 211/352/1
f 137/251/102 234/374/102 226/383/46 486/406/46 489/264/102
f 236/392/96 153/281/45 254/292/45 253/409/45 231/384/45
f 227/387/45 249/408/45 252/324/45 171/311/45 230/389/96
f 257/414/45 258/413/45 260/410/45 259/425/45 262/422/45 261/421/45 264/418/45 263/417/45
f 278/17/2 277/114/2 47/64/2 49/67/2 370/103/2 373/20/2
f 286/7/2 285/104/2 51/70/2 53/73/2 303/109/2 306/6/2
f 300/15/2 299/108/2 43/57/2 45/61/2 273/113/2 276/14/2
f 307/233/2 310/110/2 55/76/2 121/217/2 118/218/2
f 315/400/2 318/234/2 119/220/2 214/369/2 209/359/2
f 374/296/1 377/106/1 75/97/1 155/298/1 152/295/1
f 382/398/1 385/297/1 154/294/1 238/361/1 202/362/1
f 402/11/1 405/714/1 71/93/1 73/95/1 378/105/1 381/10/1
f 454/3/1 457/112/1 63/83/1 65/87/1 414/712/1 417/2/1

v 22.2428092956543 25.79046058654785 -2.56707501411438
v 22.04165077209473 26.03879928588867 -2.56707501411438
v 21.76045989990234 26.2275390625 -2.56707501411438
v 21.42201042175293 26.34137916564941 -2.56707501411438
v 21.05373001098633 26.3710994720459 -2.56707501411438
v 21.05373001098633 24.23497009277344 -2.56707501411438
v 21.42201042175293 24.29178047180176 -2.56707501411438
v 21.76045989990234 24.43051910400391 -2.56707501411438
v 22.04165077209473 24.63994026184082 -2.56707501411438
v 22.2428092956543 24.90307998657227 -2.56707501411438
v 22.35601043701172 25.1986198425293 -2.56707501411438
v 22.33926010131836 25.50263023376465 -2.56707501411438
v 22.2428092956543 25.79046058654785 2.56707501411438
v 22.04165077209473 26.03879928588867 2.56707501411438
v 21.76045989990234 26.2275390625 2.56707501411438
v 21.42201042175293 26.34137916564941 2.56707501411438
v 21.05373001098633 26.3710994720459 2.56707501411438
v 21.05373001098633 24.23497009277344 2.56707501411438
v 21.42201042175293 24.29178047180176 2.56707501411438
v 21.76045989990234 24.43051910400391 2.56707501411438
v 22.04165077209473 24.63994026184082 2.56707501411438
v 22.2428092956543 24.90307998657227 2.56707501411438
v 22.3476390838623 25.1986198425293 2.56707501411438
v 22.3476390838623 25.50263023376465 2.56707501411438
v 19.99584007263184 26.3710994720459 -2.56707501411438
v 19.99584007263184 26.3710994720459 2.56707501411438
v 19.995849609375 24.23497009277344 -2.56707501411438
v 19.995849609375 24.23497009277344 2.56707501411438
# 28 vertices

vn 0.87144023180008 0.49050155282021 -0.00037500119652
vn 0.67148512601852 0.74101805686951 0
vn 0.43879365921021 0.89858788251877 0
vn 0.19906602799892 0.97998607158661 0
vn 0.0208125449717 0.99978339672089 0
vn 0.03978208079934 -0.99920839071274 0
vn 0.2666589319706 -0.96379095315933 0
vn 0.48983237147331 -0.87181663513184 0
vn 0.69981950521469 -0.71431970596313 0
vn 0.87430018186569 -0.4853855073452 0.00037500812323
vn 0.98618274927139 -0.16566070914268 0.00037501007318
vn 0.98622524738312 -0.16540734469891 0.00037500247709
vn 0.98347699642181 0.18103277683258 -0.00037500314647
vn 0.98343598842621 0.18125548958778 -0.00037501132465
# 14 normals

vt 0.5022389292717 0.01535141468048 0
vt 0.50081658363342 0.01535129547119 0
vt 0.5008140206337 0.03819990158081 0
vt 0.50223630666733 0.0382000207901 0
vt 0.49930939078331 0.0153511762619 0
vt 0.49930679798126 0.03819966316223 0
vt 0.49772039055824 0.01535093784332 0
vt 0.49771770834923 0.03819954395294 0
vt 0.49607610702515 0.01535069942474 0
vt 0.49607339501381 0.03819930553436 0
vt 0.51267111301422 0.01535248756409 0
vt 0.51101279258728 0.01535248756409 0
vt 0.51101279258728 0.03820109367371 0
vt 0.51267111301422 0.03820109367371 0
vt 0.50938487052917 0.01535248756409 0
vt 0.50938487052917 0.03820109367371 0
vt 0.50782459974289 0.01535248756409 0
vt 0.50782459974289 0.03820109367371 0
vt 0.50635057687759 0.01535248756409 0
vt 0.50635057687759 0.03820109367371 0
vt 0.50495499372482 0.01535248756409 0
vt 0.5049421787262 0.03820109367371 0
vt 0.50360208749771 0.01535165309906 0
vt 0.50358712673187 0.03820025920868 0
vt 0.49136808514595 0.01535022258759 0
vt 0.4913654923439 0.0381988286972 0
vt 0.51737898588181 0.03820109367371 0
vt 0.51737898588181 0.01535248756409 0
vt 0.50627058744431 0.0148868560791 0
vt 0.50232148170471 0.01488423347473 0
vt 0.50744217634201 0.0139924287796 0
vt 0.50121688842773 0.01398825645447 0
vt 0.50837510824203 0.01274156570435 0
vt 0.50037777423859 0.01273632049561 0
vt 0.50899338722229 0.01123583316803 0
vt 0.49987208843231 0.01122987270355 0
vt 0.50924730300903 0.00959706306458 0
vt 0.49974089860916 0.00959074497223 0
vt 0.50925040245056 0.00488913059235 0
vt 0.49974399805069 0.0048828125 0
vt 0.50863939523697 0.04892694950104 0
vt 0.50890147686005 0.04422640800476 0
vt 0.49940970540047 0.04369723796844 0
vt 0.49914771318436 0.04839789867401 0
vt 0.50874030590057 0.04257595539093 0
vt 0.49963310360909 0.04206812381744 0
vt 0.50820761919022 0.04103767871857 0
vt 0.50022268295288 0.04059243202209 0
vt 0.50734668970108 0.03973627090454 0
vt 0.50113099813461 0.03938984870911 0
vt 0.5062273144722 0.03877735137939 0
vt 0.50228428840637 0.03855752944946 0
# 52 texture coordinates

o Main_hinge
usemtl default
f 502/822/295 503/821/296 515/820/296 514/819/295
f 503/821/296 504/824/297 516/823/297 515/820/296
f 504/824/297 505/826/298 517/825/298 516/823/297
f 505/826/298 506/828/299 518/827/299 517/825/298
f 507/832/300 508/831/301 520/830/301 519/829/300
f 508/831/301 509/834/302 521/833/302 520/830/301
f 509/834/302 510/836/303 522/835/303 521/833/302
f 510/836/303 511/838/304 523/837/304 522/835/303
f 511/838/304 512/840/306 524/839/305 523/837/304
f 512/840/306 513/842/308 525/841/307 524/839/305
f 513/842/308 502/822/295 514/819/295 525/841/307
f 518/827/299 506/828/299 526/844/87 527/843/87
f 507/832/300 519/829/300 529/846/195 528/845/195
f 525/841/102 514/848/46 523/847/46 524/839/102
f 514/848/46 515/850/46 522/849/46 523/847/46
f 515/850/46 516/852/46 521/851/46 522/849/46
f 516/852/46 517/854/46 520/853/46 521/851/46
f 517/854/46 518/856/46 519/855/46 520/853/46
f 518/856/46 527/858/46 529/857/46 519/855/46
f 526/862/45 506/861/45 507/860/45 528/859/45
f 506/861/45 505/864/45 508/863/45 507/860/45
f 505/864/45 504/866/45 509/865/45 508/863/45
f 504/866/45 503/868/45 510/867/45 509/865/45
f 503/868/45 502/870/45 511/869/45 510/867/45
f 502/870/45 513/842/45 512/840/45 511/869/45

v 21.07076072692871 25.27540969848633 -4.19451522827148
v 21.07076072692871 25.27540969848633 4.19451522827148
v 22.01460075378418 25.52288055419922 -2.37688899040222
v 21.76441955566406 25.96163940429688 -2.37688899040222
v 21.32835960388184 26.21652984619141 -2.37688899040222
v 20.82329940795898 26.2192497253418 -2.37688899040222
v 20.38454055786133 25.96904945373535 -2.37688899040222
v 20.12964057922363 25.53301048278809 -2.37688899040222
v 20.12693023681641 25.02794075012207 -2.37688899040222
v 20.37713050842285 24.58917999267578 -2.37688899040222
v 21.75699043273926 24.58176040649414 -2.37688899040222
v 22.01188087463379 25.01779937744141 -2.37688899040222
v 22.01460075378418 25.52288055419922 2.37689089775085
v 21.76441955566406 25.96163940429688 2.37689089775085
v 21.32835960388184 26.21652984619141 2.37689089775085
v 20.82329940795898 26.2192497253418 2.37689089775085
v 20.38454055786133 25.96904945373535 2.37689089775085
v 20.12964057922363 25.53301048278809 2.37689089775085
v 20.12693023681641 25.02794075012207 2.37689089775085
v 20.37713050842285 24.58917999267578 2.37689089775085
v 21.75699043273926 24.58176040649414 2.37689089775085
v 22.01188087463379 25.01779937744141 2.37689089775085
v 20.68145942687988 19.96491050720215 1.67231500148773
v 20.64439964294434 19.98615074157715 1.7109169960022
v 20.4079704284668 13.89439964294434 1.48845601081848
v 20.44613075256348 13.90655040740967 1.45138001441956
v 21.1488208770752 19.9665699005127 1.71091902256012
v 21.1102294921875 19.9482593536377 1.67231500148773
v 20.87545967102051 13.90423965454102 1.45138001441956
v 20.91304016113281 13.89144992828369 1.48916804790497
v 21.1102294921875 19.9482593536377 -1.67231297492981
v 21.1488208770752 19.9665699005127 -1.7109169960022
v 20.91304016113281 13.89144992828369 -1.48916804790497
v 20.87545967102051 13.90423965454102 -1.45138001441956
v 20.64439964294434 19.98615074157715 -1.71091496944427
v 20.68145942687988 19.96491050720215 -1.67231297492981
v 20.44613075256348 13.90655040740967 -1.45138001441956
v 20.4079704284668 13.89439964294434 -1.48845505714416
v 20.67386054992676 20.74508094787598 0.56887799501419
v 20.71022033691406 20.70578002929688 0.55743998289108
v 21.13898086547852 20.68914031982422 0.55743998289108
v 21.17827987670898 20.72550010681152 0.56887799501419
v 20.39178085327148 12.51403045654297 0.48379498720169
v 20.35294914245605 12.4767599105835 0.50341498851776
v 20.85799980163574 12.47331047058105 0.50379198789597
v 20.82110977172852 12.5117301940918 0.48379498720169
v 20.67386054992676 20.74508094787598 -0.56887501478195
v 20.71022033691406 20.70578002929688 -0.55743598937988
v 21.13898086547852 20.68914031982422 -0.55743598937988
v 21.17827987670898 20.72550010681152 -0.56887501478195
v 20.85799026489258 12.47303009033203 -0.5039330124855
v 20.82110977172852 12.5117301940918 -0.48379200696945
v 20.39178085327148 12.51403045654297 -0.48379200696945
v 20.35296058654785 12.47702026367188 -0.50327098369598
v 20.8830394744873 24.25398063659668 -2.35854911804199
v 20.81316947937012 24.33428955078125 -2.29439806938171
v 20.76874923706055 24.36025047302246 -2.37688899040222
v 20.81316947937012 24.33428955078125 -2.45240211486816
v 21.24164962768555 24.2520694732666 -2.35855293273926
v 21.31825065612793 24.33156967163086 -2.45288896560669
v 21.36293983459473 24.35705947875977 -2.37688899040222
v 21.31825065612793 24.33156967163086 -2.29433298110962
v 20.8830394744873 24.25398063659668 2.35855102539062
v 20.81316947937012 24.33428955078125 2.4524040222168
v 20.76874923706055 24.36025047302246 2.37689089775085
v 20.81316947937012 24.33428955078125 2.29439997673035
v 21.24164962768555 24.2520694732666 2.35855507850647
v 21.31825065612793 24.33156967163086 2.29433393478394
v 21.36293983459473 24.35705947875977 2.37689089775085
v 21.31825065612793 24.33156967163086 2.4528911113739
v 20.78627014160156 21.78421974182129 1.79176497459412
v 20.71088027954102 21.69890975952148 1.84649002552032
v 21.1457691192627 21.78227996826172 1.79176497459412
v 21.21589088439941 21.6944408416748 1.84759998321533
v 21.1457691192627 21.78227996826172 -1.7917640209198
v 21.21594047546387 21.6955394744873 -1.84689998626709
v 20.78627014160156 21.78421974182129 -1.7917640209198
v 20.71092987060547 21.69997024536133 -1.84580397605896
v 20.7956600189209 22.03812980651855 0.59725701808929
v 20.72129058837891 21.96696090698242 0.58972501754761
v 21.15513038635254 22.03619003295898 0.59725701808929
v 21.22627067565918 21.96183967590332 0.58947199583054
v 20.79564094543457 22.03812980651855 -0.59725302457809
v 20.72129058837891 21.96698951721191 -0.58972501754761
v 21.15514945983887 22.03619003295898 -0.59725302457809
v 21.22627067565918 21.96186065673828 -0.58947199583054
v 22.01460075378418 25.52288055419922 -4.12232112884521
v 21.94230079650879 25.50392913818359 -4.19451522827148
v 21.76441955566406 25.96163940429688 -4.12232112884521
v 21.71129035949707 25.90908050537109 -4.19451522827148
v 21.32835960388184 26.21652984619141 -4.12232112884521
v 21.30862998962402 26.14443969726562 -4.19451522827148
v 20.82329940795898 26.2192497253418 -4.12232112884521
v 20.84226036071777 26.14694023132324 -4.19451522827148
v 20.38454055786133 25.96904945373535 -4.12232112884521
v 20.43711090087891 25.91592025756836 -4.19451522827148
v 20.12964057922363 25.53301048278809 -4.12232112884521
v 20.20173072814941 25.51328086853027 -4.19451522827148
v 20.12693023681641 25.02794075012207 -4.12232112884521
v 20.1992301940918 25.04689025878906 -4.19451522827148
v 20.37713050842285 24.58917999267578 -4.12232112884521
v 20.43025970458984 24.6417407989502 -4.19451522827148
v 20.81316947937012 24.33428955078125 -4.11562299728394
v 20.89187049865723 24.37755966186523 -4.19451522827148
v 21.24316024780273 24.37702941894531 -4.19451522827148
v 21.31825065612793 24.33156967163086 -4.11608505249023
v 21.75699043273926 24.58176040649414 -4.12232112884521
v 21.70442962646484 24.63488960266113 -4.19451522827148
v 22.01188087463379 25.01779937744141 -4.12232112884521
v 21.93979072570801 25.03754043579102 -4.19451522827148
v 21.94230079650879 25.50392913818359 4.19451522827148
v 22.01460075378418 25.52288055419922 4.12232112884521
v 21.71129035949707 25.90908050537109 4.19451522827148
v 21.76441955566406 25.96163940429688 4.12232112884521
v 21.30862998962402 26.14443969726562 4.19451522827148
v 21.32835960388184 26.21652984619141 4.12232112884521
v 20.84226036071777 26.14694023132324 4.19451522827148
v 20.82329940795898 26.2192497253418 4.12232112884521
v 20.43711090087891 25.91592025756836 4.19451522827148
v 20.38454055786133 25.96904945373535 4.12232112884521
v 20.20173072814941 25.51328086853027 4.19451522827148
v 20.12964057922363 25.53301048278809 4.12232112884521
v 20.1992301940918 25.04689025878906 4.19451522827148
v 20.12693023681641 25.02794075012207 4.12232112884521
v 20.43025970458984 24.6417407989502 4.19451522827148
v 20.37713050842285 24.58917999267578 4.12232112884521
v 20.89187049865723 24.37755966186523 4.19451522827148
v 20.81316947937012 24.33428955078125 4.11562299728394
v 21.24316024780273 24.37702941894531 4.19451522827148
v 21.31825065612793 24.33156967163086 4.11608505249023
v 21.70442962646484 24.63488960266113 4.19451522827148
v 21.75699043273926 24.58176040649414 4.12232112884521
v 21.93979072570801 25.03754043579102 4.19451522827148
v 22.01188087463379 25.01779937744141 4.12232112884521
v 21.1473503112793 21.78227996826172 3.16194105148315
v 21.21998023986816 21.79973983764648 3.09177494049072
v 20.74263000488281 11.3421802520752 1.51575195789337
v 20.81588935852051 11.3886604309082 1.46110701560974
v 20.79092979431152 12.59576034545898 2.36266088485718
v 20.86376953125 12.62220001220703 2.29388809204102
v 20.78673934936523 21.78422927856445 3.16194105148315
v 20.71491050720215 21.80265998840332 3.09121298789978
v 20.38200950622559 11.34412002563477 1.51575195789337
v 20.31085968017578 11.39239978790283 1.4599130153656
v 20.35869979858398 12.62504959106445 2.29354190826416
v 20.4303092956543 12.59770011901855 2.36266088485718
v 20.78673934936523 21.78422927856445 -3.16194105148315
v 20.71491050720215 21.8027400970459 -3.09090495109558
v 21.1473503112793 21.78227996826172 -3.16194105148315
v 21.21998023986816 21.79981994628906 -3.09146904945374
v 20.86376953125 12.62220001220703 -2.29388809204102
v 20.79092979431152 12.59576034545898 -2.36266088485718
v 20.74263000488281 11.3421802520752 -1.51575100421906
v 20.81588935852051 11.38852024078369 -1.461266040802
v 20.4303092956543 12.59770011901855 -2.36266088485718
v 20.35869979858398 12.62504959106445 -2.29354190826416
v 20.38200950622559 11.34412002563477 -1.51575100421906
v 20.31085014343262 11.39225959777832 -1.46007394790649
v 21.0759105682373 19.9495906829834 2.95114207267761
v 21.14830017089844 19.9532299041748 2.8792130947113
v 20.71577072143555 19.96356964111328 2.95114207267761
v 20.64388084411621 19.97285079956055 2.87921404838562
v 20.84136962890625 13.90441989898682 2.56126093864441
v 20.91382026672363 13.91176986694336 2.48949289321899
v 20.48085975646973 13.90635967254639 2.56126093864441
v 20.40875053405762 13.91450977325439 2.48923397064209
v 20.71577072143555 19.96356964111328 -2.95114207267761
v 20.64388084411621 19.97285079956055 -2.87921404838562
v 21.0759105682373 19.9495906829834 -2.95114207267761
v 21.14830017089844 19.9532299041748 -2.8792130947113
v 20.48074913024902 13.90635967254639 -2.56126093864441
v 20.40873908996582 13.91450023651123 -2.48933792114258
v 20.84147071838379 13.90441989898682 -2.56126093864441
v 20.9138298034668 13.91174983978271 -2.48959589004517
v 20.70591926574707 10.38920974731445 0.48379498720169
v 20.77985954284668 10.46010971069336 0.45588099956512
v 20.34527969360352 10.39115047454834 0.48379498720169
v 20.27486038208008 10.46492004394531 0.45506000518799
v 20.70591926574707 10.38920974731445 -0.48379200696945
v 20.77984046936035 10.45979022979736 -0.45600199699402
v 20.34527969360352 10.39115047454834 -0.48379200696945
v 20.27485084533691 10.464599609375 -0.45518401265144
# 182 vertices

vn 0.96730893850327 0.25360101461411 0
vn 0.86870813369751 0.49532428383827 0
vn 0.5046364068985 0.8633319735527 0
vn 0.26400578022003 0.96452111005783 0
vn 0.00537509052083 0.99998557567596 0
vn -0.49534785747528 0.86869472265244 0
vn -0.70329964160919 0.7108935713768 0
vn -0.8633103966713 0.50467330217361 0
vn -0.99998569488525 0.00534384092316 0
vn -0.86869472265244 -0.49534785747528 0
vn -0.71111112833023 -0.70307964086533 0
vn -0.00537509052083 -0.99998557567596 0
vn 0.70351952314377 -0.71067595481873 0
vn 0.8633183836937 -0.50465971231461 0
vn 0.99998557567596 -0.00537509052083 0
vn -0.74713730812073 -0.62776029109955 -0.21840983629227
vn -0.72938960790634 -0.56094872951508 -0.39157032966614
vn -0.71324688196182 0.13944299519062 -0.68690210580826
vn -0.71301406621933 0.13572143018246 -0.68788856267929
vn -0.70504373311996 0.05315718799829 -0.7071687579155
vn -0.69770890474319 0.42688807845116 -0.57529890537262
vn 0.69625717401505 -0.68375700712204 -0.21840849518776
vn 0.68373906612396 -0.6157683134079 -0.39157411456108
vn 0.71994006633759 0.08471904695034 -0.68884617090225
vn 0.71954739093781 0.08100181818008 -0.6897029876709
vn 0.70816749334335 -0.0016875268193 -0.70604246854782
vn 0.71583414077759 0.379448980093 -0.58617395162582
vn 0.69625717401505 -0.68375700712204 0.21840849518776
vn 0.69624108076096 -0.68377190828323 0.21841324865818
vn 0.68373906612396 -0.6157683134079 0.39157411456108
vn 0.71982622146606 0.08093903958797 0.68941938877106
vn 0.72020560503006 0.08462712168694 0.68857979774475
vn 0.70816749334335 -0.0016875268193 0.70604246854782
vn 0.71710646152496 0.37860044836998 0.58516663312912
vn -0.74713730812073 -0.62776029109955 0.21840983629227
vn -0.72938960790634 -0.56094872951508 0.39157032966614
vn -0.71275007724762 0.1357559710741 0.68815529346466
vn -0.71298313140869 0.13947156071663 0.68717008829117
vn -0.70504373311996 0.05315718799829 0.7071687579155
vn -0.69648879766464 0.42757478356361 0.57626658678055
vn -0.69129288196564 0.7225746512413 0.00006250105798
vn 0.72262078523636 0.69124466180801 -0.0000937535151
vn 0.00078126805602 0.03643834218383 -0.99933558702469
vn 0.00078126805602 0.03643834218383 0.99933558702469
vn -0.03228194266558 -0.83204907178879 -0.55376183986664
vn 0.00306255067699 0.57054072618484 -0.82126361131668
vn -0.03878237307072 -0.99924767017364 0
vn -0.03228194266558 -0.83204907178879 0.55376183986664
vn 0.00534384092316 0.99998569488525 0
vn 0.00306255067699 0.57054072618484 0.82126361131668
vn -0.70367157459259 0.1851290166378 0.68598365783691
vn -0.0034063400235 -0.62617284059525 0.77967685461044
vn 0.71052366495132 0.13119186460972 0.69133549928665
vn -0.70586758852005 0.18459998071194 -0.68386679887772
vn -0.0034063400235 -0.62617284059525 -0.77967685461044
vn 0.71275746822357 0.13050135970116 -0.68916344642639
vn -0.69386112689972 0.71620541810989 0.07487687468529
vn -0.69385850429535 0.71623402833939 0.07462659478188
vn -0.69264584779739 0.70658385753632 0.14484812319279
vn 0.72501933574677 0.68442445993423 0.07687705010176
vn 0.72501599788666 0.68445259332657 0.07665794342756
vn 0.72336483001709 0.67417585849762 0.14909808337688
vn 0.72389554977417 0.6856444478035 -0.07659592479467
vn 0.72388166189194 0.68563133478165 -0.07684446126223
vn 0.721166908741 0.67647868394852 -0.14931470155716
vn -0.69276416301727 0.71729588508606 -0.07459527999163
vn -0.69275283813477 0.71728414297104 -0.07481280714273
vn -0.69050592184067 0.70863109827042 -0.14506375789642
vn 0.00534384557977 0.99436157941818 0.10590814054012
vn 0.00534376082942 0.99440824985504 0.10546896606684
vn 0.00525017594919 0.97812652587891 0.20794446766376
vn 0.00534384557977 0.99436157941818 -0.10590814054012
vn 0.0053439270705 0.99440789222717 -0.10547223687172
vn 0.00525017594919 0.97812652587891 -0.20794446766376
vn -0.99924767017364 0.03878237307072 0
vn 0.99924767017364 -0.03878237307072 0
vn 0.0011875211494 0.22362899780273 0.97467362880707
vn 0.0011875211494 0.22362899780273 -0.97467362880707
vn -0.50611162185669 -0.86246800422668 0
vn -0.50528877973557 -0.86295032501221 0
vn -0.50522857904434 -0.86298555135727 0
vn -0.68095201253891 -0.73232805728912 0
vn 0.49590671062469 -0.86837577819824 0
vn 0.49595719575882 -0.86834698915482 0
vn 0.49673452973366 -0.86790251731873 0
vn 0.65444856882095 -0.75610655546188 0
vn 0.49388563632965 0.48860427737236 -0.71926552057266
vn 0.67203503847122 0.17618849873543 -0.71925413608551
vn 0.67009907960892 -0.18340770900249 -0.71925574541092
vn 0.18340770900249 0.67009907960892 -0.71925574541092
vn -0.17619220912457 0.67201793193817 -0.71926921606064
vn -0.48860427737236 0.49388563632965 -0.71926552057266
vn -0.67009907960892 0.18340770900249 -0.71925574541092
vn -0.67201793193817 -0.17619220912457 -0.71926921606064
vn -0.48494109511375 -0.50131618976593 -0.71659904718399
vn -0.48516154289246 -0.50109922885895 -0.71660161018372
vn -0.62299078702927 -0.3165737092495 -0.71530658006668
vn -0.60886073112488 -0.33744692802429 -0.7179262638092
vn -0.68451994657516 -0.17322380840778 -0.70811438560486
vn -0.68380534648895 -0.17600619792938 -0.70811867713928
vn 0.67435801029205 -0.22409848868847 -0.70357739925385
vn 0.6734926700592 -0.22694554924965 -0.70349371433258
vn 0.60930043458939 -0.35707372426987 -0.70799106359482
vn 0.59560531377792 -0.37485101819038 -0.71045124530792
vn 0.48010805249214 -0.5057025551796 -0.71677136421204
vn 0.48032188415527 -0.50550991296768 -0.71676403284073
vn 0.49388563632965 0.48860427737236 0.71926552057266
vn 0.67203503847122 0.17618849873543 0.71925413608551
vn 0.67009907960892 -0.18340770900249 0.71925574541092
vn 0.18340770900249 0.67009907960892 0.71925574541092
vn -0.17619220912457 0.67201793193817 0.71926921606064
vn -0.48860427737236 0.49388563632965 0.71926552057266
vn -0.67009907960892 0.18340770900249 0.71925574541092
vn -0.67201793193817 -0.17619220912457 0.71926921606064
vn -0.48516154289246 -0.50109922885895 0.71660161018372
vn -0.48494109511375 -0.50131618976593 0.71659904718399
vn -0.60804545879364 -0.33772665262222 0.71848547458649
vn -0.62215411663055 -0.31685855984688 0.71590846776962
vn -0.68296235799789 -0.17625641822815 0.70886957645416
vn -0.68367785215378 -0.17347423732281 0.70886617898941
vn 0.48032188415527 -0.50550991296768 0.71676403284073
vn 0.48010805249214 -0.5057025551796 0.71677136421204
vn 0.60845237970352 -0.35728996992111 0.70861107110977
vn 0.59480082988739 -0.37504360079765 0.71102339029312
vn 0.67263233661652 -0.22712747752666 0.70425766706467
vn 0.67351335287094 -0.22428569197655 0.70432645082474
vn 0.70494967699051 -0.08109515160322 0.70460593700409
vn 0.71007341146469 -0.29103571176529 0.64116609096527
vn 0.71018731594086 -0.28710633516312 0.64280939102173
vn 0.69977247714996 -0.47764033079147 0.53120452165604
vn 0.69973719120026 -0.47901260852814 0.53001391887665
vn 0.71666836738586 -0.63316696882248 0.29237994551659
vn 0.71673256158829 -0.6341997385025 0.2899743616581
vn 0.70533525943756 -0.08384645730257 0.70389771461487
vn 0.70533555746078 -0.08331521600485 0.70396047830582
vn -0.70823562145233 -0.02631312794983 0.70548558235168
vn -0.71895885467529 -0.49770227074623 0.48517066240311
vn -0.71942383050919 -0.43472939729691 0.54170072078705
vn -0.71936702728271 -0.43329527974129 0.54292380809784
vn -0.72083950042725 -0.23994648456573 0.65024310350418
vn -0.72077822685242 -0.23585298657417 0.65180683135986
vn -0.70824354887009 -0.02909476868808 0.70536839962006
vn -0.70823872089386 -0.02856330573559 0.70539492368698
vn -0.70839214324951 -0.02628188766539 -0.70532959699631
vn 0.70510590076447 -0.08109514415264 -0.70444959402084
vn 0.7053200006485 -0.08331338316202 -0.70397627353668
vn 0.70533525943756 -0.08384645730257 -0.70389771461487
vn 0.70978778600693 -0.29119017720222 -0.6414121389389
vn 0.70991736650467 -0.28725451231003 -0.64304131269455
vn 0.69885700941086 -0.47954034805298 -0.53069758415222
vn 0.69889104366302 -0.47813600301743 -0.53191846609116
vn 0.71601819992065 -0.63489109277725 -0.29022610187531
vn 0.71595400571823 -0.63385838270187 -0.29263177514076
vn -0.70823872089386 -0.02856330573559 -0.70539492368698
vn -0.70824354887009 -0.02909476868808 -0.70536839962006
vn -0.72054004669189 -0.24012793600559 -0.65050798654556
vn -0.7204937338829 -0.23603942990303 -0.65205383300781
vn -0.71851044893265 -0.43535006046295 -0.54241412878036
vn -0.71846330165863 -0.4338906109333 -0.54364454746246
vn -0.71764951944351 -0.49870455265045 -0.48607909679413
vn -0.72254413366318 -0.69132483005524 0.00009375166701
vn -0.71207368373871 -0.70210474729538 0
vn -0.00203129928559 -0.38172802329063 0.9242724776268
vn -0.00200005085208 -0.37375947833061 0.92752349376678
vn -0.00346879288554 -0.64682048559189 0.76263439655304
vn -0.00346882431768 -0.64963889122009 0.76023501157761
vn 0.70442980527878 -0.70977371931076 0
vn -0.00096875382587 -0.28465738892555 -0.95862883329391
vn -0.00096876733005 -0.28175503015518 -0.95948588848114
vn -0.00096875382587 -0.28465738892555 0.95862883329391
vn -0.00096876733005 -0.28175503015518 0.95948588848114
vn -0.00346882431768 -0.64963889122009 -0.76023501157761
vn -0.00346879288554 -0.64682048559189 -0.76263439655304
vn -0.00200001616031 -0.37372174859047 -0.9275386929512
vn -0.00203126482666 -0.38169029355049 -0.92428803443909
vn -0.00128128705546 -0.08018981665373 0.9967787861824
vn -0.00131252629217 -0.07912658900023 0.99686372280121
vn -0.00131252629217 -0.07912658900023 -0.99686372280121
vn -0.00128128705546 -0.08018981665373 -0.9967787861824
vn -0.00178128376137 -0.27231764793396 0.96220576763153
vn -0.00181254034396 -0.26728722453117 0.96361517906189
vn -0.00165627885144 -0.07593882828951 0.99711108207703
vn -0.00181254034396 -0.26728722453117 -0.96361517906189
vn -0.00178128376137 -0.27231764793396 -0.96220576763153
vn -0.00165627885144 -0.07593882828951 -0.99711108207703
vn -0.00393757922575 -0.73457723855972 0.67851364612579
vn -0.00534384092316 -0.99998569488525 0
vn -0.00393766257912 -0.73459285497665 -0.67849677801132
vn -0.5046364068985 -0.8633319735527 0
vn 0.49536129832268 -0.86868703365326 0
# 190 normals

vt 0.72118109464645 0.01317846775055 0
vt 0.71893340349197 0.01318061351776 0
vt 0.71893340349197 0.03433454036713 0
vt 0.72118097543716 0.03433668613434 0
vt 0.71668589115143 0.01318144798279 0
vt 0.71668589115143 0.03433346748352 0
vt 0.71443861722946 0.0131813287735 0
vt 0.71443861722946 0.03433358669281 0
vt 0.71219110488892 0.01318001747131 0
vt 0.71219098567963 0.03433477878571 0
vt 0.70994329452515 0.01317751407623 0
vt 0.70994311571121 0.0343371629715 0
vt 0.70769482851028 0.01317369937897 0
vt 0.70769459009171 0.03434109687805 0
vt 0.7054455280304 0.01316845417023 0
vt 0.70544511079788 0.03434669971466 0
vt 0.70319348573685 0.01353049278259 0
vt 0.70094209909439 0.01353943347931 0
vt 0.70094019174576 0.03397452831268 0
vt 0.70319092273712 0.03398358821869 0
vt 0.72567838430405 0.0131698846817 0
vt 0.72342938184738 0.01317489147186 0
vt 0.72342908382416 0.03434014320374 0
vt 0.72567802667618 0.03434491157532 0
vt 0.99184048175812 0.04543328285217 0
vt 0.99207580089569 0.04543650150299 0
vt 0.99208629131317 0.03961539268494 0
vt 0.99184858798981 0.039555311203 0
vt 0.99206119775772 0.0124979019165 0
vt 0.99182367324829 0.01253128051758 0
vt 0.99201667308807 0.0048828125 0
vt 0.99177867174149 0.00497543811798 0
vt 0.98970037698746 0.04543483257294 0
vt 0.98993557691574 0.04543173313141 0
vt 0.9899268746376 0.03955709934235 0
vt 0.98968958854675 0.03961765766144 0
vt 0.98990297317505 0.01259648799896 0
vt 0.98966318368912 0.01257455348969 0
vt 0.98987120389938 0.00503718852997 0
vt 0.9896314740181 0.00495445728302 0
vt 0.98993217945099 0.05039060115814 0
vt 0.9896959066391 0.05038714408875 0
vt 0.98969078063965 0.05621004104614 0
vt 0.98992848396301 0.05626976490021 0
vt 0.98975080251694 0.08325052261353 0
vt 0.98999011516571 0.08322775363922 0
vt 0.98973298072815 0.09076642990112 0
vt 0.98997050523758 0.09074866771698 0
vt 0.99207329750061 0.05038809776306 0
vt 0.99183708429337 0.05039143562317 0
vt 0.99185019731522 0.05626571178436 0
vt 0.99208748340607 0.05620491504669 0
vt 0.9919086098671 0.08328676223755 0
vt 0.99214601516724 0.08331966400146 0
vt 0.99189639091492 0.09080266952515 0
vt 0.9921327829361 0.09083092212677 0
vt 0.99175721406937 0.09508585929871 0
vt 0.99199390411377 0.09517896175385 0
vt 0.9896314740181 0.09510767459869 0
vt 0.98986768722534 0.09502685070038 0
vt 0.50501412153244 0.06249725818634 0
vt 0.50533682107925 0.0620424747467 0
vt 0.49329790472984 0.06207501888275 0
vt 0.49372911453247 0.0625364780426 0
vt 0.70126897096634 0.03442275524139 0
vt 0.70283359289169 0.03441631793976 0
vt 0.50527787208557 0.06455481052399 0
vt 0.50496709346771 0.06409645080566 0
vt 0.49368199706078 0.06413161754608 0
vt 0.49323219060898 0.06459558010101 0
vt 0.72450679540634 0.05589425563812 0
vt 0.72483342885971 0.05635178089142 0
vt 0.73611849546432 0.0563907623291 0
vt 0.73654961585999 0.05592930316925 0
vt 0.7012711763382 0.01309144496918 0
vt 0.70283579826355 0.013099193573 0
vt 0.72488057613373 0.05795097351074 0
vt 0.72456568479538 0.0584123134613 0
vt 0.73661547899246 0.05844986438751 0
vt 0.7361655831337 0.05798602104187 0
vt 0.88848072290421 0.07486748695374 0
vt 0.8884751200676 0.07444310188293 0
vt 0.88317281007767 0.07451343536377 0
vt 0.88287448883057 0.07504320144653 0
vt 0.88850778341293 0.07296276092529 0
vt 0.88852339982986 0.07253670692444 0
vt 0.88291227817535 0.07217359542847 0
vt 0.88319391012192 0.07270324230194 0
vt 0.89352399110794 0.07256603240967 0
vt 0.89353120326996 0.07298982143402 0
vt 0.898830473423 0.07292079925537 0
vt 0.89912807941437 0.07240045070648 0
vt 0.89350682497025 0.07447159290314 0
vt 0.89349281787872 0.07489776611328 0
vt 0.89909958839416 0.07526409626007 0
vt 0.89882498979568 0.07473134994507 0
vt 0.88827532529831 0.08006513118744 0
vt 0.88300037384033 0.08276224136353 0
vt 0.88845461606979 0.06718683242798 0
vt 0.88320600986481 0.06441497802734 0
vt 0.89355677366257 0.08018672466278 0
vt 0.89373189210892 0.06730842590332 0
vt 0.89880549907684 0.08295929431915 0
vt 0.89900332689285 0.06460773944855 0
vt 0.70321011543274 0.03469836711884 0
vt 0.70342177152634 0.03435146808624 0
vt 0.72792792320251 0.0339822769165 0
vt 0.727698802948 0.03435027599335 0
vt 0.72792571783066 0.03469157218933 0
vt 0.72841507196426 0.03427243232727 0
vt 0.70342451334 0.01316261291504 0
vt 0.7032026052475 0.01281940937042 0
vt 0.7279257774353 0.01282370090485 0
vt 0.727698802948 0.01316475868225 0
vt 0.72792798280716 0.01353275775909 0
vt 0.72841507196426 0.01324272155762 0
vt 0.71891778707504 0.04209446907043 0
vt 0.71891742944717 0.0425568819046 0
vt 0.72115242481232 0.04254674911499 0
vt 0.72115278244019 0.04209852218628 0
vt 0.72338491678238 0.0425591468811 0
vt 0.7233864068985 0.0421040058136 0
vt 0.71668177843094 0.04209423065186 0
vt 0.71668171882629 0.04254257678986 0
vt 0.71444582939148 0.04209315776825 0
vt 0.71444588899612 0.04255557060242 0
vt 0.71221017837524 0.04209554195404 0
vt 0.7122101187706 0.04254376888275 0
vt 0.7099757194519 0.0420982837677 0
vt 0.70997631549835 0.04255366325378 0
vt 0.70774221420288 0.04210376739502 0
vt 0.70774441957474 0.0425660610199 0
vt 0.70551019906998 0.0421154499054 0
vt 0.70551919937134 0.04256618022919 0
vt 0.70326948165894 0.04212701320648 0
vt 0.70307207107544 0.04262518882751 0
vt 0.50363397598267 0.05674970149994 0
vt 0.50365138053894 0.05629301071167 0
vt 0.4913654923439 0.05439829826355 0
vt 0.49161869287491 0.05486607551575 0
vt 0.50364339351654 0.07030999660492 0
vt 0.50360310077667 0.06985473632812 0
vt 0.49159950017929 0.0718150138855 0
vt 0.4913654923439 0.07228374481201 0
vt 0.7256190776825 0.04211568832397 0
vt 0.72560977935791 0.04257345199585 0
vt 0.72804081439972 0.04262554645538 0
vt 0.72785782814026 0.04213070869446 0
vt 0.71891850233078 0.00495839118958 0
vt 0.71891897916794 0.00542080402374 0
vt 0.72115421295166 0.00541722774506 0
vt 0.72115391492844 0.00496912002563 0
vt 0.72338789701462 0.00541293621063 0
vt 0.72338670492172 0.00495767593384 0
vt 0.71668291091919 0.00497245788574 0
vt 0.71668297052383 0.00542092323303 0
vt 0.71444720029831 0.0049592256546 0
vt 0.71444702148438 0.00542175769806 0
vt 0.71221148967743 0.00497090816498 0
vt 0.71221148967743 0.0054190158844 0
vt 0.70997792482376 0.00496029853821 0
vt 0.70997709035873 0.00541567802429 0
vt 0.70774632692337 0.00494682788849 0
vt 0.70774382352829 0.00540900230408 0
vt 0.70552188158035 0.00494420528412 0
vt 0.70551228523254 0.00539493560791 0
vt 0.70307701826096 0.0048828125 0
vt 0.70327401161194 0.00538110733032 0
vt 0.72619557380676 0.0501481294632 0
vt 0.7262127995491 0.05060386657715 0
vt 0.73822802305222 0.04872024059296 0
vt 0.73848128318787 0.04825246334076 0
vt 0.72561198472977 0.00494527816772 0
vt 0.72562122344971 0.0054030418396 0
vt 0.7278596162796 0.00538802146912 0
vt 0.72804248332977 0.00489318370819 0
vt 0.72624409198761 0.06370961666107 0
vt 0.72620362043381 0.06416392326355 0
vt 0.73848128318787 0.06613826751709 0
vt 0.7382475733757 0.06566941738129 0
vt 0.87801671028137 0.0643482208252 0
vt 0.87756341695786 0.06430661678314 0
vt 0.87687087059021 0.07264244556427 0
vt 0.87731957435608 0.07273542881012 0
vt 0.88081520795822 0.03149402141571 0
vt 0.88123798370361 0.0316823720932 0
vt 0.88506311178207 0.02625977993011 0
vt 0.88472580909729 0.02595019340515 0
vt 0.88957899808884 0.02219974994659 0
vt 0.88940650224686 0.02175652980804 0
vt 0.87979012727737 0.037348985672 0
vt 0.88024139404297 0.03741323947906 0
vt 0.87735861539841 0.08272707462311 0
vt 0.87781268358231 0.08269643783569 0
vt 0.87730181217194 0.07437896728516 0
vt 0.87684828042984 0.07444107532501 0
vt 0.8881630897522 0.12563812732697 0
vt 0.88835197687149 0.12520146369934 0
vt 0.88389271497726 0.12104368209839 0
vt 0.88353830575943 0.121333360672 0
vt 0.88021051883698 0.11552178859711 0
vt 0.87977707386017 0.11567974090576 0
vt 0.8793573975563 0.10976576805115 0
vt 0.8789027929306 0.10979735851288 0
vt 0.90399497747421 0.08303117752075 0
vt 0.9044480919838 0.08307337760925 0
vt 0.90515148639679 0.07479250431061 0
vt 0.90469819307327 0.0747195482254 0
vt 0.90464502573013 0.06464040279388 0
vt 0.90419089794159 0.0646710395813 0
vt 0.9047002196312 0.07306599617004 0
vt 0.90515148639679 0.07298266887665 0
vt 0.90262979269028 0.03767466545105 0
vt 0.90308171510696 0.03762149810791 0
vt 0.9022005200386 0.03174114227295 0
vt 0.90177267789841 0.03191816806793 0
vt 0.89843428134918 0.02609241008759 0
vt 0.89809089899063 0.02639424800873 0
vt 0.89380788803101 0.02179145812988 0
vt 0.89362680912018 0.02223324775696 0
vt 0.90219682455063 0.11008477210999 0
vt 0.90174371004105 0.11004137992859 0
vt 0.90074181556702 0.11577093601227 0
vt 0.90117037296295 0.11594128608704 0
vt 0.89690971374512 0.12118768692017 0
vt 0.89725708961487 0.12148487567902 0
vt 0.89239209890366 0.12523925304413 0
vt 0.89257061481476 0.12567985057831 0
vt 0.96991157531738 0.28733825683594 0
vt 0.9715164899826 0.28733825683594 0
vt 0.97133147716522 0.28060472011566 0
vt 0.96972662210464 0.28060472011566 0
vt 0.97246330976486 0.19957053661346 0
vt 0.97633677721024 0.19853436946869 0
vt 0.97529977560043 0.19673645496368 0
vt 0.97350269556046 0.19569778442383 0
vt 0.97142720222473 0.19569706916809 0
vt 0.96962928771973 0.19673407077789 0
vt 0.96859067678452 0.19853103160858 0
vt 0.96858978271484 0.20060658454895 0
vt 0.96962678432465 0.20240449905396 0
vt 0.97168701887131 0.20357000827789 0
vt 0.97325032949448 0.20356476306915 0
vt 0.97529739141464 0.20240700244904 0
vt 0.97633588314056 0.20060992240906 0
vt 0.97246330976486 0.34482932090759 0
vt 0.97529977560043 0.34766352176666 0
vt 0.97633677721024 0.34586548805237 0
vt 0.97350269556046 0.34870195388794 0
vt 0.97142720222473 0.34870290756226 0
vt 0.96962928771973 0.34766578674316 0
vt 0.96859067678452 0.34586882591248 0
vt 0.96858978271484 0.34379327297211 0
vt 0.96962678432465 0.3419953584671 0
vt 0.97168701887131 0.34082984924316 0
vt 0.97325032949448 0.34083521366119 0
vt 0.97529739141464 0.34199297428131 0
vt 0.97633588314056 0.343789935112 0
vt 0.96972662210464 0.26379525661469 0
vt 0.97133147716522 0.26379525661469 0
vt 0.9715164899826 0.25706160068512 0
vt 0.96991157531738 0.25706160068512 0
vt 0.9701052904129 0.29322993755341 0
vt 0.97170972824097 0.29322993755341 0
vt 0.97171008586884 0.25116991996765 0
vt 0.97010481357574 0.25116991996765 0
vt 0.97288411855698 0.32840502262115 0
vt 0.97127920389175 0.32840538024902 0
vt 0.97260880470276 0.32019376754761 0
vt 0.97100567817688 0.32024729251862 0
vt 0.97127920389175 0.21599447727203 0
vt 0.97288411855698 0.21599471569061 0
vt 0.97100567817688 0.22415256500244 0
vt 0.97260880470276 0.22420597076416 0
vt 0.97119092941284 0.27435290813446 0
vt 0.96958601474762 0.27435290813446 0
vt 0.97119098901749 0.2700469493866 0
vt 0.96958601474762 0.2700469493866 0
vt 0.8846989274025 0.03740572929382 0
vt 0.88382178544998 0.10988187789917 0
vt 0.89816689491272 0.03756046295166 0
vt 0.89728361368179 0.11004388332367 0
vt 0.88819420337677 0.11622798442841 0
vt 0.88925689458847 0.03117001056671 0
vt 0.89378899335861 0.03121316432953 0
vt 0.89272171258926 0.1162736415863 0
# 286 texture coordinates

o Lock_hinge
usemtl default
f 532/874/309 533/873/310 543/872/310 542/871/309
f 533/873/311 534/876/312 544/875/312 543/872/311
f 534/876/312 535/878/313 545/877/313 544/875/312
f 535/878/314 536/880/315 546/879/315 545/877/314
f 536/880/315 537/882/316 547/881/316 546/879/315
f 537/882/317 538/884/317 548/883/317 547/881/317
f 538/884/318 539/886/319 549/885/319 548/883/318
f 585/890/320 591/889/320 597/888/320 595/887/320
f 540/894/321 541/893/322 551/892/322 550/891/321
f 541/893/323 532/874/309 542/871/309 551/892/323
f 552/898/325 553/897/325 568/896/324 569/895/324
f 553/897/328 552/898/328 555/900/327 554/899/326
f 554/899/326 555/900/327 572/902/329 573/901/329
f 556/906/331 557/905/331 570/904/330 571/903/330
f 557/905/334 556/906/334 559/908/333 558/907/332
f 558/907/332 559/908/333 574/910/335 575/909/335
f 560/914/338 561/913/338 579/912/337 578/911/336
f 561/913/341 560/914/341 563/916/340 562/915/339
f 562/915/339 563/916/340 581/918/342 580/917/342
f 564/922/344 565/921/344 577/920/343 576/919/343
f 565/921/347 564/922/347 567/924/346 566/923/345
f 566/923/345 567/924/346 583/926/348 582/925/348
f 569/895/324 568/896/324 576/919/343 577/920/343
f 571/903/330 570/904/330 578/911/336 579/912/337
f 573/928/349 572/927/349 582/925/349 583/926/349
f 575/930/350 574/929/350 580/917/350 581/918/350
f 552/898/351 557/905/351 558/907/351 555/900/351
f 560/914/352 565/921/352 566/923/352 563/916/352
f 557/905/353 552/898/353 569/895/353 570/904/353
f 555/900/354 558/907/354 575/909/354 572/902/354
f 570/904/355 569/895/355 577/920/355 578/911/355
f 578/911/356 577/920/356 565/921/356 560/914/356
f 572/927/357 575/930/357 581/918/357 582/925/357
f 582/925/358 581/918/358 563/916/358 566/923/358
f 584/934/359 587/933/359 607/932/359 606/931/359
f 585/890/360 584/936/360 588/935/360 591/889/360
f 589/940/361 588/939/361 604/938/361 605/937/361
f 593/944/362 592/943/362 600/942/362 601/941/362
f 592/946/363 595/887/363 597/888/363 596/945/363
f 596/950/364 599/949/364 603/948/364 602/947/364
f 601/954/367 600/953/367 608/952/366 609/951/365
f 602/958/370 603/957/370 611/956/369 610/955/368
f 605/962/373 604/961/373 614/960/372 615/959/371
f 606/966/376 607/965/376 613/964/375 612/963/374
f 609/951/365 608/952/366 612/963/374 613/964/375
f 610/955/368 611/956/369 615/959/371 614/960/372
f 600/953/379 602/958/379 610/955/378 608/952/377
f 608/952/377 610/955/378 614/960/381 612/963/380
f 612/963/380 614/960/381 604/961/382 606/966/382
f 553/968/383 601/954/383 609/951/383 568/967/383
f 603/957/384 556/970/384 571/969/384 611/956/384
f 568/967/383 609/951/383 613/964/383 576/971/383
f 611/956/384 571/969/384 579/972/384 615/959/384
f 576/971/383 613/964/383 607/965/383 564/973/383
f 615/959/384 579/972/384 561/974/384 605/962/384
f 604/938/385 588/939/385 584/934/385 606/931/385
f 600/942/386 592/943/386 596/950/386 602/947/386
f 584/936/390 585/890/389 586/976/388 587/975/387
f 588/980/394 589/979/393 590/978/392 591/977/391
f 592/946/390 593/982/387 594/981/388 595/887/389
f 596/986/394 597/985/391 598/984/392 599/983/393
f 616/990/396 617/989/396 619/988/395 618/987/395
f 617/989/396 616/990/396 638/992/397 639/991/397
f 618/987/395 619/988/395 621/994/398 620/993/398
f 620/993/398 621/994/398 623/996/399 622/995/399
f 622/995/399 623/996/399 625/998/400 624/997/400
f 624/997/400 625/998/400 627/1000/401 626/999/401
f 626/999/401 627/1000/401 629/1002/402 628/1001/402
f 628/1001/402 629/1002/402 631/1004/404 630/1003/403
f 630/1003/403 631/1004/404 633/1006/406 632/1005/405
f 632/1010/405 633/1009/406 676/1008/408 677/1007/407
f 634/1014/412 635/1013/411 679/1012/410 678/1011/409
f 635/1018/411 634/1017/412 637/1016/414 636/1015/413
f 636/1015/413 637/1016/414 639/991/397 638/992/397
f 640/1022/416 641/1021/416 643/1020/415 642/1019/415
f 641/1021/416 640/1022/416 662/1024/417 663/1023/417
f 642/1019/415 643/1020/415 645/1026/418 644/1025/418
f 644/1025/418 645/1026/418 647/1028/419 646/1027/419
f 646/1027/419 647/1028/419 649/1030/420 648/1029/420
f 648/1029/420 649/1030/420 651/1032/421 650/1031/421
f 650/1031/421 651/1032/421 653/1034/422 652/1033/422
f 652/1033/422 653/1034/422 655/1036/424 654/1035/423
f 654/1035/423 655/1036/424 657/1038/426 656/1037/425
f 656/1042/425 657/1041/426 671/1040/428 670/1039/427
f 658/1046/432 659/1045/431 661/1044/430 660/1043/429
f 659/1050/431 658/1049/432 664/1048/434 665/1047/433
f 660/1043/429 661/1044/430 663/1023/417 662/1024/417
f 665/1054/433 664/1053/434 688/1052/435 689/1051/435
f 666/1058/439 667/1057/438 669/1056/437 668/1055/436
f 667/1057/438 666/1058/439 704/1060/441 705/1059/440
f 668/1055/436 669/1056/437 693/1062/443 692/1061/442
f 670/1066/427 671/1065/428 691/1064/444 690/1063/444
f 672/1070/447 673/1069/446 707/1068/445 706/1067/445
f 673/1069/446 672/1070/447 675/1072/449 674/1071/448
f 674/1071/448 675/1072/449 694/1074/451 695/1073/450
f 677/1078/407 676/1077/408 696/1076/452 697/1075/452
f 678/1082/409 679/1081/410 699/1080/453 698/1079/453
f 680/1086/457 681/1085/456 702/1084/455 703/1083/454
f 681/1085/456 680/1086/457 683/1088/459 682/1087/458
f 682/1087/458 683/1088/459 709/1090/461 708/1089/460
f 684/1094/465 685/1093/464 701/1092/463 700/1091/462
f 685/1093/464 684/1094/465 686/1096/467 687/1095/466
f 687/1095/466 686/1096/467 710/1098/468 711/1097/468
f 689/1051/435 688/1052/435 692/1061/442 693/1062/443
f 690/1063/444 691/1064/444 695/1073/450 694/1074/451
f 697/1075/452 696/1076/452 700/1091/462 701/1092/463
f 698/1079/453 699/1080/453 703/1083/454 702/1084/455
f 705/1059/440 704/1060/441 708/1089/460 709/1090/461
f 706/1067/469 707/1068/469 711/1097/469 710/1098/469
f 542/871/309 543/872/310 643/1020/310 641/1021/309
f 543/872/311 544/875/312 645/1026/312 643/1020/311
f 544/875/312 545/877/313 647/1028/313 645/1026/312
f 545/877/314 546/879/315 649/1030/315 647/1028/314
f 546/879/315 547/881/316 651/1032/316 649/1030/315
f 547/881/317 548/883/317 653/1034/317 651/1032/317
f 548/883/318 549/885/319 655/1036/470 653/1034/318
f 672/1102/474 666/1101/473 668/1100/472 675/1099/471
f 550/891/321 551/892/322 663/1023/322 661/1044/475
f 551/892/323 542/871/309 641/1021/309 663/1023/323
f 619/1105/45 617/1104/45 530/1103/45
f 621/1106/45 619/1105/45 530/1103/45
f 623/1107/96 621/1106/45 530/1103/45
f 625/1108/96 623/1107/96 530/1103/45
f 627/1109/45 625/1108/96 530/1103/45
f 629/1110/45 627/1109/45 530/1103/45
f 631/1111/45 629/1110/45 530/1103/45
f 633/1112/476 631/1111/45 530/1103/45
f 634/1113/477 633/1112/476 530/1103/45
f 637/1114/45 634/1113/477 530/1103/45
f 639/1115/45 637/1114/45 530/1103/45
f 617/1104/45 639/1115/45 530/1103/45
f 640/1118/46 642/1117/46 531/1116/46
f 642/1117/46 644/1119/46 531/1116/46
f 644/1119/46 646/1120/46 531/1116/46
f 646/1120/46 648/1121/46 531/1116/46
f 648/1121/46 650/1122/46 531/1116/46
f 650/1122/46 652/1123/46 531/1116/46
f 652/1123/46 654/1124/46 531/1116/46
f 654/1124/46 656/1125/478 531/1116/46
f 656/1125/478 658/1126/479 531/1116/46
f 658/1126/479 660/1127/46 531/1116/46
f 660/1127/46 662/1128/46 531/1116/46
f 662/1128/46 640/1118/46 531/1116/46
f 616/990/309 618/987/310 533/873/310 532/874/309
f 618/987/311 620/993/312 534/876/312 533/873/311
f 620/993/312 622/995/313 535/878/313 534/876/312
f 622/995/314 624/997/315 536/880/315 535/878/314
f 624/997/315 626/999/316 537/882/316 536/880/315
f 626/999/317 628/1001/317 538/884/317 537/882/317
f 628/1001/318 630/1003/470 539/886/319 538/884/318
f 684/1132/483 681/1131/482 682/1130/481 686/1129/480
f 636/1015/475 638/992/322 541/893/322 540/894/321
f 638/992/323 616/990/309 532/874/309 541/893/323
f 692/1134/485 694/1133/484 675/1099/471 668/1100/472
f 700/1136/487 702/1135/486 681/1131/482 684/1132/483
f 658/1126/479 656/1125/478 670/1138/489 664/1137/488
f 664/1137/488 670/1138/489 690/1140/490 688/1139/490
f 688/1139/490 690/1140/490 694/1133/484 692/1134/485
f 633/1112/476 634/1113/477 678/1142/492 676/1141/491
f 676/1141/491 678/1142/492 698/1144/493 696/1143/493
f 696/1143/493 698/1144/493 702/1135/486 700/1136/487
f 666/1101/473 672/1102/474 706/1146/494 704/1145/494
f 704/1145/495 706/1146/495 710/1148/495 708/1147/495
f 708/1147/496 710/1148/496 686/1129/480 682/1130/481
f 559/1149/384 693/1062/384 669/1056/384 667/1057/384
f 695/1073/383 554/1150/383 673/1069/383 674/1071/383
f 703/1083/384 562/1151/384 683/1088/384 680/1086/384
f 567/1152/383 701/1092/383 685/1093/383 687/1095/383
f 556/970/384 689/1051/384 693/1062/384 559/1149/384
f 691/1064/383 553/968/383 554/1150/383 695/1073/383
f 699/1080/384 561/974/384 562/1151/384 703/1083/384
f 564/973/383 697/1075/383 701/1092/383 567/1152/383
f 673/1069/383 554/1150/383 573/1153/383 707/1068/383
f 559/1149/384 667/1057/384 705/1059/384 574/1154/384
f 574/1154/384 705/1059/384 709/1090/384 580/1155/384
f 707/1068/383 573/1153/383 583/1156/383 711/1097/383
f 580/1155/384 709/1090/384 683/1088/384 562/1151/384
f 711/1097/383 583/1156/383 567/1152/383 687/1095/383
f 603/948/384 599/949/384 659/1050/384 665/1047/384
f 657/1041/383 593/944/383 601/941/383 671/1040/383
f 635/1013/384 589/940/384 605/937/384 679/1012/384
f 607/932/383 587/933/383 632/1010/383 677/1007/383
f 603/957/384 665/1054/384 689/1051/384 556/970/384
f 671/1065/383 601/954/383 553/968/383 691/1064/383
f 679/1081/384 605/962/384 561/974/384 699/1080/384
f 607/965/383 677/1078/383 697/1075/383 564/973/383
f 539/886/319 586/976/388 585/890/389 595/887/389 594/981/388 549/885/319
f 591/977/391 590/978/392 540/894/321 550/891/321 598/984/392 597/985/391
f 549/885/319 594/981/388 593/982/387 657/1038/497 655/1036/470
f 630/1003/470 632/1005/497 587/975/387 586/976/388 539/886/319
f 635/1018/498 636/1015/475 540/894/321 590/978/392 589/979/393
f 599/983/393 598/984/392 550/891/321 661/1044/475 659/1045/498

v 6.95247888565063 15.18330001831055 30.69010925292969
v 6.95247888565063 15.43163967132568 30.48895072937012
v 6.95247888565063 15.62038040161133 30.20775032043457
v 6.95247888565063 15.73421955108643 29.86931037902832
v 6.95247888565063 15.76393985748291 29.50102043151855
v 6.95247888565063 13.62780952453613 29.50102043151855
v 6.95247888565063 13.68463039398193 29.86931037902832
v 6.95247888565063 13.82336044311523 30.20775032043457
v 6.95247888565063 14.03277969360352 30.48895072937012
v 6.95247888565063 14.29592037200928 30.69010925292969
v 6.95247888565063 14.59146976470947 30.80331039428711
v 6.95247888565063 14.89546966552734 30.78656005859375
v 4.76184320449829 15.18330001831055 30.69010925292969
v 4.76184320449829 15.43163967132568 30.48895072937012
v 4.76184320449829 15.62038040161133 30.20775032043457
v 4.76184320449829 15.73421955108643 29.86931037902832
v 4.76184320449829 15.76393985748291 29.50102043151855
v 4.76184320449829 13.62780952453613 29.50102043151855
v 4.76184320449829 13.68463039398193 29.86931037902832
v 4.76184320449829 13.82336044311523 30.20775032043457
v 4.76184320449829 14.03277969360352 30.48895072937012
v 4.76184320449829 14.29592037200928 30.69010925292969
v 4.76184320449829 14.59146976470947 30.79492950439453
v 4.76184320449829 14.89546966552734 30.79492950439453
v 6.95247888565063 15.76393985748291 28.44314002990723
v 4.76184320449829 15.76393985748291 28.44314002990723
v 6.95247888565063 13.62780952453613 28.44314002990723
v 4.76184320449829 13.62780952453613 28.44314002990723
# 28 vertices

vn 0.00087500252994 0.49050140380859 0.8714399933815
vn 0 0.74101805686951 0.67148512601852
vn 0 0.89858788251877 0.43879365921021
vn 0 0.97998607158661 0.19906602799892
vn 0 0.99978339672089 0.0208125449717
vn 0 -0.99920839071274 0.03978208079934
vn 0 -0.96379095315933 0.2666589319706
vn 0 -0.87181663513184 0.48983237147331
vn 0 -0.71431970596313 0.69981950521469
vn -0.00087501871167 -0.48538535833359 0.87429988384247
vn -0.00090625544544 -0.16559474170208 0.98619347810745
vn -0.00090627418831 -0.16547317802906 0.98621386289597
vn 0.00090628000908 0.18106850981712 0.98347008228302
vn 0.00090625946177 0.18118940293789 0.98344779014587
vn 1 0 0
# 15 normals

vt 0.32969748973846 0.03717696666718 0
vt 0.32827520370483 0.03717648983002 0
vt 0.3282724916935 0.04692554473877 0
vt 0.32969480752945 0.04692590236664 0
vt 0.32676810026169 0.03717601299286 0
vt 0.32676538825035 0.04692506790161 0
vt 0.32517901062965 0.03717565536499 0
vt 0.32517629861832 0.04692471027374 0
vt 0.32353460788727 0.03717517852783 0
vt 0.3235319852829 0.04692423343658 0
vt 0.34012970328331 0.03717947006226 0
vt 0.33847141265869 0.03717947006226 0
vt 0.33847141265869 0.04692840576172 0
vt 0.34012970328331 0.04692840576172 0
vt 0.33684349060059 0.03717947006226 0
vt 0.33684349060059 0.04692840576172 0
vt 0.33528319001198 0.03717947006226 0
vt 0.33528319001198 0.04692840576172 0
vt 0.33380910754204 0.03717947006226 0
vt 0.33380910754204 0.04692840576172 0
vt 0.33241361379623 0.03717935085297 0
vt 0.33240070939064 0.04692840576172 0
vt 0.33106070756912 0.03717732429504 0
vt 0.33104580640793 0.0469263792038 0
vt 0.31882670521736 0.03717398643494 0
vt 0.31882399320602 0.0469229221344 0
vt 0.34483769536018 0.04692840576172 0
vt 0.34483769536018 0.03717947006226 0
vt 0.3337297141552 0.03671479225159 0
vt 0.32978048920631 0.03670883178711 0
vt 0.33490198850632 0.03582143783569 0
vt 0.32867670059204 0.03581190109253 0
vt 0.33583590388298 0.03457140922546 0
vt 0.32783859968185 0.03455913066864 0
vt 0.33645570278168 0.03306615352631 0
vt 0.3273344039917 0.03305220603943 0
vt 0.33671110868454 0.03142762184143 0
vt 0.32720470428467 0.03141307830811 0
vt 0.33671820163727 0.0267196893692 0
vt 0.3272117972374 0.02670514583588 0
vt 0.33608838915825 0.05765748023987 0
vt 0.33635470271111 0.05295717716217 0
vt 0.32686349749565 0.05241966247559 0
vt 0.32659721374512 0.05711996555328 0
vt 0.33619499206543 0.05130648612976 0
vt 0.32708820700645 0.05079066753387 0
vt 0.33566370606422 0.04976785182953 0
vt 0.3276791870594 0.04931557178497 0
vt 0.33480390906334 0.04846572875977 0
vt 0.32858848571777 0.04811370372772 0
vt 0.33368539810181 0.04750573635101 0
vt 0.32974261045456 0.04728245735168 0
# 52 texture coordinates

o Hand_hinge_04
usemtl default
f 712/1160/499 713/1159/500 725/1158/500 724/1157/499
f 713/1159/500 714/1162/501 726/1161/501 725/1158/500
f 714/1162/501 715/1164/502 727/1163/502 726/1161/501
f 715/1164/502 716/1166/503 728/1165/503 727/1163/502
f 717/1170/504 718/1169/505 730/1168/505 729/1167/504
f 718/1169/505 719/1172/506 731/1171/506 730/1168/505
f 719/1172/506 720/1174/507 732/1173/507 731/1171/506
f 720/1174/507 721/1176/508 733/1175/508 732/1173/507
f 721/1176/508 722/1178/510 734/1177/509 733/1175/508
f 722/1178/510 723/1180/512 735/1179/511 734/1177/509
f 723/1180/512 712/1160/499 724/1157/499 735/1179/511
f 728/1165/503 716/1166/503 736/1182/87 737/1181/87
f 717/1170/504 729/1167/504 739/1184/195 738/1183/195
f 735/1179/294 724/1186/294 733/1185/294 734/1177/294
f 724/1186/294 725/1188/294 732/1187/294 733/1185/294
f 725/1188/294 726/1190/294 731/1189/294 732/1187/294
f 726/1190/294 727/1192/1 730/1191/1 731/1189/294
f 727/1192/1 728/1194/1 729/1193/1 730/1191/1
f 728/1194/1 737/1196/1 739/1195/1 729/1193/1
f 736/1200/2 716/1199/2 717/1198/2 738/1197/2
f 716/1199/2 715/1202/2 718/1201/2 717/1198/2
f 715/1202/2 714/1204/2 719/1203/2 718/1201/2
f 714/1204/2 713/1206/2 720/1205/2 719/1203/2
f 713/1206/2 712/1208/513 721/1207/513 720/1205/2
f 712/1208/513 723/1180/513 722/1178/513 721/1207/513

v -4.7162389755249 15.18330001831055 30.69010925292969
v -4.7162389755249 15.43163967132568 30.48895072937012
v -4.7162389755249 15.62038040161133 30.20775032043457
v -4.7162389755249 15.73421955108643 29.86931037902832
v -4.7162389755249 15.76393985748291 29.50102043151855
v -4.7162389755249 13.62780952453613 29.50102043151855
v -4.7162389755249 13.68463039398193 29.86931037902832
v -4.7162389755249 13.82336044311523 30.20775032043457
v -4.7162389755249 14.03277969360352 30.48895072937012
v -4.7162389755249 14.29592037200928 30.69010925292969
v -4.7162389755249 14.59146976470947 30.80331039428711
v -4.7162389755249 14.89546966552734 30.78656005859375
v -6.9068751335144 15.18330001831055 30.69010925292969
v -6.9068751335144 15.43163967132568 30.48895072937012
v -6.9068751335144 15.62038040161133 30.20775032043457
v -6.9068751335144 15.73421955108643 29.86931037902832
v -6.9068751335144 15.76393985748291 29.50102043151855
v -6.9068751335144 13.62780952453613 29.50102043151855
v -6.9068751335144 13.68463039398193 29.86931037902832
v -6.9068751335144 13.82336044311523 30.20775032043457
v -6.9068751335144 14.03277969360352 30.48895072937012
v -6.9068751335144 14.29592037200928 30.69010925292969
v -6.9068751335144 14.59146976470947 30.79492950439453
v -6.9068751335144 14.89546966552734 30.79492950439453
v -4.7162389755249 15.76393985748291 28.44314002990723
v -6.9068751335144 15.76393985748291 28.44314002990723
v -4.7162389755249 13.62780952453613 28.44314002990723
v -6.9068751335144 13.62780952453613 28.44314002990723
# 28 vertices

# 0 normal

vt 0.178197696805 0.07672369480133 0
vt 0.17677539587021 0.07672333717346 0
vt 0.17677269876003 0.08647239208221 0
vt 0.17819499969482 0.08647274971008 0
vt 0.17526830732822 0.07672297954559 0
vt 0.17526559531689 0.08647191524506 0
vt 0.1736790984869 0.07672250270844 0
vt 0.17367650568485 0.08647155761719 0
vt 0.17203480005264 0.07672202587128 0
vt 0.1720322072506 0.08647108078003 0
vt 0.18862989544868 0.07672619819641 0
vt 0.18697160482407 0.07672619819641 0
vt 0.18697160482407 0.08647525310516 0
vt 0.18862989544868 0.08647525310516 0
vt 0.18534369766712 0.07672619819641 0
vt 0.18534369766712 0.08647525310516 0
vt 0.18378339707851 0.07672619819641 0
vt 0.18378339707851 0.08647525310516 0
vt 0.18230940401554 0.07672619819641 0
vt 0.18230940401554 0.08647525310516 0
vt 0.18091389536858 0.07672619819641 0
vt 0.18090090155602 0.08647525310516 0
vt 0.1795608997345 0.0767240524292 0
vt 0.1795459985733 0.08647310733795 0
vt 0.16732700169086 0.07672083377838 0
vt 0.16732430458069 0.08646976947784 0
vt 0.19333779811859 0.08647525310516 0
vt 0.19333779811859 0.07672619819641 0
vt 0.18222980201244 0.07626175880432 0
vt 0.17828069627285 0.07625567913055 0
vt 0.18340219557285 0.07536828517914 0
vt 0.17717689275742 0.07535862922668 0
vt 0.18433609604836 0.07411825656891 0
vt 0.17633880674839 0.07410597801208 0
vt 0.18495589494705 0.07261300086975 0
vt 0.17583459615707 0.07259905338287 0
vt 0.18521119654179 0.07097446918488 0
vt 0.17570480704308 0.07095980644226 0
vt 0.18521839380264 0.06626653671265 0
vt 0.17571200430393 0.06625199317932 0
vt 0.18458859622478 0.0972044467926 0
vt 0.18485489487648 0.09250402450562 0
vt 0.17536370456219 0.09196639060974 0
vt 0.17509740591049 0.09666681289673 0
vt 0.18469509482384 0.09085333347321 0
vt 0.17558839917183 0.09033751487732 0
vt 0.18416379392147 0.08931469917297 0
vt 0.17617939412594 0.08886241912842 0
vt 0.18330410122871 0.08801257610321 0
vt 0.17708869278431 0.08766055107117 0
vt 0.18218560516834 0.08705258369446 0
vt 0.17824280261993 0.08682930469513 0
# 52 texture coordinates

o Hand_hinge_03
usemtl default
f 740/1212/499 741/1211/500 753/1210/500 752/1209/499
f 741/1211/500 742/1214/501 754/1213/501 753/1210/500
f 742/1214/501 743/1216/502 755/1215/502 754/1213/501
f 743/1216/502 744/1218/503 756/1217/503 755/1215/502
f 745/1222/504 746/1221/505 758/1220/505 757/1219/504
f 746/1221/505 747/1224/506 759/1223/506 758/1220/505
f 747/1224/506 748/1226/507 760/1225/507 759/1223/506
f 748/1226/507 749/1228/508 761/1227/508 760/1225/507
f 749/1228/508 750/1230/510 762/1229/509 761/1227/508
f 750/1230/510 751/1232/512 763/1231/511 762/1229/509
f 751/1232/512 740/1212/499 752/1209/499 763/1231/511
f 756/1217/503 744/1218/503 764/1234/87 765/1233/87
f 745/1222/504 757/1219/504 767/1236/195 766/1235/195
f 763/1231/294 752/1238/294 761/1237/294 762/1229/294
f 752/1238/294 753/1240/294 760/1239/294 761/1237/294
f 753/1240/294 754/1242/294 759/1241/294 760/1239/294
f 754/1242/294 755/1244/1 758/1243/1 759/1241/294
f 755/1244/1 756/1246/1 757/1245/1 758/1243/1
f 756/1246/1 765/1248/1 767/1247/1 757/1245/1
f 764/1252/2 744/1251/2 745/1250/2 766/1249/2
f 744/1251/2 743/1254/2 746/1253/2 745/1250/2
f 743/1254/2 742/1256/2 747/1255/2 746/1253/2
f 742/1256/2 741/1258/2 748/1257/2 747/1255/2
f 741/1258/2 740/1260/513 749/1259/513 748/1257/2
f 740/1260/513 751/1232/513 750/1230/513 749/1259/513

v -6.90687417984009 15.18330001831055 -30.8138599395752
v -6.90687417984009 15.43163967132568 -30.61269950866699
v -6.90687417984009 15.62038040161133 -30.33149909973145
v -6.90687417984009 15.73421955108643 -29.9930591583252
v -6.90687417984009 15.76393985748291 -29.62476921081543
v -6.90687417984009 13.62780952453613 -29.62476921081543
v -6.90687417984009 13.68463039398193 -29.9930591583252
v -6.90687417984009 13.82336044311523 -30.33149909973145
v -6.90687417984009 14.03277969360352 -30.61269950866699
v -6.90687417984009 14.29592037200928 -30.8138599395752
v -6.90687417984009 14.59146976470947 -30.92705917358398
v -6.90687417984009 14.89546966552734 -30.91031074523926
v -4.7162389755249 15.18330001831055 -30.8138599395752
v -4.7162389755249 15.43163967132568 -30.61269950866699
v -4.7162389755249 15.62038040161133 -30.33149909973145
v -4.7162389755249 15.73421955108643 -29.9930591583252
v -4.7162389755249 15.76393985748291 -29.62476921081543
v -4.7162389755249 13.62780952453613 -29.62476921081543
v -4.7162389755249 13.68463039398193 -29.9930591583252
v -4.7162389755249 13.82336044311523 -30.33149909973145
v -4.7162389755249 14.03277969360352 -30.61269950866699
v -4.7162389755249 14.29592037200928 -30.8138599395752
v -4.7162389755249 14.59146976470947 -30.91868019104004
v -4.7162389755249 14.89546966552734 -30.91868019104004
v -6.90687417984009 15.76393985748291 -28.56689071655273
v -4.7162389755249 15.76393985748291 -28.56689071655273
v -6.90687417984009 13.62780952453613 -28.56689071655273
v -4.7162389755249 13.62780952453613 -28.56689071655273
# 28 vertices

vn -0.00087500252994 0.49050140380859 -0.8714399933815
vn 0 0.74101805686951 -0.67148512601852
vn 0 0.89858788251877 -0.43879365921021
vn 0 0.97998607158661 -0.19906602799892
vn 0 0.99978339672089 -0.0208125449717
vn 0 -0.99920839071274 -0.03978208079934
vn 0 -0.96379095315933 -0.2666589319706
vn 0 -0.87181663513184 -0.48983237147331
vn 0 -0.71431970596313 -0.69981950521469
vn 0.00087501871167 -0.48538535833359 -0.87429988384247
vn 0.00090625544544 -0.16559474170208 -0.98619347810745
vn 0.00090627418831 -0.16547317802906 -0.98621386289597
vn -0.00090628000908 0.18106850981712 -0.98347008228302
vn -0.00090625946177 0.18118940293789 -0.98344779014587
# 14 normals

vt 0.35410571098328 0.05315673351288 0
vt 0.35268339514732 0.05315637588501 0
vt 0.35268071293831 0.06290531158447 0
vt 0.35410299897194 0.06290578842163 0
vt 0.35117629170418 0.05315589904785 0
vt 0.35117360949516 0.0629049539566 0
vt 0.34958720207214 0.05315542221069 0
vt 0.34958449006081 0.06290447711945 0
vt 0.34794288873672 0.05315506458282 0
vt 0.34794020652771 0.06290400028229 0
vt 0.3645378947258 0.05315923690796 0
vt 0.36287960410118 0.05315923690796 0
vt 0.36287960410118 0.06290829181671 0
vt 0.3645378947258 0.06290829181671 0
vt 0.3612517118454 0.05315923690796 0
vt 0.3612517118454 0.06290829181671 0
vt 0.35969141125679 0.05315923690796 0
vt 0.35969141125679 0.06290829181671 0
vt 0.35821738839149 0.05315923690796 0
vt 0.35821738839149 0.06290829181671 0
vt 0.35682189464569 0.05315923690796 0
vt 0.35680890083313 0.06290829181671 0
vt 0.35546889901161 0.05315709114075 0
vt 0.35545399785042 0.0629061460495 0
vt 0.34323498606682 0.05315375328064 0
vt 0.3432323038578 0.06290280818939 0
vt 0.36924588680267 0.06290829181671 0
vt 0.36924588680267 0.05315923690796 0
vt 0.35813790559769 0.05269467830658 0
vt 0.35418871045113 0.05268859863281 0
vt 0.3593102991581 0.0518012046814 0
vt 0.35308489203453 0.05179166793823 0
vt 0.36024421453476 0.05055129528046 0
vt 0.35224691033363 0.05053901672363 0
vt 0.36086389422417 0.0490460395813 0
vt 0.35174259543419 0.04903197288513 0
vt 0.36111930012703 0.04740738868713 0
vt 0.35161289572716 0.04739284515381 0
vt 0.36112651228905 0.04269957542419 0
vt 0.35161998867989 0.04268491268158 0
vt 0.36049661040306 0.07363736629486 0
vt 0.3607628941536 0.06893706321716 0
vt 0.35127168893814 0.06839942932129 0
vt 0.35100540518761 0.07309973239899 0
vt 0.36060321331024 0.06728637218475 0
vt 0.35149639844894 0.06677055358887 0
vt 0.36007189750671 0.06574773788452 0
vt 0.35208740830421 0.06529545783997 0
vt 0.35921210050583 0.06444561481476 0
vt 0.35299670696259 0.06409358978271 0
vt 0.3580935895443 0.06348562240601 0
vt 0.35415080189705 0.06326234340668 0
# 52 texture coordinates

o Had_hinge_02
usemtl default
f 768/1264/514 769/1263/515 781/1262/515 780/1261/514
f 769/1263/515 770/1266/516 782/1265/516 781/1262/515
f 770/1266/516 771/1268/517 783/1267/517 782/1265/516
f 771/1268/517 772/1270/518 784/1269/518 783/1267/517
f 773/1274/519 774/1273/520 786/1272/520 785/1271/519
f 774/1273/520 775/1276/521 787/1275/521 786/1272/520
f 775/1276/521 776/1278/522 788/1277/522 787/1275/521
f 776/1278/522 777/1280/523 789/1279/523 788/1277/522
f 777/1280/523 778/1282/525 790/1281/524 789/1279/523
f 778/1282/525 779/1284/527 791/1283/526 790/1281/524
f 779/1284/527 768/1264/514 780/1261/514 791/1283/526
f 784/1269/518 772/1270/518 792/1286/87 793/1285/87
f 773/1274/519 785/1271/519 795/1288/195 794/1287/195
f 791/1283/513 780/1290/513 789/1289/513 790/1281/513
f 780/1290/513 781/1292/513 788/1291/513 789/1289/513
f 781/1292/513 782/1294/513 787/1293/513 788/1291/513
f 782/1294/513 783/1296/2 786/1295/2 787/1293/513
f 783/1296/2 784/1298/2 785/1297/2 786/1295/2
f 784/1298/2 793/1300/2 795/1299/2 785/1297/2
f 792/1304/1 772/1303/1 773/1302/1 794/1301/1
f 772/1303/1 771/1306/1 774/1305/1 773/1302/1
f 771/1306/1 770/1308/1 775/1307/1 774/1305/1
f 770/1308/1 769/1310/1 776/1309/1 775/1307/1
f 769/1310/1 768/1312/294 777/1311/294 776/1309/1
f 768/1312/294 779/1284/294 778/1282/294 777/1311/294

v 4.76184415817261 15.18330001831055 -30.8138599395752
v 4.76184415817261 15.43163967132568 -30.61269950866699
v 4.76184415817261 15.62038040161133 -30.33149909973145
v 4.76184415817261 15.73421955108643 -29.9930591583252
v 4.76184415817261 15.76393985748291 -29.62476921081543
v 4.76184415817261 13.62780952453613 -29.62476921081543
v 4.76184415817261 13.68463039398193 -29.9930591583252
v 4.76184415817261 13.82336044311523 -30.33149909973145
v 4.76184415817261 14.03277969360352 -30.61269950866699
v 4.76184415817261 14.29592037200928 -30.8138599395752
v 4.76184415817261 14.59146976470947 -30.92705917358398
v 4.76184415817261 14.89546966552734 -30.91031074523926
v 6.95247888565063 15.18330001831055 -30.8138599395752
v 6.95247888565063 15.43163967132568 -30.61269950866699
v 6.95247888565063 15.62038040161133 -30.33149909973145
v 6.95247888565063 15.73421955108643 -29.9930591583252
v 6.95247888565063 15.76393985748291 -29.62476921081543
v 6.95247888565063 13.62780952453613 -29.62476921081543
v 6.95247888565063 13.68463039398193 -29.9930591583252
v 6.95247888565063 13.82336044311523 -30.33149909973145
v 6.95247888565063 14.03277969360352 -30.61269950866699
v 6.95247888565063 14.29592037200928 -30.8138599395752
v 6.95247888565063 14.59146976470947 -30.91868019104004
v 6.95247888565063 14.89546966552734 -30.91868019104004
v 4.76184415817261 15.76393985748291 -28.56689071655273
v 6.95247888565063 15.76393985748291 -28.56689071655273
v 4.76184415817261 13.62780952453613 -28.56689071655273
v 6.95247888565063 13.62780952453613 -28.56689071655273
# 28 vertices

# 0 normal

vt 0.52664709091187 0.04442942142487 0
vt 0.52522492408752 0.04442894458771 0
vt 0.52522218227386 0.05417799949646 0
vt 0.52664440870285 0.05417835712433 0
vt 0.52371770143509 0.04442858695984 0
vt 0.52371501922607 0.0541775226593 0
vt 0.52212858200073 0.04442811012268 0
vt 0.52212589979172 0.05417716503143 0
vt 0.52048432826996 0.04442775249481 0
vt 0.52048170566559 0.05417668819427 0
vt 0.53707927465439 0.04443192481995 0
vt 0.53542101383209 0.04443192481995 0
vt 0.53542101383209 0.05418086051941 0
vt 0.53707927465439 0.05418086051941 0
vt 0.53379321098328 0.04443192481995 0
vt 0.53379321098328 0.05418086051941 0
vt 0.5322328209877 0.04443192481995 0
vt 0.5322328209877 0.05418086051941 0
vt 0.53075879812241 0.04443192481995 0
vt 0.53075879812241 0.05418086051941 0
vt 0.52936327457428 0.04443180561066 0
vt 0.52935039997101 0.05418086051941 0
vt 0.52801042795181 0.04442977905273 0
vt 0.52799540758133 0.05417883396149 0
vt 0.51577639579773 0.04442644119263 0
vt 0.51577377319336 0.05417537689209 0
vt 0.54178732633591 0.05418086051941 0
vt 0.54178732633591 0.04443192481995 0
vt 0.53067928552628 0.04396736621857 0
vt 0.52673017978668 0.0439612865448 0
vt 0.53185170888901 0.04307389259338 0
vt 0.52562630176544 0.04306435585022 0
vt 0.53278559446335 0.04182386398315 0
vt 0.52478832006454 0.04181158542633 0
vt 0.53340530395508 0.04031872749329 0
vt 0.5242840051651 0.04030478000641 0
vt 0.53366070985794 0.03868019580841 0
vt 0.52415430545807 0.0386655330658 0
vt 0.53366792201996 0.03397214412689 0
vt 0.52416151762009 0.03395760059357 0
vt 0.53303807973862 0.06491005420685 0
vt 0.53330427408218 0.06020975112915 0
vt 0.52381312847137 0.05967211723328 0
vt 0.52354681491852 0.06437242031097 0
vt 0.53314459323883 0.05855894088745 0
vt 0.52403777837753 0.05804324150085 0
vt 0.53261339664459 0.05702030658722 0
vt 0.52462881803513 0.05656814575195 0
vt 0.53175359964371 0.05571830272675 0
vt 0.52553820610046 0.05536615848541 0
vt 0.53063499927521 0.0547581911087 0
vt 0.52669221162796 0.05453491210938 0
# 52 texture coordinates

o Hand_hinge_01
usemtl default
f 796/1316/514 797/1315/515 809/1314/515 808/1313/514
f 797/1315/515 798/1318/516 810/1317/516 809/1314/515
f 798/1318/516 799/1320/517 811/1319/517 810/1317/516
f 799/1320/517 800/1322/518 812/1321/518 811/1319/517
f 801/1326/519 802/1325/520 814/1324/520 813/1323/519
f 802/1325/520 803/1328/521 815/1327/521 814/1324/520
f 803/1328/521 804/1330/522 816/1329/522 815/1327/521
f 804/1330/522 805/1332/523 817/1331/523 816/1329/522
f 805/1332/523 806/1334/525 818/1333/524 817/1331/523
f 806/1334/525 807/1336/527 819/1335/526 818/1333/524
f 807/1336/527 796/1316/514 808/1313/514 819/1335/526
f 812/1321/518 800/1322/518 820/1338/87 821/1337/87
f 801/1326/519 813/1323/519 823/1340/195 822/1339/195
f 819/1335/513 808/1342/513 817/1341/513 818/1333/513
f 808/1342/513 809/1344/513 816/1343/513 817/1341/513
f 809/1344/513 810/1346/513 815/1345/513 816/1343/513
f 810/1346/513 811/1348/2 814/1347/2 815/1345/513
f 811/1348/2 812/1350/2 813/1349/2 814/1347/2
f 812/1350/2 821/1352/2 823/1351/2 813/1349/2
f 820/1356/1 800/1355/1 801/1354/1 822/1353/1
f 800/1355/1 799/1358/1 802/1357/1 801/1354/1
f 799/1358/1 798/1360/1 803/1359/1 802/1357/1
f 798/1360/1 797/1362/1 804/1361/1 803/1359/1
f 797/1362/1 796/1364/294 805/1363/294 804/1361/1
f 796/1364/294 807/1336/294 806/1334/294 805/1363/294

v -21.63359069824219 23.7617301940918 -12.89834022521973
v -21.43243026733398 24.01007080078125 -12.89834022521973
v -21.15122985839844 24.19881057739258 -12.89834022521973
v -20.81278991699219 24.31265068054199 -12.89834022521973
v -20.44449996948242 24.34236907958984 -12.89834022521973
v -20.44449996948242 22.20623970031738 -12.89834976196289
v -20.81278991699219 22.2630500793457 -12.89834022521973
v -21.15122985839844 22.40179061889648 -12.89834022521973
v -21.43243026733398 22.61120986938477 -12.89832973480225
v -21.63357925415039 22.87434959411621 -12.89832973480225
v -21.74678993225098 23.16988945007324 -12.89832973480225
v -21.73003005981445 23.47389984130859 -12.89832973480225
v -21.63359069824219 23.7617301940918 -20.52796936035156
v -21.43243026733398 24.01007080078125 -20.52796936035156
v -21.15122985839844 24.19881057739258 -20.52796936035156
v -20.81278991699219 24.31265068054199 -20.52796936035156
v -20.44449996948242 24.34236907958984 -20.52796936035156
v -20.44449996948242 22.20623970031738 -20.52796936035156
v -20.81278991699219 22.2630500793457 -20.52796936035156
v -21.15122985839844 22.40179061889648 -20.52796936035156
v -21.43243026733398 22.61120986938477 -20.52796936035156
v -21.63357925415039 22.87434959411621 -20.52796936035156
v -21.73841094970703 23.16988945007324 -20.52796936035156
v -21.73841094970703 23.47389984130859 -20.52796936035156
v -19.38661956787109 24.34236907958984 -12.89834022521973
v -19.38661956787109 24.34236907958984 -20.52796936035156
v -19.38661956787109 22.20623970031738 -12.89834022521973
v -19.38661956787109 22.20623970031738 -20.52796936035156
# 28 vertices

vn -0.87144029140472 0.49050158262253 0.00025000079768
vn -0.67146956920624 0.74103212356567 0
vn -0.43879365921021 0.89858788251877 0
vn -0.19906602799892 0.97998607158661 0
vn -0.0208125449717 0.99978339672089 0
vn -0.03978208079934 -0.99920839071274 0
vn -0.2666589319706 -0.96379095315933 0
vn -0.48983237147331 -0.87181663513184 0
vn -0.69981950521469 -0.71431970596313 0
vn -0.87430018186569 -0.4853855073452 -0.00025000542519
vn -0.98619896173477 -0.16556441783905 -0.00025000292226
vn -0.98620915412903 -0.16550363600254 -0.00025000548339
vn -0.98345929384232 0.18112902343273 0.00025000557071
vn -0.98345375061035 0.18115924298763 0.00025000414462
# 14 normals

vt 0.178197696805 0.01535058021545 0
vt 0.17677539587021 0.01535046100616 0
vt 0.17677269876003 0.04930472373962 0
vt 0.17819499969482 0.04930484294891 0
vt 0.1752682030201 0.01535034179688 0
vt 0.17526559531689 0.04930460453033 0
vt 0.1736790984869 0.01535022258759 0
vt 0.17367650568485 0.04930448532104 0
vt 0.17203480005264 0.0153501033783 0
vt 0.17203210294247 0.04930436611176 0
vt 0.18862989544868 0.01535129547119 0
vt 0.18697150051594 0.01535129547119 0
vt 0.18697150051594 0.04930555820465 0
vt 0.18862989544868 0.04930555820465 0
vt 0.18534369766712 0.01535129547119 0
vt 0.18534369766712 0.04930555820465 0
vt 0.18378339707851 0.01535129547119 0
vt 0.18378339707851 0.04930555820465 0
vt 0.18230940401554 0.01535129547119 0
vt 0.18230940401554 0.04930555820465 0
vt 0.18091380596161 0.01535129547119 0
vt 0.18090090155602 0.04930555820465 0
vt 0.1795608997345 0.01535069942474 0
vt 0.17954589426517 0.0493049621582 0
vt 0.16732689738274 0.01534974575043 0
vt 0.16732430458069 0.04930400848389 0
vt 0.19333779811859 0.04930555820465 0
vt 0.19333779811859 0.01535129547119 0
vt 0.18222929537296 0.01488542556763 0
vt 0.17828020453453 0.01488363742828 0
vt 0.18340070545673 0.01399075984955 0
vt 0.1771754026413 0.01398801803589 0
vt 0.18433329463005 0.01273965835571 0
vt 0.17633600533009 0.01273620128632 0
vt 0.18495139479637 0.01123380661011 0
vt 0.17583000659943 0.01122975349426 0
vt 0.1852048933506 0.00959491729736 0
vt 0.17569850385189 0.00959074497223 0
vt 0.18520699441433 0.00488698482513 0
vt 0.17570060491562 0.0048828125 0
vt 0.18460009992123 0.06003081798553 0
vt 0.18486130237579 0.05533015727997 0
vt 0.17536950111389 0.054802775383 0
vt 0.17510829865932 0.05950343608856 0
vt 0.18469980359077 0.05367970466614 0
vt 0.17559249699116 0.05317354202271 0
vt 0.184166893363 0.05214154720306 0
vt 0.17618189752102 0.05169785022736 0
vt 0.18330579996109 0.05084037780762 0
vt 0.17709000408649 0.05049502849579 0
vt 0.18218620121479 0.04988157749176 0
vt 0.17824320495129 0.04966247081757 0
# 52 texture coordinates

o Hinge_left
usemtl default
f 824/1368/528 825/1367/529 837/1366/529 836/1365/528
f 825/1367/529 826/1370/530 838/1369/530 837/1366/529
f 826/1370/530 827/1372/531 839/1371/531 838/1369/530
f 827/1372/531 828/1374/532 840/1373/532 839/1371/531
f 829/1378/533 830/1377/534 842/1376/534 841/1375/533
f 830/1377/534 831/1380/535 843/1379/535 842/1376/534
f 831/1380/535 832/1382/536 844/1381/536 843/1379/535
f 832/1382/536 833/1384/537 845/1383/537 844/1381/536
f 833/1384/537 834/1386/539 846/1385/538 845/1383/537
f 834/1386/539 835/1388/541 847/1387/540 846/1385/538
f 835/1388/541 824/1368/528 836/1365/528 847/1387/540
f 840/1373/532 828/1374/532 848/1390/87 849/1389/87
f 829/1378/533 841/1375/533 851/1392/195 850/1391/195
f 847/1387/96 836/1394/96 845/1393/96 846/1385/96
f 836/1394/96 837/1396/45 844/1395/45 845/1393/96
f 837/1396/45 838/1398/45 843/1397/45 844/1395/45
f 838/1398/45 839/1400/96 842/1399/96 843/1397/45
f 839/1400/96 840/1402/96 841/1401/96 842/1399/96
f 840/1402/96 849/1404/45 851/1403/45 841/1401/96
f 848/1408/102 828/1407/102 829/1406/102 850/1405/102
f 828/1407/102 827/1410/102 830/1409/102 829/1406/102
f 827/1410/102 826/1412/102 831/1411/102 830/1409/102
f 826/1412/102 825/1414/102 832/1413/102 831/1411/102
f 825/1414/102 824/1416/102 833/1415/102 832/1413/102
f 824/1416/102 835/1388/102 834/1386/102 833/1415/102

v -21.63359069824219 23.7617301940918 20.59163093566895
v -21.43243026733398 24.01007080078125 20.59163093566895
v -21.15122985839844 24.19881057739258 20.59163093566895
v -20.81278991699219 24.31265068054199 20.59163093566895
v -20.44449996948242 24.34236907958984 20.59163093566895
v -20.44449996948242 22.20623970031738 20.59161949157715
v -20.81278991699219 22.2630500793457 20.59163093566895
v -21.15122985839844 22.40179061889648 20.59163093566895
v -21.43243026733398 22.61120986938477 20.59164047241211
v -21.63357925415039 22.87434959411621 20.59164047241211
v -21.74678993225098 23.16988945007324 20.59164047241211
v -21.73003959655762 23.47389984130859 20.59164047241211
v -21.63359069824219 23.7617301940918 12.96199989318848
v -21.43243026733398 24.01007080078125 12.96199989318848
v -21.15122985839844 24.19881057739258 12.96199989318848
v -20.81278991699219 24.31265068054199 12.96199989318848
v -20.44449996948242 24.34236907958984 12.96199989318848
v -20.44449996948242 22.20623970031738 12.96199989318848
v -20.81278991699219 22.2630500793457 12.96199989318848
v -21.15122985839844 22.40179061889648 12.96199989318848
v -21.43243026733398 22.61120986938477 12.96199989318848
v -21.63357925415039 22.87434959411621 12.96199989318848
v -21.73841094970703 23.16988945007324 12.96199989318848
v -21.73841094970703 23.47389984130859 12.96199989318848
v -19.38661956787109 24.34236907958984 20.59163093566895
v -19.38661956787109 24.34236907958984 12.96199989318848
v -19.38661956787109 22.20623970031738 20.59163093566895
v -19.38661956787109 22.20623970031738 12.96199989318848
# 28 vertices

# 0 normal

vt 0.47025561332703 0.01535058021545 0
vt 0.46883338689804 0.01535046100616 0
vt 0.46883070468903 0.04930472373962 0
vt 0.47025290131569 0.04930472373962 0
vt 0.46732619404793 0.01535034179688 0
vt 0.46732351183891 0.04930460453033 0
vt 0.46573710441589 0.01535022258759 0
vt 0.46573439240456 0.04930448532104 0
vt 0.46409279108047 0.0153501033783 0
vt 0.46409019827843 0.04930424690247 0
vt 0.48068779706955 0.01535129547119 0
vt 0.47902950644493 0.01535129547119 0
vt 0.47902950644493 0.04930555820465 0
vt 0.48068779706955 0.04930543899536 0
vt 0.47740170359612 0.01535129547119 0
vt 0.47740170359612 0.04930555820465 0
vt 0.47584131360054 0.01535129547119 0
vt 0.47584131360054 0.04930555820465 0
vt 0.47436740994453 0.01535129547119 0
vt 0.47436740994453 0.04930555820465 0
vt 0.47297179698944 0.01535129547119 0
vt 0.47295889258385 0.04930555820465 0
vt 0.47161889076233 0.01535069942474 0
vt 0.47160390019417 0.0493049621582 0
vt 0.45938488841057 0.01534974575043 0
vt 0.45938220620155 0.0493038892746 0
vt 0.48539578914642 0.04930555820465 0
vt 0.48539578914642 0.01535129547119 0
vt 0.47428721189499 0.01488542556763 0
vt 0.4703381061554 0.01488363742828 0
vt 0.47545871138573 0.01399075984955 0
vt 0.46923330426216 0.01398801803589 0
vt 0.47639128565788 0.01273965835571 0
vt 0.46839401125908 0.01273620128632 0
vt 0.47700929641724 0.01123380661011 0
vt 0.46788799762726 0.01122975349426 0
vt 0.47726291418076 0.00959491729736 0
vt 0.46775650978088 0.00959074497223 0
vt 0.47726491093636 0.00488698482513 0
vt 0.46775850653648 0.0048828125 0
vt 0.47665840387344 0.06003069877625 0
vt 0.47691941261292 0.05533003807068 0
vt 0.46742761135101 0.05480289459229 0
vt 0.46716660261154 0.05950355529785 0
vt 0.47675800323486 0.05367958545685 0
vt 0.46765059232712 0.05317366123199 0
vt 0.47622489929199 0.05214142799377 0
vt 0.46823990345001 0.05169796943665 0
vt 0.47536379098892 0.05084025859833 0
vt 0.46914801001549 0.05049502849579 0
vt 0.47424420714378 0.04988157749176 0
vt 0.47030121088028 0.04966247081757 0
# 52 texture coordinates

o hinge_right
usemtl default
f 852/1420/528 853/1419/529 865/1418/529 864/1417/528
f 853/1419/529 854/1422/530 866/1421/530 865/1418/529
f 854/1422/530 855/1424/531 867/1423/531 866/1421/530
f 855/1424/531 856/1426/532 868/1425/532 867/1423/531
f 857/1430/533 858/1429/534 870/1428/534 869/1427/533
f 858/1429/534 859/1432/535 871/1431/535 870/1428/534
f 859/1432/535 860/1434/536 872/1433/536 871/1431/535
f 860/1434/536 861/1436/537 873/1435/537 872/1433/536
f 861/1436/537 862/1438/539 874/1437/538 873/1435/537
f 862/1438/539 863/1440/541 875/1439/540 874/1437/538
f 863/1440/541 852/1420/528 864/1417/528 875/1439/540
f 868/1425/532 856/1426/532 876/1442/87 877/1441/87
f 857/1430/533 869/1427/533 879/1444/195 878/1443/195
f 875/1439/96 864/1446/96 873/1445/96 874/1437/96
f 864/1446/96 865/1448/45 872/1447/45 873/1445/96
f 865/1448/45 866/1450/45 871/1449/45 872/1447/45
f 866/1450/45 867/1452/96 870/1451/96 871/1449/45
f 867/1452/96 868/1454/96 869/1453/96 870/1451/96
f 868/1454/96 877/1456/45 879/1455/45 869/1453/96
f 876/1460/102 856/1459/102 857/1458/102 878/1457/102
f 856/1459/102 855/1462/102 858/1461/102 857/1458/102
f 855/1462/102 854/1464/102 859/1463/102 858/1461/102
f 854/1464/102 853/1466/102 860/1465/102 859/1463/102
f 853/1466/102 852/1468/102 861/1467/102 860/1465/102
f 852/1468/102 863/1440/102 862/1438/102 861/1467/102

v 23.1892204284668 17.08321952819824 0
v 22.92318916320801 17.66576957702637 0
v 22.50379943847656 18.14975929260254 0
v 21.96504974365234 18.49600028991699 0
v 21.45730972290039 18.67642021179199 0
v 21.45730972290039 14.22222995758057 0
v 21.96504974365234 14.40264987945557 0
v 22.50379943847656 14.7488899230957 0
v 22.92317962646484 15.23287963867188 0
v 23.1892204284668 15.8154296875 0
v 23.28035926818848 16.4493293762207 0
v 23.28562927246094 17.11153030395508 0.375
v 23.00772094726562 17.72009086608887 0.375
v 22.56959915161133 18.22570037841797 0.375
v 22.00679016113281 18.58740043640137 0.375
v 21.45730972290039 18.77588081359863 0.375
v 21.45730972290039 14.12277030944824 0.375
v 22.00679016113281 14.31124973297119 0.375
v 22.56959915161133 14.67294979095459 0.375
v 23.00770950317383 15.17856025695801 0.375
v 23.28562927246094 15.78711986541748 0.375
v 23.38084030151367 16.4493293762207 0.375
v 23.54903030395508 17.18886947631836 0.64951902627945
v 23.23866081237793 17.86850929260254 0.64951902627945
v 22.74937057495117 18.43317031860352 0.64951902627945
v 22.12083053588867 18.83711051940918 0.64951902627945
v 21.45730972290039 19.04760932922363 0.64951902627945
v 21.45730972290039 13.85103988647461 0.64951902627945
v 22.12083053588867 14.06153964996338 0.64951902627945
v 22.74937057495117 14.46547985076904 0.64951902627945
v 23.23864936828613 15.0301399230957 0.64951902627945
v 23.54903030395508 15.70977973937988 0.64951902627945
v 23.65535926818848 16.4493293762207 0.64951902627945
v 23.90884017944336 17.29451942443848 0.75
v 23.55411911010742 18.07125091552734 0.75
v 22.99494934082031 18.7165699005127 0.75
v 22.27660942077637 19.17822074890137 0.75
v 21.45730972290039 19.41879081726074 0.75
v 21.45730972290039 13.47986030578613 0.75
v 22.27660942077637 13.72043037414551 0.75
v 22.99494934082031 14.18208026885986 0.75
v 23.55411911010742 14.82740020751953 0.75
v 23.90884017944336 15.60412979125977 0.75
v 24.03035926818848 16.4493293762207 0.75
v 24.26865005493164 17.40016937255859 0.64951902627945
v 23.86959075927734 18.27399063110352 0.64951902627945
v 23.24052047729492 18.99998092651367 0.64951902627945
v 22.4323902130127 19.51932907104492 0.64951902627945
v 21.45730972290039 19.78997039794922 0.64951902627945
v 21.45730972290039 13.10867977142334 0.64951902627945
v 22.4323902130127 13.37932014465332 0.64951902627945
v 23.24052047729492 13.8986701965332 0.64951902627945
v 23.86959075927734 14.62465953826904 0.64951902627945
v 24.26865005493164 15.49847984313965 0.64951902627945
v 24.40535926818848 16.4493293762207 0.64951902627945
v 24.53204917907715 17.47751045227051 0.375
v 24.10053062438965 18.42239952087402 0.375
v 23.42028999328613 19.20745086669922 0.375
v 22.54643058776855 19.76903915405273 0.375
v 21.45730972290039 20.06170082092285 0.375
v 21.45730972290039 12.83695030212402 0.375
v 22.54643058776855 13.12961006164551 0.375
v 23.42028999328613 13.69120025634766 0.375
v 24.10053062438965 14.47624969482422 0.375
v 24.53204917907715 15.42113971710205 0.375
v 24.67988014221191 16.4493293762207 0.375
v 24.62845993041992 17.50581932067871 0
v 24.18506050109863 18.47673034667969 0
v 23.4860897064209 19.28339004516602 0
v 22.58816909790039 19.86043930053711 0
v 21.45730972290039 20.16115951538086 0
v 21.45730972290039 12.73748970031738 0
v 22.58816909790039 13.03820037841797 0
v 23.4860897064209 13.61526012420654 0
v 24.18506050109863 14.42191982269287 0
v 24.62845993041992 15.39282989501953 0
v 24.78035926818848 16.4493293762207 0
v 24.53204917907715 17.47751045227051 -0.375
v 24.10053062438965 18.42239952087402 -0.375
v 23.42028999328613 19.20745086669922 -0.375
v 22.54643058776855 19.76903915405273 -0.375
v 21.45730972290039 20.06170082092285 -0.375
v 21.45730972290039 12.83695030212402 -0.375
v 22.54643058776855 13.12961006164551 -0.375
v 23.42028999328613 13.69120025634766 -0.375
v 24.10053062438965 14.47624969482422 -0.375
v 24.53204917907715 15.42113971710205 -0.375
v 24.67988014221191 16.4493293762207 -0.375
v 24.26865005493164 17.40016937255859 -0.64951902627945
v 23.86959075927734 18.27399063110352 -0.64951902627945
v 23.24052047729492 18.99998092651367 -0.64951902627945
v 22.4323902130127 19.51932907104492 -0.64951902627945
v 21.45730972290039 19.78997039794922 -0.64951902627945
v 21.45730972290039 13.10867977142334 -0.64951902627945
v 22.4323902130127 13.37932014465332 -0.64951902627945
v 23.24052047729492 13.8986701965332 -0.64951902627945
v 23.86959075927734 14.62465953826904 -0.64951902627945
v 24.26865005493164 15.49847984313965 -0.64951902627945
v 24.40535926818848 16.4493293762207 -0.64951902627945
v 23.90884017944336 17.29451942443848 -0.75
v 23.55411911010742 18.07125091552734 -0.75
v 22.99494934082031 18.7165699005127 -0.75
v 22.27660942077637 19.17822074890137 -0.75
v 21.45730972290039 19.41879081726074 -0.75
v 21.45730972290039 13.47986030578613 -0.75
v 22.27660942077637 13.72043037414551 -0.75
v 22.99494934082031 14.18208026885986 -0.75
v 23.55411911010742 14.82740020751953 -0.75
v 23.90884017944336 15.60412979125977 -0.75
v 24.03035926818848 16.4493293762207 -0.75
v 23.54903030395508 17.18886947631836 -0.64951902627945
v 23.23866081237793 17.86850929260254 -0.64951902627945
v 22.74937057495117 18.43317031860352 -0.64951902627945
v 22.12083053588867 18.83711051940918 -0.64951902627945
v 21.45730972290039 19.04760932922363 -0.64951902627945
v 21.45730972290039 13.85103988647461 -0.64951902627945
v 22.12083053588867 14.06153964996338 -0.64951902627945
v 22.74937057495117 14.46547985076904 -0.64951902627945
v 23.23864936828613 15.0301399230957 -0.64951902627945
v 23.54903030395508 15.70977973937988 -0.64951902627945
v 23.65535926818848 16.4493293762207 -0.64951902627945
v 23.28562927246094 17.11153030395508 -0.375
v 23.00772094726562 17.72009086608887 -0.375
v 22.56959915161133 18.22570037841797 -0.375
v 22.00679016113281 18.58740043640137 -0.375
v 21.45730972290039 18.77588081359863 -0.375
v 21.45730972290039 14.12277030944824 -0.375
v 22.00679016113281 14.31124973297119 -0.375
v 22.56959915161133 14.67294979095459 -0.375
v 23.00770950317383 15.17856025695801 -0.375
v 23.28562927246094 15.78711986541748 -0.375
v 23.38084030151367 16.4493293762207 -0.375
v 19.92638969421387 18.67642021179199 0
v 19.92638969421387 18.77588081359863 0.375
v 19.92638969421387 14.22222995758057 0
v 19.92638969421387 14.12277030944824 0.375
v 19.92638969421387 19.04760932922363 0.64951902627945
v 19.92638969421387 13.85103988647461 0.64951902627945
v 19.92638969421387 19.41879081726074 0.75
v 19.92638969421387 13.47986030578613 0.75
v 19.92638969421387 19.78997039794922 0.64951902627945
v 19.92638969421387 13.10867977142334 0.64951902627945
v 19.92638969421387 20.06170082092285 0.375
v 19.92638969421387 12.83695030212402 0.375
v 19.92638969421387 20.16115951538086 0
v 19.92638969421387 12.73748970031738 0
v 19.92638969421387 20.06170082092285 -0.375
v 19.92638969421387 12.83695030212402 -0.375
v 19.92638969421387 19.78997039794922 -0.64951902627945
v 19.92638969421387 13.10867977142334 -0.64951902627945
v 19.92638969421387 19.41879081726074 -0.75
v 19.92638969421387 13.47986030578613 -0.75
v 19.92638969421387 19.04760932922363 -0.64951902627945
v 19.92638969421387 13.85103988647461 -0.64951902627945
v 19.92638969421387 18.77588081359863 -0.375
v 19.92638969421387 14.12277030944824 -0.375
# 156 vertices

vn -0.71913921833038 -0.4621653854847 0.51888525485992
vn -0.82021641731262 -0.24082098901272 0.51889330148697
vn -0.95949476957321 -0.28172641992569 0
vn -0.84125971794128 -0.54063123464584 0
vn -0.5597972869873 -0.6460497379303 0.51888984441757
vn -0.65486627817154 -0.7557447552681 0
vn -0.37870144844055 -0.76896584033966 0.51505023241043
vn -0.44682604074478 -0.8946208357811 0
vn -0.0800947919488 -0.85741746425629 0.50835037231445
vn -0.09275017678738 -0.99568939208984 0
vn -0.37870144844055 0.76896584033966 0.51505023241043
vn -0.0800947919488 0.85741746425629 0.50835037231445
vn -0.09275017678738 0.99568939208984 0
vn -0.44682604074478 0.8946208357811 0
vn -0.5597972869873 0.6460497379303 0.51888984441757
vn -0.65485084056854 0.75575816631317 0
vn -0.71913921833038 0.4621653854847 0.51888525485992
vn -0.84125971794128 0.54063123464584 0
vn -0.82021641731262 0.24082098901272 0.51889330148697
vn -0.95949476957321 0.28172641992569 0
vn -0.85483998060226 0 0.51889169216156
vn -0.59485572576523 -0.38228896260262 0.70710802078247
vn -0.67845964431763 -0.19919401407242 0.70711690187454
vn -0.46304604411125 -0.53439205884933 0.70711630582809
vn -0.30985331535339 -0.64076977968216 0.70242792367935
vn -0.05925166979432 -0.70692616701126 0.70480108261108
vn -0.30985331535339 0.64076977968216 0.70242792367935
vn -0.05925166979432 0.70692616701126 0.70480108261108
vn -0.46304604411125 0.53439205884933 0.70711630582809
vn -0.59485572576523 0.38228896260262 0.70710802078247
vn -0.67845964431763 0.19919401407242 0.70711690187454
vn -0.21772417426109 -0.1399097442627 0.96593034267426
vn -0.24831879138947 -0.07290809601545 0.96593075990677
vn -0.16947285830975 -0.19559848308563 0.96592968702316
vn -0.11031501740217 -0.23706790804863 0.96520948410034
vn -0.11050269007683 -0.23697452247143 0.96521097421646
vn -0.02253163233399 -0.2595981657505 0.96545386314392
vn -0.02878149040043 -0.25912714004517 0.96541428565979
vn -0.11031501740217 0.23706790804863 0.96520948410034
vn -0.02253163233399 0.2595981657505 0.96545386314392
vn -0.02878149040043 0.25912714004517 0.96541428565979
vn -0.11050269007683 0.23697452247143 0.96521097421646
vn -0.16947285830975 0.19559848308563 0.96592968702316
vn -0.21772417426109 0.1399097442627 0.96593034267426
vn -0.24831879138947 0.07290809601545 0.96593075990677
vn -0.2588178217411 0 0.96592617034912
vn 0.21772417426109 0.1399097442627 0.96593034267426
vn 0.24831879138947 0.07290809601545 0.96593075990677
vn 0.16947285830975 0.19559848308563 0.96592968702316
vn 0.1071912124753 0.23807074129581 0.96531462669373
vn 0.10700346529484 0.23816394805908 0.96531248092651
vn 0.02428154088557 0.25969061255455 0.96538656949997
vn 0.03012580983341 0.25925695896149 0.96533840894699
vn 0.1071912124753 -0.23807074129581 0.96531462669373
vn 0.02428154088557 -0.25969061255455 0.96538656949997
vn 0.03012556582689 -0.25928610563278 0.96533060073853
vn 0.10700346529484 -0.23816394805908 0.96531248092651
vn 0.16947285830975 -0.19559848308563 0.96592968702316
vn 0.21772417426109 -0.1399097442627 0.96593034267426
vn 0.24831879138947 -0.07290809601545 0.96593075990677
vn 0.2588178217411 0 0.96592617034912
vn 0.73639106750488 0.47322908043861 0.48351055383682
vn 0.83988726139069 0.24659734964371 0.48350709676743
vn 0.67845964431763 0.19919401407242 0.70711690187454
vn 0.59485572576523 0.38228896260262 0.70710802078247
vn 0.57322573661804 0.66153931617737 0.48350590467453
vn 0.46304604411125 0.53439205884933 0.70711630582809
vn 0.35094556212425 0.80495601892471 0.4784172475338
vn 0.28506928682327 0.65039050579071 0.7040793299675
vn 0.09540902078152 0.86918151378632 0.48520159721375
vn 0.08287701010704 0.70573592185974 0.70361083745956
vn 0.35094556212425 -0.80495601892471 0.4784172475338
vn 0.09540902078152 -0.86918151378632 0.48520159721375
vn 0.08287701010704 -0.70573592185974 0.70361083745956
vn 0.28506928682327 -0.65039050579071 0.7040793299675
vn 0.57322573661804 -0.66153931617737 0.48350590467453
vn 0.46304604411125 -0.53439205884933 0.70711630582809
vn 0.73639106750488 -0.47322908043861 0.48351055383682
vn 0.59485572576523 -0.38228896260262 0.70710802078247
vn 0.83988726139069 -0.24659734964371 0.48350709676743
vn 0.67845964431763 -0.19919401407242 0.70711690187454
vn 0.87533688545227 0 0.48351347446442
vn 0.84125971794128 0.54063123464584 0
vn 0.95949476957321 0.28172641992569 0
vn 0.65486627817154 0.7557447552681 0
vn 0.39835011959076 0.91723346710205 0
vn 0.10890849679708 0.99405175447464 0
vn 0.39835011959076 -0.91723346710205 0
vn 0.10890849679708 -0.99405175447464 0
vn 0.65485084056854 -0.75575816631317 0
vn 0.84125971794128 -0.54063123464584 0
vn 0.95949476957321 -0.28172641992569 0
vn 0.73639106750488 0.47322908043861 -0.48351055383682
vn 0.83988726139069 0.24659734964371 -0.48350709676743
vn 0.57322573661804 0.66153931617737 -0.48350590467453
vn 0.35094556212425 0.80495601892471 -0.4784172475338
vn 0.09540902078152 0.86918151378632 -0.48520159721375
vn 0.35094556212425 -0.80495601892471 -0.4784172475338
vn 0.09540902078152 -0.86918151378632 -0.48520159721375
vn 0.57322573661804 -0.66153931617737 -0.48350590467453
vn 0.73639106750488 -0.47322908043861 -0.48351055383682
vn 0.83988726139069 -0.24659734964371 -0.48350709676743
vn 0.87533688545227 0 -0.48351347446442
vn 0.59485572576523 0.38228896260262 -0.70710802078247
vn 0.67845964431763 0.19919401407242 -0.70711690187454
vn 0.46304604411125 0.53439205884933 -0.70711630582809
vn 0.28506928682327 0.65039050579071 -0.7040793299675
vn 0.08287701010704 0.70573592185974 -0.70361083745956
vn 0.28506928682327 -0.65039050579071 -0.7040793299675
vn 0.08287701010704 -0.70573592185974 -0.70361083745956
vn 0.46304604411125 -0.53439205884933 -0.70711630582809
vn 0.59485572576523 -0.38228896260262 -0.70710802078247
vn 0.67845964431763 -0.19919401407242 -0.70711690187454
vn 0.21772417426109 0.1399097442627 -0.96593034267426
vn 0.24831879138947 0.07290809601545 -0.96593075990677
vn 0.16947285830975 0.19559848308563 -0.96592968702316
vn 0.10700346529484 0.23816394805908 -0.96531248092651
vn 0.1071912124753 0.23807074129581 -0.96531462669373
vn 0.03012580983341 0.25925695896149 -0.96533840894699
vn 0.02428154088557 0.25969061255455 -0.96538656949997
vn 0.10700346529484 -0.23816394805908 -0.96531248092651
vn 0.03012556582689 -0.25928610563278 -0.96533060073853
vn 0.02428154088557 -0.25969061255455 -0.96538656949997
vn 0.1071912124753 -0.23807074129581 -0.96531462669373
vn 0.16947285830975 -0.19559848308563 -0.96592968702316
vn 0.21772417426109 -0.1399097442627 -0.96593034267426
vn 0.24831879138947 -0.07290809601545 -0.96593075990677
vn 0.2588178217411 0 -0.96592617034912
vn -0.21772417426109 -0.1399097442627 -0.96593034267426
vn -0.24831879138947 -0.07290809601545 -0.96593075990677
vn -0.16947285830975 -0.19559848308563 -0.96592968702316
vn -0.11050269007683 -0.23697452247143 -0.96521097421646
vn -0.11031501740217 -0.23706790804863 -0.96520948410034
vn -0.02878149040043 -0.25912714004517 -0.96541428565979
vn -0.02253163233399 -0.2595981657505 -0.96545386314392
vn -0.11050269007683 0.23697452247143 -0.96521097421646
vn -0.02878149040043 0.25912714004517 -0.96541428565979
vn -0.02253163233399 0.2595981657505 -0.96545386314392
vn -0.11031501740217 0.23706790804863 -0.96520948410034
vn -0.16947285830975 0.19559848308563 -0.96592968702316
vn -0.21772417426109 0.1399097442627 -0.96593034267426
vn -0.24831879138947 0.07290809601545 -0.96593075990677
vn -0.2588178217411 0 -0.96592617034912
vn -0.71913921833038 -0.4621653854847 -0.51888525485992
vn -0.82021641731262 -0.24082098901272 -0.51889330148697
vn -0.67845964431763 -0.19919401407242 -0.70711690187454
vn -0.59485572576523 -0.38228896260262 -0.70710802078247
vn -0.5597972869873 -0.6460497379303 -0.51888984441757
vn -0.46304604411125 -0.53439205884933 -0.70711630582809
vn -0.37870144844055 -0.76896584033966 -0.51505023241043
vn -0.30985331535339 -0.64076977968216 -0.70242792367935
vn -0.0800947919488 -0.85741746425629 -0.50835037231445
vn -0.05925166979432 -0.70692616701126 -0.70480108261108
vn -0.37870144844055 0.76896584033966 -0.51505023241043
vn -0.0800947919488 0.85741746425629 -0.50835037231445
vn -0.05925166979432 0.70692616701126 -0.70480108261108
vn -0.30985331535339 0.64076977968216 -0.70242792367935
vn -0.5597972869873 0.6460497379303 -0.51888984441757
vn -0.46304604411125 0.53439205884933 -0.70711630582809
vn -0.71913921833038 0.4621653854847 -0.51888525485992
vn -0.59485572576523 0.38228896260262 -0.70710802078247
vn -0.82021641731262 0.24082098901272 -0.51889330148697
vn -0.67845964431763 0.19919401407242 -0.70711690187454
vn -0.85483998060226 0 -0.51889169216156
vn 0 -0.8682296872139 0.49616247415543
vn 0 0.8682296872139 0.49616247415543
vn 0 -0.7107070684433 0.70348805189133
vn 0 0.7107070684433 0.70348805189133
vn 0 -0.26128444075584 0.9652618765831
vn 0 0.26128444075584 0.9652618765831
vn 0 0.8682296872139 -0.49616247415543
vn 0 -0.8682296872139 -0.49616247415543
vn 0 0.7107070684433 -0.70348805189133
vn 0 -0.7107070684433 -0.70348805189133
vn 0 0.26128444075584 -0.9652618765831
vn 0 -0.26128444075584 -0.9652618765831
# 176 normals

vt 0.18015119433403 0.22061789035797 0
vt 0.17826589941978 0.22061789035797 0
vt 0.17826589941978 0.2240743637085 0
vt 0.18015119433403 0.2240743637085 0
vt 0.18203639984131 0.22061789035797 0
vt 0.18203639984131 0.2240743637085 0
vt 0.18392179906368 0.22061789035797 0
vt 0.18392179906368 0.2240743637085 0
vt 0.18580709397793 0.22061789035797 0
vt 0.18580709397793 0.2240743637085 0
vt 0.7634260058403 0.21058797836304 0
vt 0.76154011487961 0.21058797836304 0
vt 0.76154011487961 0.21404576301575 0
vt 0.7634260058403 0.21404576301575 0
vt 0.76531207561493 0.21058797836304 0
vt 0.76531207561493 0.21404576301575 0
vt 0.76719832420349 0.21058797836304 0
vt 0.76719832420349 0.21404576301575 0
vt 0.76908439397812 0.21058797836304 0
vt 0.76908439397812 0.21404576301575 0
vt 0.77097028493881 0.21058797836304 0
vt 0.77097028493881 0.21404576301575 0
vt 0.77285641431808 0.21058797836304 0
vt 0.77285641431808 0.21404576301575 0
vt 0.18015119433403 0.21716165542603 0
vt 0.17826589941978 0.21716165542603 0
vt 0.18203639984131 0.21716165542603 0
vt 0.18392179906368 0.21716165542603 0
vt 0.18580709397793 0.21716165542603 0
vt 0.7634260058403 0.20713019371033 0
vt 0.76154011487961 0.20713019371033 0
vt 0.76531207561493 0.20713019371033 0
vt 0.76719832420349 0.20713019371033 0
vt 0.76908439397812 0.20713019371033 0
vt 0.77097028493881 0.20713019371033 0
vt 0.77285641431808 0.20713019371033 0
vt 0.18015119433403 0.21370530128479 0
vt 0.17826589941978 0.21370530128479 0
vt 0.18203639984131 0.21370530128479 0
vt 0.18392179906368 0.21370530128479 0
vt 0.18580709397793 0.21370530128479 0
vt 0.7634260058403 0.20367240905762 0
vt 0.76154011487961 0.20367240905762 0
vt 0.76531207561493 0.20367240905762 0
vt 0.76719832420349 0.20367240905762 0
vt 0.76908439397812 0.20367240905762 0
vt 0.77097028493881 0.20367240905762 0
vt 0.77285641431808 0.20367240905762 0
vt 0.18015119433403 0.21024894714355 0
vt 0.17826589941978 0.21024894714355 0
vt 0.18203639984131 0.21024894714355 0
vt 0.18392179906368 0.21024894714355 0
vt 0.18580709397793 0.21024894714355 0
vt 0.7634260058403 0.20021462440491 0
vt 0.76154011487961 0.20021462440491 0
vt 0.76531207561493 0.20021462440491 0
vt 0.76719832420349 0.20021462440491 0
vt 0.76908439397812 0.20021462440491 0
vt 0.77097028493881 0.20021462440491 0
vt 0.77285641431808 0.20021462440491 0
vt 0.18015119433403 0.20679247379303 0
vt 0.17826589941978 0.20679247379303 0
vt 0.18203639984131 0.20679247379303 0
vt 0.18392179906368 0.20679247379303 0
vt 0.18580709397793 0.20679247379303 0
vt 0.7634260058403 0.1967568397522 0
vt 0.76154011487961 0.1967568397522 0
vt 0.76531207561493 0.1967568397522 0
vt 0.76719832420349 0.1967568397522 0
vt 0.76908439397812 0.1967568397522 0
vt 0.77097028493881 0.1967568397522 0
vt 0.77285641431808 0.1967568397522 0
vt 0.18015119433403 0.20333611965179 0
vt 0.17826589941978 0.20333611965179 0
vt 0.18203639984131 0.20333611965179 0
vt 0.18392179906368 0.20333611965179 0
vt 0.18580709397793 0.20333611965179 0
vt 0.7634260058403 0.19329917430878 0
vt 0.76154011487961 0.19329917430878 0
vt 0.76531207561493 0.19329917430878 0
vt 0.76719832420349 0.19329917430878 0
vt 0.76908439397812 0.19329917430878 0
vt 0.77097028493881 0.19329917430878 0
vt 0.77285641431808 0.19329917430878 0
vt 0.18015119433403 0.19987988471985 0
vt 0.17826589941978 0.19987988471985 0
vt 0.18203639984131 0.19987988471985 0
vt 0.18392179906368 0.19987988471985 0
vt 0.18580709397793 0.19987988471985 0
vt 0.7634260058403 0.18984127044678 0
vt 0.76154011487961 0.18984127044678 0
vt 0.76531207561493 0.18984127044678 0
vt 0.76719832420349 0.18984127044678 0
vt 0.76908439397812 0.18984127044678 0
vt 0.77097028493881 0.18984127044678 0
vt 0.77285641431808 0.18984127044678 0
vt 0.18015119433403 0.19642341136932 0
vt 0.17826589941978 0.19642341136932 0
vt 0.18203639984131 0.19642341136932 0
vt 0.18392179906368 0.19642341136932 0
vt 0.18580709397793 0.19642341136932 0
vt 0.7634260058403 0.18638348579407 0
vt 0.76154011487961 0.18638348579407 0
vt 0.76531207561493 0.18638348579407 0
vt 0.76719832420349 0.18638348579407 0
vt 0.76908439397812 0.18638348579407 0
vt 0.77097028493881 0.18638348579407 0
vt 0.77285641431808 0.18638348579407 0
vt 0.18015119433403 0.19296717643738 0
vt 0.17826589941978 0.19296717643738 0
vt 0.18203639984131 0.19296717643738 0
vt 0.18392179906368 0.19296717643738 0
vt 0.18580709397793 0.19296717643738 0
vt 0.7634260058403 0.18292570114136 0
vt 0.76154011487961 0.18292570114136 0
vt 0.76531207561493 0.18292570114136 0
vt 0.76719832420349 0.18292570114136 0
vt 0.76908439397812 0.18292570114136 0
vt 0.77097028493881 0.18292570114136 0
vt 0.77285641431808 0.18292570114136 0
vt 0.18015119433403 0.18951070308685 0
vt 0.17826589941978 0.18951070308685 0
vt 0.18203639984131 0.18951070308685 0
vt 0.18392179906368 0.18951070308685 0
vt 0.18580709397793 0.18951070308685 0
vt 0.7634260058403 0.17946803569794 0
vt 0.76154011487961 0.17946803569794 0
vt 0.76531207561493 0.17946803569794 0
vt 0.76719832420349 0.17946803569794 0
vt 0.76908439397812 0.17946803569794 0
vt 0.77097028493881 0.17946803569794 0
vt 0.77285641431808 0.17946803569794 0
vt 0.18015119433403 0.18605434894562 0
vt 0.17826589941978 0.18605434894562 0
vt 0.18203639984131 0.18605434894562 0
vt 0.18392179906368 0.18605434894562 0
vt 0.18580709397793 0.18605434894562 0
vt 0.7634260058403 0.17601025104523 0
vt 0.76154011487961 0.17601025104523 0
vt 0.76531207561493 0.17601025104523 0
vt 0.76719832420349 0.17601025104523 0
vt 0.76908439397812 0.17601025104523 0
vt 0.77097028493881 0.17601025104523 0
vt 0.77285641431808 0.17601025104523 0
vt 0.18015119433403 0.18259799480438 0
vt 0.17826589941978 0.18259799480438 0
vt 0.18203639984131 0.18259799480438 0
vt 0.18392179906368 0.18259799480438 0
vt 0.18580709397793 0.18259799480438 0
vt 0.7634260058403 0.17255246639252 0
vt 0.76154011487961 0.17255246639252 0
vt 0.76531207561493 0.17255246639252 0
vt 0.76719832420349 0.17255246639252 0
vt 0.76908439397812 0.17255246639252 0
vt 0.77097028493881 0.17255246639252 0
vt 0.77285641431808 0.17255246639252 0
vt 0.25744551420212 0.0660297870636 0
vt 0.2540158033371 0.0660297870636 0
vt 0.2540158033371 0.06945955753326 0
vt 0.25744551420212 0.06945955753326 0
vt 0.55287009477615 0.06870031356812 0
vt 0.55287009477615 0.06527054309845 0
vt 0.54944038391113 0.06527054309845 0
vt 0.54944038391113 0.06870031356812 0
vt 0.25070470571518 0.07910704612732 0
vt 0.25070470571518 0.07568490505219 0
vt 0.2472825050354 0.07568490505219 0
vt 0.2472825050354 0.07910704612732 0
vt 0.28773799538612 0.06731188297272 0
vt 0.28431579470634 0.06731188297272 0
vt 0.28431579470634 0.07073414325714 0
vt 0.28773799538612 0.07073414325714 0
vt 0.25738251209259 0.08078193664551 0
vt 0.26079699397087 0.08078193664551 0
vt 0.26079699397087 0.0773674249649 0
vt 0.25738251209259 0.0773674249649 0
vt 0.33738860487938 0.08219051361084 0
vt 0.33738860487938 0.07877588272095 0
vt 0.33397400379181 0.07877588272095 0
vt 0.33397400379181 0.08219051361084 0
vt 0.45938220620155 0.07892692089081 0
vt 0.46279680728912 0.07892692089081 0
vt 0.46279680728912 0.07551240921021 0
vt 0.45938220620155 0.07551240921021 0
vt 0.47289669513702 0.07590329647064 0
vt 0.46948221325874 0.07590329647064 0
vt 0.46948221325874 0.07931780815125 0
vt 0.47289669513702 0.07931780815125 0
vt 0.22708250582218 0.07081866264343 0
vt 0.23050470650196 0.07081866264343 0
vt 0.23050470650196 0.0673965215683 0
vt 0.22708250582218 0.0673965215683 0
vt 0.48379048705101 0.0048828125 0
vt 0.48379048705101 0.00830507278442 0
vt 0.48721268773079 0.00830507278442 0
vt 0.48721268773079 0.0048828125 0
vt 0.53934037685394 0.06527054309845 0
vt 0.53934037685394 0.06870031356812 0
vt 0.54277020692825 0.06870031356812 0
vt 0.54277020692825 0.06527054309845 0
vt 0.76496982574463 0.06004774570465 0
vt 0.76496982574463 0.05661797523499 0
vt 0.76154011487961 0.05661797523499 0
vt 0.76154011487961 0.06004774570465 0
vt 0.76154011487961 0.0469628572464 0
vt 0.76154011487961 0.05039262771606 0
vt 0.76496982574463 0.05039262771606 0
vt 0.76496982574463 0.0469628572464 0
vt 0.84576970338821 0.04168820381165 0
vt 0.84233999252319 0.04168820381165 0
vt 0.84233999252319 0.04511797428131 0
vt 0.84576970338821 0.04511797428131 0
vt 0.33397400379181 0.0691282749176 0
vt 0.33397400379181 0.07255053520203 0
vt 0.33739620447159 0.07255053520203 0
vt 0.33739620447159 0.0691282749176 0
vt 0.47290441393852 0.06967794895172 0
vt 0.47290441393852 0.0662556886673 0
vt 0.46948221325874 0.0662556886673 0
vt 0.46948221325874 0.06967794895172 0
vt 0.27421578764915 0.06811153888702 0
vt 0.27421578764915 0.07152605056763 0
vt 0.27763029932976 0.07152605056763 0
vt 0.27763029932976 0.06811153888702 0
vt 0.48299670219421 0.06967031955719 0
vt 0.48299670219421 0.0662556886673 0
vt 0.47958219051361 0.0662556886673 0
vt 0.47958219051361 0.06967031955719 0
vt 0.22792419791222 0.08141195774078 0
vt 0.23133869469166 0.08141195774078 0
vt 0.23133869469166 0.07799732685089 0
vt 0.22792419791222 0.07799732685089 0
vt 0.28773030638695 0.08037400245667 0
vt 0.28773030638695 0.07695949077606 0
vt 0.28431579470634 0.07695949077606 0
vt 0.28431579470634 0.08037400245667 0
vt 0.23718249797821 0.07177197933197 0
vt 0.24060469865799 0.07177197933197 0
vt 0.24060469865799 0.06834971904755 0
vt 0.23718249797821 0.06834971904755 0
vt 0.26753801107407 0.07114207744598 0
vt 0.26753801107407 0.06771981716156 0
vt 0.26411581039429 0.06771981716156 0
vt 0.26411581039429 0.07114207744598 0
vt 0.45938220620155 0.06928706169128 0
vt 0.46281188726425 0.06928706169128 0
vt 0.46281188726425 0.06585729122162 0
vt 0.45938220620155 0.06585729122162 0
vt 0.54775708913803 0.05561554431915 0
vt 0.54775708913803 0.05904531478882 0
vt 0.55118680000305 0.05904531478882 0
vt 0.55118680000305 0.05561554431915 0
# 252 texture coordinates

o Bow
usemtl default
f 881/1472/545 880/1471/544 891/1470/543 892/1469/542
f 882/1474/547 881/1472/545 892/1469/542 893/1473/546
f 883/1476/549 882/1474/547 893/1473/546 894/1475/548
f 884/1478/551 883/1476/549 894/1475/548 895/1477/550
f 886/1482/555 885/1481/554 896/1480/553 897/1479/552
f 887/1484/557 886/1482/555 897/1479/552 898/1483/556
f 888/1486/559 887/1484/557 898/1483/556 899/1485/558
f 889/1488/561 888/1486/559 899/1485/558 900/1487/560
f 890/1490/1 889/1488/561 900/1487/560 901/1489/562
f 880/1492/544 890/1490/1 901/1489/562 891/1491/543
f 892/1469/542 891/1470/543 902/1494/564 903/1493/563
f 893/1473/546 892/1469/542 903/1493/563 904/1495/565
f 894/1475/548 893/1473/546 904/1495/565 905/1496/566
f 895/1477/550 894/1475/548 905/1496/566 906/1497/567
f 897/1479/552 896/1480/553 907/1499/569 908/1498/568
f 898/1483/556 897/1479/552 908/1498/568 909/1500/570
f 899/1485/558 898/1483/556 909/1500/570 910/1501/571
f 900/1487/560 899/1485/558 910/1501/571 911/1502/572
f 901/1489/562 900/1487/560 911/1502/572 912/1503/98
f 891/1491/543 901/1489/562 912/1503/98 902/1504/564
f 903/1493/573 902/1494/574 913/1506/574 914/1505/573
f 904/1495/575 903/1493/573 914/1505/573 915/1507/575
f 905/1496/577 904/1495/575 915/1507/575 916/1508/576
f 906/1497/579 905/1496/577 916/1508/576 917/1509/578
f 908/1498/583 907/1499/582 918/1511/581 919/1510/580
f 909/1500/584 908/1498/583 919/1510/580 920/1512/584
f 910/1501/585 909/1500/584 920/1512/584 921/1513/585
f 911/1502/586 910/1501/585 921/1513/585 922/1514/586
f 912/1503/587 911/1502/586 922/1514/586 923/1515/587
f 902/1504/574 912/1503/587 923/1515/587 913/1516/574
f 914/1505/588 913/1506/589 924/1518/589 925/1517/588
f 915/1507/590 914/1505/588 925/1517/588 926/1519/590
f 916/1508/592 915/1507/590 926/1519/590 927/1520/591
f 917/1509/594 916/1508/592 927/1520/591 928/1521/593
f 919/1510/598 918/1511/597 929/1523/596 930/1522/595
f 920/1512/599 919/1510/598 930/1522/595 931/1524/599
f 921/1513/600 920/1512/599 931/1524/599 932/1525/600
f 922/1514/601 921/1513/600 932/1525/600 933/1526/601
f 923/1515/602 922/1514/601 933/1526/601 934/1527/602
f 913/1516/589 923/1515/602 934/1527/602 924/1528/589
f 925/1517/606 924/1518/605 935/1530/604 936/1529/603
f 926/1519/608 925/1517/606 936/1529/603 937/1531/607
f 927/1520/610 926/1519/608 937/1531/607 938/1532/609
f 928/1521/612 927/1520/610 938/1532/609 939/1533/611
f 930/1522/616 929/1523/615 940/1535/614 941/1534/613
f 931/1524/618 930/1522/616 941/1534/613 942/1536/617
f 932/1525/620 931/1524/618 942/1536/617 943/1537/619
f 933/1526/622 932/1525/620 943/1537/619 944/1538/621
f 934/1527/88 933/1526/622 944/1538/621 945/1539/623
f 924/1528/605 934/1527/88 945/1539/623 935/1540/604
f 936/1529/603 935/1530/604 946/1542/625 947/1541/624
f 937/1531/607 936/1529/603 947/1541/624 948/1543/626
f 938/1532/609 937/1531/607 948/1543/626 949/1544/627
f 939/1533/611 938/1532/609 949/1544/627 950/1545/628
f 941/1534/613 940/1535/614 951/1547/630 952/1546/629
f 942/1536/617 941/1534/613 952/1546/629 953/1548/631
f 943/1537/619 942/1536/617 953/1548/631 954/1549/632
f 944/1538/621 943/1537/619 954/1549/632 955/1550/633
f 945/1539/623 944/1538/621 955/1550/633 956/1551/2
f 935/1540/604 945/1539/623 956/1551/2 946/1552/625
f 947/1541/624 946/1542/625 957/1554/635 958/1553/634
f 948/1543/626 947/1541/624 958/1553/634 959/1555/636
f 949/1544/627 948/1543/626 959/1555/636 960/1556/637
f 950/1545/628 949/1544/627 960/1556/637 961/1557/638
f 952/1546/629 951/1547/630 962/1559/640 963/1558/639
f 953/1548/631 952/1546/629 963/1558/639 964/1560/641
f 954/1549/632 953/1548/631 964/1560/641 965/1561/642
f 955/1550/633 954/1549/632 965/1561/642 966/1562/643
f 956/1551/2 955/1550/633 966/1562/643 967/1563/644
f 946/1552/625 956/1551/2 967/1563/644 957/1564/635
f 958/1553/634 957/1554/635 968/1566/646 969/1565/645
f 959/1555/636 958/1553/634 969/1565/645 970/1567/647
f 960/1556/637 959/1555/636 970/1567/647 971/1568/648
f 961/1557/638 960/1556/637 971/1568/648 972/1569/649
f 963/1558/639 962/1559/640 973/1571/651 974/1570/650
f 964/1560/641 963/1558/639 974/1570/650 975/1572/652
f 965/1561/642 964/1560/641 975/1572/652 976/1573/653
f 966/1562/643 965/1561/642 976/1573/653 977/1574/654
f 967/1563/644 966/1562/643 977/1574/654 978/1575/100
f 957/1564/635 967/1563/644 978/1575/100 968/1576/646
f 969/1565/655 968/1566/656 979/1578/656 980/1577/655
f 970/1567/657 969/1565/655 980/1577/655 981/1579/657
f 971/1568/659 970/1567/657 981/1579/657 982/1580/658
f 972/1569/661 971/1568/659 982/1580/658 983/1581/660
f 974/1570/665 973/1571/664 984/1583/663 985/1582/662
f 975/1572/666 974/1570/665 985/1582/662 986/1584/666
f 976/1573/667 975/1572/666 986/1584/666 987/1585/667
f 977/1574/668 976/1573/667 987/1585/667 988/1586/668
f 978/1575/669 977/1574/668 988/1586/668 989/1587/669
f 968/1576/656 978/1575/669 989/1587/669 979/1588/656
f 980/1577/670 979/1578/671 990/1590/671 991/1589/670
f 981/1579/672 980/1577/670 991/1589/670 992/1591/672
f 982/1580/674 981/1579/672 992/1591/672 993/1592/673
f 983/1581/676 982/1580/674 993/1592/673 994/1593/675
f 985/1582/680 984/1583/679 995/1595/678 996/1594/677
f 986/1584/681 985/1582/680 996/1594/677 997/1596/681
f 987/1585/682 986/1584/681 997/1596/681 998/1597/682
f 988/1586/683 987/1585/682 998/1597/682 999/1598/683
f 989/1587/684 988/1586/683 999/1598/683 1000/1599/684
f 979/1588/671 989/1587/684 1000/1599/684 990/1600/671
f 991/1589/688 990/1590/687 1001/1602/686 1002/1601/685
f 992/1591/690 991/1589/688 1002/1601/685 1003/1603/689
f 993/1592/692 992/1591/690 1003/1603/689 1004/1604/691
f 994/1593/694 993/1592/692 1004/1604/691 1005/1605/693
f 996/1594/698 995/1595/697 1006/1607/696 1007/1606/695
f 997/1596/700 996/1594/698 1007/1606/695 1008/1608/699
f 998/1597/702 997/1596/700 1008/1608/699 1009/1609/701
f 999/1598/704 998/1597/702 1009/1609/701 1010/1610/703
f 1000/1599/90 999/1598/704 1010/1610/703 1011/1611/705
f 990/1600/687 1000/1599/90 1011/1611/705 1001/1612/686
f 1002/1601/685 1001/1602/686 880/1614/544 881/1613/545
f 1003/1603/689 1002/1601/685 881/1613/545 882/1615/547
f 1004/1604/691 1003/1603/689 882/1615/547 883/1616/549
f 1005/1605/693 1004/1604/691 883/1616/549 884/1617/551
f 1007/1606/695 1006/1607/696 885/1619/554 886/1618/555
f 1008/1608/699 1007/1606/695 886/1618/555 887/1620/557
f 1009/1609/701 1008/1608/699 887/1620/557 888/1621/559
f 1010/1610/703 1009/1609/701 888/1621/559 889/1622/561
f 1011/1611/705 1010/1610/703 889/1622/561 890/1623/1
f 1001/1612/686 1011/1611/705 890/1623/1 880/1624/544
f 884/1628/551 895/1627/550 1013/1626/706 1012/1625/4
f 896/1632/553 885/1631/554 1014/1630/3 1015/1629/707
f 895/1636/550 906/1635/567 1016/1634/708 1013/1633/706
f 907/1640/569 896/1639/553 1015/1638/707 1017/1637/709
f 906/1644/579 917/1643/578 1018/1642/710 1016/1641/710
f 918/1648/581 907/1647/582 1017/1646/711 1019/1645/711
f 917/1652/594 928/1651/593 1020/1650/711 1018/1649/711
f 929/1656/596 918/1655/597 1019/1654/710 1021/1653/710
f 928/1660/612 939/1659/611 1022/1658/707 1020/1657/709
f 940/1664/614 929/1663/615 1021/1662/708 1023/1661/706
f 939/1668/611 950/1667/628 1024/1666/87 1022/1665/707
f 951/1672/630 940/1671/614 1023/1670/706 1025/1669/195
f 950/1676/628 961/1675/638 1026/1674/712 1024/1673/87
f 962/1680/640 951/1679/630 1025/1678/195 1027/1677/713
f 961/1684/638 972/1683/649 1028/1682/714 1026/1681/712
f 973/1688/651 962/1687/640 1027/1686/713 1029/1685/715
f 972/1692/661 983/1691/660 1030/1690/716 1028/1689/716
f 984/1696/663 973/1695/664 1029/1694/717 1031/1693/717
f 983/1700/676 994/1699/675 1032/1698/717 1030/1697/717
f 995/1704/678 984/1703/679 1031/1702/716 1033/1701/716
f 994/1708/694 1005/1707/693 1034/1706/713 1032/1705/715
f 1006/1712/696 995/1711/697 1033/1710/714 1035/1709/712
f 1005/1716/693 884/1715/551 1012/1714/4 1034/1713/713
f 885/1720/554 1006/1719/696 1035/1718/712 1014/1717/3

v 21.17535972595215 6.77029895782471 -1.4731559753418
v 21.17535972595215 6.77029895782471 1.47315502166748
v 21.17535972595215 5.781662940979 -1.42105305194855
v 21.17535972595215 5.781662940979 1.42105305194855
v 21.17535972595215 4.78526401519775 -1.36854100227356
v 21.17535972595215 4.78526401519775 1.36854100227356
v 23.22507095336914 6.77029800415039 1.47315299510956
v 23.22507095336914 5.78166389465332 1.42105197906494
v 23.22507095336914 4.78526306152344 1.36854100227356
v 23.22507095336914 6.77029800415039 -1.47315394878387
v 23.22507095336914 5.78166389465332 -1.42105197906494
v 23.22507095336914 4.78526306152344 -1.36854195594788
v 21.2359504699707 10.25084018707275 -3.31316995620728
v 21.17535972595215 10.23614025115967 -3.2541880607605
v 21.2359504699707 6.77029800415039 -3.88873100280762
v 21.17535972595215 6.77806282043457 -3.82603311538696
v 23.22507095336914 10.23614025115967 -3.2541880607605
v 23.16448020935059 10.25084018707275 -3.31316995620728
v 23.16448020935059 6.77029800415039 -3.88873100280762
v 23.22507095336914 6.77806282043457 -3.82603311538696
v 21.17535972595215 10.23614025115967 3.2541880607605
v 21.2359504699707 10.25084018707275 3.31316995620728
v 21.2359504699707 6.77029800415039 3.88873100280762
v 21.17535972595215 6.77806282043457 3.82603311538696
v 23.16448020935059 10.25084018707275 3.31316995620728
v 23.22507095336914 10.23614025115967 3.2541880607605
v 23.16448020935059 6.77029800415039 3.88873100280762
v 23.22507095336914 6.77806282043457 3.82603311538696
v 21.17535972595215 4.18976593017578 1.31953299045563
v 21.2359504699707 4.12917518615723 1.33396399021149
v 21.2359504699707 4.12917518615723 -1.33396399021149
v 21.17535972595215 4.18976593017578 -1.31953299045563
v 21.2359504699707 5.78166389465332 3.45864200592041
v 21.17535972595215 5.81370687484741 3.40650606155396
v 23.16448020935059 5.78166389465332 3.45864200592041
v 23.22507095336914 5.81370687484741 3.40650606155396
v 21.2359504699707 4.78526306152344 2.63313698768616
v 21.17535972595215 4.83365106582642 2.59454202651978
v 23.22507095336914 4.83365106582642 2.59454202651978
v 23.16448020935059 4.78526306152344 2.63313698768616
v 21.17535972595215 4.47870588302612 1.8916699886322
v 21.2359504699707 4.42400693893433 1.9177850484848
v 23.16448020935059 4.12917518615723 1.33396399021149
v 23.22507095336914 4.18976593017578 1.31953299045563
v 23.22507095336914 4.4581618309021 1.85098898410797
v 23.16448020935059 4.40467691421509 1.87950897216797
v 21.17535972595215 4.43833923339844 -1.81174600124359
v 21.2359504699707 4.3838210105896 -1.83820903301239
v 23.16448020935059 4.78526306152344 -2.63313698768616
v 23.22507095336914 4.83365106582642 -2.59454202651978
v 23.22507095336914 4.42378520965576 -1.78292596340179
v 23.16448020935059 4.37012720108032 -1.81109297275543
v 21.2359504699707 5.78166389465332 -3.45864200592041
v 21.17535972595215 5.81370687484741 -3.40650606155396
v 21.17535972595215 4.83365106582642 -2.59454202651978
v 21.2359504699707 4.78526306152344 -2.63313698768616
v 23.16448020935059 5.78166389465332 -3.45864200592041
v 23.22507095336914 5.81370687484741 -3.40650606155396
v 21.17535972595215 10.1902904510498 1.65339398384094
v 21.17535972595215 10.25084018707275 1.71802794933319
v 21.2359504699707 10.31058979034424 1.64653098583221
v 21.2417106628418 10.25084018707275 1.59024000167847
v 21.17535972595215 10.19025039672852 -1.65339303016663
v 21.2359504699707 10.25084018707275 -1.59599602222443
v 21.2417106628418 10.31626033782959 -1.64557695388794
v 21.17535972595215 10.25084018707275 -1.71759903430939
v 23.22507095336914 10.19025039672852 1.65339195728302
v 23.16448020935059 10.25084018707275 1.5959939956665
v 23.15872001647949 10.31626033782959 1.64557600021362
v 23.22507095336914 10.25084018707275 1.71759700775146
v 23.22507095336914 10.1902904510498 -1.65339601039886
v 23.22507095336914 10.25084018707275 -1.7180290222168
v 23.16448020935059 10.31058979034424 -1.64653205871582
v 23.15872001647949 10.25084018707275 -1.59024202823639
v 21.23637008666992 11.26840019226074 -1.48535299301147
v 21.17535972595215 11.32857036590576 -1.53890705108643
v 23.16448020935059 11.32857036590576 -1.5358190536499
v 23.15872001647949 11.26315021514893 -1.4862380027771
v 23.22507095336914 11.26797962188721 -1.5468670129776
v 23.16352081298828 11.32857036590576 -2.89686107635498
v 23.22507095336914 11.26947021484375 -2.90798401832581
v 23.16352081298828 11.2777795791626 -2.96754908561707
v 21.23793983459473 11.27826023101807 -2.96738791465759
v 21.17535972595215 11.32857036590576 -2.89247488975525
v 21.17535972595215 11.26947021484375 2.90798401832581
v 21.23642921447754 11.27816963195801 2.96741604804993
v 21.23642921447754 11.32857036590576 2.89727902412415
v 23.16399955749512 11.32857036590576 2.89727902412415
v 23.16352081298828 11.2777795791626 2.96754908561707
v 23.22507095336914 11.26947021484375 2.90798401832581
v 23.15872001647949 11.32857036590576 1.54157197475433
v 23.22507095336914 11.26797962188721 1.54686605930328
v 23.15872001647949 11.26315021514893 1.48623704910278
v 21.2359504699707 11.32857036590576 1.5358179807663
v 21.2417106628418 11.26315021514893 1.48623704910278
v 21.17535972595215 11.26797962188721 1.54686605930328
v 23.22507095336914 4.18976593017578 -1.31953299045563
v 23.16448020935059 4.12917518615723 -1.33396399021149
# 98 vertices

vn -0.68457198143005 0.23134694993496 -0.69125956296921
vn -0.70263040065765 0.14315734803677 -0.69700539112091
vn -0.70262360572815 0.14322485029697 -0.69699835777283
vn -0.71744447946548 0.02331272698939 -0.69622552394867
vn -0.71057885885239 -0.37628990411758 -0.59454488754272
vn 0.76682907342911 0.54919934272766 -0.33219468593597
vn 0.69882535934448 0.23753561079502 -0.67469990253448
vn 0.70624071359634 0.14200441539288 -0.69358402490616
vn 0.70624381303787 0.14197379350662 -0.69358712434769
vn 0.71744447946548 0.02331272698939 -0.69622552394867
vn 0.71057885885239 -0.37628990411758 -0.59454488754272
vn -0.76817494630814 0.5478258728981 0.33135181665421
vn -0.70030832290649 0.23685289919376 0.67340105772018
vn -0.70658481121063 0.14181697368622 0.69327187538147
vn -0.7065726518631 0.14178328216076 0.69329112768173
vn -0.71744447946548 0.02331272698939 0.69622552394867
vn -0.71057885885239 -0.37628990411758 0.59454488754272
vn 0.6988417506218 0.23735366761684 0.67474699020386
vn 0.75930666923523 0.56214380264282 0.32779222726822
vn 0.70624381303787 0.14197379350662 0.69358712434769
vn 0.70624071359634 0.14200441539288 0.69358402490616
vn 0.71744447946548 0.02331272698939 0.69622552394867
vn 0.71057885885239 -0.37628990411758 0.59454488754272
vn -0.70715111494064 -0.63114827871323 0.31873053312302
vn -0.7131764292717 -0.69814479351044 0.06303303688765
vn -0.71261411905289 -0.69933247566223 -0.05581409484148
vn -0.71262949705124 -0.69931691884995 -0.05581285059452
vn -0.70713716745377 -0.63116711378098 -0.31872424483299
vn -0.7142026424408 -0.52513617277145 0.46275979280472
vn 0.71427595615387 -0.52755045890808 0.45989170670509
vn 0.70715111494064 -0.63114827871323 0.31873053312302
vn 0.71291214227676 -0.69872450828552 0.05950049310923
vn 0.71242123842239 -0.69973349571228 -0.05318861827254
vn -0.71434593200684 -0.52990794181824 -0.45706394314766
vn 0.70713716745377 -0.63116711378098 -0.31872424483299
vn 0.71439003944397 -0.53147995471954 -0.45516583323479
vn -0.69114845991135 -0.11794150620699 -0.71302425861359
vn 0 0.64577412605286 -0.76352852582932
vn -0.69038194417953 0.72344481945038 0.0005937559763
vn 0 0.64577412605286 0.76352852582932
vn -0.69448268413544 -0.12025241553783 0.70938926935196
vn 0.69038194417953 0.72344481945038 -0.0005937559763
vn 0.67311799526215 -0.12256691604853 -0.72930753231049
vn 0.69114845991135 -0.11794150620699 0.71302425861359
vn 0.00040625766269 0.63473075628281 0.77273327112198
vn 0.69905477762222 0.71502405405045 -0.0079377675429
vn 0.69992983341217 0.71421158313751 0.00012500422599
vn -0.00053126126295 0.8212673664093 -0.57054328918457
vn -0.70134907960892 0.71281790733337 -0.00025000190362
vn -0.70133322477341 0.71283352375031 -0.00025000740425
vn -0.70050829648972 0.71360218524933 0.00775009160861
vn 0.00006250158185 0.81127047538757 0.58467102050781
vn 0.68479520082474 0.72873359918594 -0.00171878491528
vn 0.68420201539993 0.72926551103592 0.00628138333559
vn 0.00115629343782 0.62558603286743 -0.78015434741974
vn 0 0.20018899440765 0.97975730895996
vn 0 0.1631268709898 0.98660510778427
vn 0 0.1631268709898 -0.98660510778427
vn 0 0.20018899440765 -0.97975730895996
vn 0 0.20015899837017 -0.97976344823837
vn 0 -0.9961342215538 0.08784456551075
vn 0 -0.99693846702576 -0.07819003611803
vn 0 -0.39891466498375 0.91698807477951
vn 0 -0.53456431627274 0.84512782096863
vn 0 -0.75201886892319 0.65914154052734
vn 0 -0.89263254404068 0.45078507065773
vn 0 -0.89263254404068 -0.45078507065773
vn 0 -0.75830721855164 -0.65189737081528
vn 0 -0.53456431627274 -0.84512782096863
vn 0 -0.39891466498375 -0.91698807477951
vn 0 0.31897336244583 -0.94776368141174
vn 0 0.31897336244583 0.94776368141174
vn 0 -0.16593934595585 -0.98613595962524
vn 0 -0.16593934595585 0.98613595962524
vn -0.81805765628815 0.38779377937317 -0.42473244667053
vn -0.81817960739136 0.40544909238815 0.40766790509224
vn 0.81817960739136 0.40544909238815 -0.40766790509224
vn 0.81805765628815 0.38779377937317 0.42473244667053
vn 0.58107489347458 0.45847851037979 0.67242056131363
vn 0.54538989067078 0.54126477241516 -0.63998621702194
vn -0.58107489347458 0.45847851037979 -0.67242056131363
# 81 normals

vt 0.22773779928684 0.03730595111847 0
vt 0.22769750654697 0.05203688144684 0
vt 0.24291810393333 0.05126929283142 0
vt 0.24295879900455 0.0381600856781 0
vt 0.24731869995594 0.05105018615723 0
vt 0.24735890328884 0.03840482234955 0
vt 0.25175431370735 0.05083024501801 0
vt 0.25179278850555 0.03865325450897 0
vt 0.27658739686012 0.05103051662445 0
vt 0.2766245007515 0.03792059421539 0
vt 0.26140451431274 0.03707194328308 0
vt 0.26136419177055 0.05179393291473 0
vt 0.28098890185356 0.05081260204315 0
vt 0.28102481365204 0.03816318511963 0
vt 0.28542411327362 0.05059194564819 0
vt 0.28545859456062 0.03840887546539 0
vt 0.32738101482391 0.07830786705017 0
vt 0.32740700244904 0.06412816047668 0
vt 0.31885010004044 0.06415355205536 0
vt 0.31882399320602 0.07833325862885 0
vt 0.77264922857285 0.03611326217651 0
vt 0.7722036242485 0.03591239452362 0
vt 0.77363467216492 0.04082977771759 0
vt 0.7740067243576 0.04074287414551 0
vt 0.24296559393406 0.02769434452057 0
vt 0.24299840629101 0.02730464935303 0
vt 0.22748009860516 0.02980256080627 0
vt 0.22756209969521 0.03017592430115 0
vt 0.24725119769573 0.02956879138947 0
vt 0.24745519459248 0.02924203872681 0
vt 0.7726029753685 0.02669501304626 0
vt 0.77296769618988 0.02679705619812 0
vt 0.77469342947006 0.02228248119354 0
vt 0.77432948350906 0.02216625213623 0
vt 0.27655500173569 0.06188642978668 0
vt 0.27652499079704 0.06149637699127 0
vt 0.26114138960838 0.05892062187195 0
vt 0.26105710864067 0.05929315090179 0
vt 0.28102359175682 0.05997753143311 0
vt 0.28082209825516 0.05964982509613 0
vt 0.69348710775375 0.06273126602173 0
vt 0.69312089681625 0.06264138221741 0
vt 0.69155639410019 0.0672162771225 0
vt 0.6919242143631 0.06731939315796 0
vt 0.24289660155773 0.06212496757507 0
vt 0.24286609888077 0.06173491477966 0
vt 0.22747990489006 0.059166431427 0
vt 0.22739599645138 0.05953907966614 0
vt 0.2473641037941 0.060213804245 0
vt 0.24716229736805 0.0598863363266 0
vt 0.69312751293182 0.05348777770996 0
vt 0.69349581003189 0.05340003967285 0
vt 0.69194477796555 0.04880797863007 0
vt 0.69157660007477 0.04891014099121 0
vt 0.27662080526352 0.02745449542999 0
vt 0.27665311098099 0.02706468105316 0
vt 0.26113969087601 0.02957093715668 0
vt 0.2612222135067 0.02994418144226 0
vt 0.28090769052505 0.02932512760162 0
vt 0.28111121058464 0.02899813652039 0
vt 0.25312030315399 0.05316364765167 0
vt 0.25346499681473 0.05333161354065 0
vt 0.25478160381317 0.05069303512573 0
vt 0.2544017136097 0.0506180524826 0
vt 0.25482019782066 0.03881132602692 0
vt 0.25443950295448 0.03888249397278 0
vt 0.25369688868523 0.03651738166809 0
vt 0.2533518075943 0.03668451309204 0
vt 0.25182521343231 0.05652642250061 0
vt 0.25152719020844 0.0562801361084 0
vt 0.28525841236114 0.0329532623291 0
vt 0.2855575978756 0.03270947933197 0
vt 0.28692749142647 0.03626275062561 0
vt 0.28726780414581 0.03608596324921 0
vt 0.2881047129631 0.03863680362701 0
vt 0.28848540782928 0.03856456279755 0
vt 0.28807199001312 0.05037939548492 0
vt 0.28845208883286 0.050452709198 0
vt 0.25189828872681 0.03295683860779 0
vt 0.25159838795662 0.03319978713989 0
vt 0.28737509250641 0.05262064933777 0
vt 0.28703510761261 0.05244362354279 0
vt 0.28519290685654 0.05604612827301 0
vt 0.28549149632454 0.0562915802002 0
vt 0.69994968175888 0.06233108043671 0
vt 0.69995349645615 0.06272637844086 0
vt 0.70456057786942 0.06274628639221 0
vt 0.70424628257751 0.06236350536346 0
vt 0.31885010004044 0.07869863510132 0
vt 0.32740700244904 0.07867324352264 0
vt 0.22735610604286 0.03756320476532 0
vt 0.22729890048504 0.05175197124481 0
vt 0.31882399320602 0.06378829479218 0
vt 0.32738101482391 0.0637629032135 0
vt 0.76618367433548 0.03569173812866 0
vt 0.76582622528076 0.03596460819244 0
vt 0.7663636803627 0.04022824764252 0
vt 0.76680290699005 0.04051434993744 0
vt 0.26096558570862 0.051509141922 0
vt 0.2610228061676 0.03732883930206 0
vt 0.69994908571243 0.05341601371765 0
vt 0.69994640350342 0.05381071567535 0
vt 0.70422047376633 0.05380129814148 0
vt 0.70456057786942 0.05340135097504 0
vt 0.76613140106201 0.02686250209808 0
vt 0.76614260673523 0.02646744251251 0
vt 0.76154011487961 0.02627182006836 0
vt 0.76183950901032 0.02666628360748 0
vt 0.76649481058121 0.02684164047241 0
vt 0.76583522558212 0.03540742397308 0
vt 0.77255058288574 0.02707087993622 0
vt 0.76655769348145 0.02646231651306 0
vt 0.77261537313461 0.035649061203 0
vt 0.77293771505356 0.02708530426025 0
vt 0.69953781366348 0.06274664402008 0
vt 0.69958710670471 0.06236529350281 0
vt 0.69352430105209 0.06235527992249 0
vt 0.69353199005127 0.05377566814423 0
vt 0.69314622879028 0.05377745628357 0
vt 0.69313991069794 0.06235492229462 0
vt 0.69956809282303 0.05380141735077 0
vt 0.69954550266266 0.05340099334717 0
vt 0.87684828042984 0.20923972129822 0
vt 0.88543081283569 0.20923972129822 0
vt 0.88543081283569 0.19353997707367 0
vt 0.87684828042984 0.19353997707367 0
vt 0.87684828042984 0.14759957790375 0
vt 0.88543081283569 0.14759957790375 0
vt 0.88543081283569 0.13189971446991 0
vt 0.87684828042984 0.13189971446991 0
vt 0.88543081283569 0.17650628089905 0
vt 0.88543081283569 0.16463327407837 0
vt 0.87684828042984 0.16463327407837 0
vt 0.87684828042984 0.17650628089905 0
vt 0.88543081283569 0.18874180316925 0
vt 0.87684828042984 0.18874180316925 0
vt 0.88543081283569 0.1829833984375 0
vt 0.87684828042984 0.1829833984375 0
vt 0.88543081283569 0.17922616004944 0
vt 0.87684828042984 0.17941701412201 0
vt 0.88543081283569 0.16225445270538 0
vt 0.87684828042984 0.16211926937103 0
vt 0.88543081283569 0.15815603733063 0
vt 0.88543081283569 0.15239763259888 0
vt 0.87684828042984 0.15239763259888 0
vt 0.87684828042984 0.15815603733063 0
vt 0.7674908041954 0.02196335792542 0
vt 0.77743637561798 0.03583812713623 0
vt 0.77775681018829 0.02726101875305 0
vt 0.68832349777222 0.05376863479614 0
vt 0.68831521272659 0.06235229969025 0
vt 0.69878870248795 0.04886877536774 0
vt 0.69876652956009 0.06727659702301 0
vt 0.76154011487961 0.03522145748138 0
vt 0.22708250582218 0.05202114582062 0
vt 0.22742840647697 0.05232501029968 0
vt 0.22747029364109 0.03701829910278 0
vt 0.22708250582218 0.0373307466507 0
vt 0.26113680005074 0.03678441047668 0
vt 0.26074910163879 0.03709673881531 0
vt 0.26074910163879 0.05177795886993 0
vt 0.26109480857849 0.052081823349 0
# 162 texture coordinates

o Lock
usemtl default
f 1036/1724/1 1037/1723/1 1094/1722/1 1098/1721/1
f 1038/1726/1 1039/1725/1 1037/1723/1 1036/1724/1
f 1040/1728/1 1041/1727/1 1039/1725/1 1038/1726/1
f 1106/1732/2 1102/1731/2 1042/1730/2 1045/1729/2
f 1042/1730/2 1043/1734/2 1046/1733/2 1045/1729/2
f 1043/1734/2 1044/1736/2 1047/1735/2 1046/1733/2
f 1103/1740/3 1109/1739/3 1099/1738/3 1097/1737/3
f 1048/1744/720 1049/1743/719 1119/1742/718 1118/1741/718
f 1049/1748/719 1048/1747/720 1050/1746/721 1051/1745/721
f 1051/1745/721 1050/1746/721 1088/1750/722 1089/1749/722
f 1052/1754/726 1053/1753/725 1117/1752/724 1116/1751/723
f 1053/1758/725 1052/1757/726 1055/1756/727 1054/1755/727
f 1054/1755/727 1055/1756/727 1093/1760/728 1092/1759/728
f 1056/1764/732 1057/1763/731 1121/1762/730 1120/1761/729
f 1057/1768/731 1056/1767/732 1059/1766/733 1058/1765/733
f 1058/1765/733 1059/1766/733 1069/1770/734 1068/1769/734
f 1060/1774/738 1061/1773/737 1125/1772/736 1124/1771/735
f 1061/1778/737 1060/1777/738 1062/1776/739 1063/1775/739
f 1063/1775/739 1062/1776/739 1070/1780/740 1071/1779/740
f 1064/1784/742 1065/1783/742 1077/1782/741 1076/1781/741
f 1065/1783/742 1064/1784/742 1067/1786/744 1066/1785/743
f 1066/1785/743 1067/1786/744 1082/1788/745 1083/1787/745
f 1068/1769/734 1069/1770/734 1073/1790/746 1072/1789/746
f 1071/1779/740 1070/1780/740 1075/1792/747 1074/1791/747
f 1072/1789/746 1073/1790/746 1076/1781/741 1077/1782/741
f 1074/1791/747 1075/1792/747 1081/1794/748 1080/1793/748
f 1078/1796/749 1079/1795/749 1080/1793/748 1081/1794/748
f 1079/1795/749 1078/1796/749 1133/1798/750 1132/1797/750
f 1083/1787/745 1082/1788/745 1090/1800/751 1091/1799/751
f 1084/1804/753 1085/1803/753 1086/1802/752 1087/1801/752
f 1085/1803/753 1084/1804/753 1092/1759/728 1093/1760/728
f 1087/1801/752 1086/1802/752 1132/1797/750 1133/1798/750
f 1089/1749/722 1088/1750/722 1091/1799/751 1090/1800/751
f 1096/1808/754 1095/1807/754 1131/1806/754 1130/1805/754
f 1097/1737/755 1096/1810/755 1104/1809/755 1103/1740/755
f 1094/1722/756 1097/1812/756 1099/1811/756 1098/1721/756
f 1100/1814/757 1099/1738/757 1109/1739/757 1108/1813/757
f 1101/1818/758 1100/1817/758 1110/1816/758 1111/1815/758
f 1103/1820/759 1102/1731/759 1106/1732/759 1109/1819/759
f 1105/1824/760 1104/1823/760 1128/1822/760 1127/1821/760
f 1108/1828/761 1107/1827/761 1114/1826/761 1113/1825/761
f 1111/1815/762 1110/1830/762 1113/1825/762 1112/1829/762
f 1112/1829/764 1114/1832/764 1116/1751/723 1115/1831/763
f 1115/1831/765 1117/1834/765 1118/1833/765 1119/1742/765
f 1120/1761/729 1122/1837/768 1129/1836/767 1131/1835/766
f 1122/1837/769 1121/1840/769 1124/1839/769 1123/1838/769
f 1123/1838/771 1125/1772/736 1127/1842/770 1126/1841/770
f 1126/1841/772 1128/1822/772 1130/1805/772 1129/1836/772
f 1058/1846/774 1062/1845/774 1060/1844/773 1057/1843/773
f 1111/1815/3 1112/1829/3 1115/1831/3 1119/1742/3
f 1048/1850/777 1053/1849/776 1054/1848/775 1050/1847/775
f 1065/1854/778 1066/1853/779 1133/1852/779 1078/1851/778
f 1058/1846/780 1068/1856/781 1070/1855/781 1062/1845/780
f 1068/1856/781 1072/1858/782 1075/1857/782 1070/1855/781
f 1072/1858/782 1077/1860/783 1081/1859/783 1075/1857/782
f 1066/1853/779 1083/1862/784 1087/1861/784 1133/1852/779
f 1091/1866/785 1088/1865/786 1092/1864/786 1084/1863/785
f 1088/1865/786 1050/1847/787 1054/1848/787 1092/1864/786
f 1122/1837/3 1123/1838/3 1126/1841/3 1129/1836/3
f 1114/1832/2 1107/1867/2 1052/1754/2 1116/1751/2
f 1053/1869/776 1048/1868/777 1118/1833/788 1117/1834/788
f 1049/1743/1 1101/1818/1 1111/1815/1 1119/1742/1
f 1057/1871/773 1060/1870/773 1124/1839/789 1121/1840/789
f 1061/1773/2 1105/1872/2 1127/1842/2 1125/1772/2
f 1131/1835/1 1095/1873/1 1056/1764/1 1120/1761/1
f 1045/1729/2 1046/1733/2 1093/1760/2 1055/1756/2
f 1089/1749/1 1038/1726/1 1036/1724/1 1051/1745/1
f 1059/1766/1 1037/1723/1 1039/1725/1 1069/1770/1
f 1090/1800/1 1040/1728/1 1038/1726/1 1089/1749/1
f 1069/1770/1 1039/1725/1 1041/1727/1 1073/1790/1
f 1067/1786/1 1040/1728/1 1090/1800/1 1082/1788/1
f 1067/1786/1 1064/1784/1 1041/1727/1 1040/1728/1
f 1073/1790/1 1041/1727/1 1064/1784/1 1076/1781/1
f 1046/1733/2 1047/1735/2 1085/1803/2 1093/1760/2
f 1132/1797/2 1086/1802/2 1085/1803/2 1047/1735/2
f 1071/1779/2 1043/1734/2 1042/1730/2 1063/1775/2
f 1074/1791/2 1044/1736/2 1043/1734/2 1071/1779/2
f 1079/1795/2 1044/1736/2 1074/1791/2 1080/1793/2
f 1132/1797/2 1047/1735/2 1044/1736/2 1079/1795/2
f 1081/1859/783 1077/1860/783 1065/1854/778 1078/1851/778
f 1087/1861/784 1083/1862/784 1091/1866/785 1084/1863/785
f 1128/1822/790 1104/1823/790 1096/1808/790 1130/1805/790
f 1110/1830/791 1100/1874/791 1108/1828/791 1113/1825/791
f 1094/1722/792 1095/1876/792 1096/1875/792 1097/1812/792
f 1098/1721/793 1099/1811/793 1100/1878/793 1101/1877/793
f 1102/1731/794 1103/1820/794 1104/1880/794 1105/1879/794
f 1106/1732/795 1107/1882/795 1108/1881/795 1109/1819/795
f 1112/1829/796 1113/1825/796 1114/1826/796
f 1115/1831/763 1116/1751/723 1117/1752/724
f 1120/1761/729 1121/1762/730 1122/1837/768
f 1123/1838/771 1124/1771/735 1125/1772/736
f 1126/1841/797 1127/1821/797 1128/1822/797
f 1129/1836/798 1130/1805/798 1131/1806/798
f 1051/1745/1 1036/1724/1 1098/1721/1 1101/1877/1 1049/1748/1
f 1063/1775/2 1042/1730/2 1102/1731/2 1105/1879/2 1061/1778/2
f 1095/1876/1 1094/1722/1 1037/1723/1 1059/1766/1 1056/1767/1
f 1107/1882/2 1106/1732/2 1045/1729/2 1055/1756/2 1052/1757/2

v 22.1478099822998 14.62786960601807 0.44898000359535
v 22.1478099822998 14.42840957641602 0.90144300460815
v 22.1478099822998 14.11396980285645 1.27736401557922
v 22.1478099822998 13.71004009246826 1.54628598690033
v 22.1478099822998 13.32936000823975 1.68642497062683
v 22.1478099822998 13.32936000823975 -1.7731659412384
v 22.1478099822998 13.71004009246826 -1.63302803039551
v 22.1478099822998 14.11396980285645 -1.3641060590744
v 22.1478099822998 14.42840957641602 -0.98818600177765
v 22.1478099822998 14.62786960601807 -0.53572201728821
v 22.1478099822998 14.69620037078857 -0.04337000101805
v 22.5228099822998 14.70014953613281 0.47096800804138
v 22.5228099822998 14.49178028106689 0.94363802671432
v 22.5228099822998 14.16331005096436 1.33634698390961
v 22.5228099822998 13.74133968353271 1.61727905273438
v 22.5228099822998 13.32936000823975 1.76367497444153
v 22.5228099822998 13.32936000823975 -1.8504159450531
v 22.5228099822998 13.74133968353271 -1.70402002334595
v 22.5228099822998 14.16331005096436 -1.42308700084686
v 22.5228099822998 14.49178028106689 -1.03037905693054
v 22.5228099822998 14.70014953613281 -0.55770897865295
v 22.5228099822998 14.77153968811035 -0.04337000101805
v 22.79733085632324 14.89764022827148 0.53103697299957
v 22.79733085632324 14.66493034362793 1.05891299247742
v 22.79733085632324 14.2980899810791 1.49748599529266
v 22.79733085632324 13.8268404006958 1.81122899055481
v 22.79733085632324 13.32936000823975 1.97472500801086
v 22.79733085632324 13.32936000823975 -2.06146597862244
v 22.79733085632324 13.8268404006958 -1.89797103404999
v 22.79733085632324 14.2980899810791 -1.58422899246216
v 22.79733085632324 14.66493034362793 -1.14565396308899
v 22.79733085632324 14.89764022827148 -0.61778002977371
v 22.79733085632324 14.97735977172852 -0.04337000101805
v 22.8978099822998 15.16740989685059 0.61309599876404
v 22.8978099822998 14.90145969390869 1.21638202667236
v 22.8978099822998 14.48221015930176 1.71761000156403
v 22.8978099822998 13.94363975524902 2.07617211341858
v 22.8978099822998 13.32936000823975 2.26302289962769
v 22.8978099822998 13.32936000823975 -2.34976506233215
v 22.8978099822998 13.94363021850586 -2.16291403770447
v 22.8978099822998 14.48221015930176 -1.8043509721756
v 22.8978099822998 14.90145969390869 -1.30312395095825
v 22.8978099822998 15.16740989685059 -0.69983899593353
v 22.8978099822998 15.25852012634277 -0.04337000101805
v 22.79733085632324 15.43717002868652 0.6951550245285
v 22.79733085632324 15.13798046112061 1.37385094165802
v 22.79733085632324 14.66633033752441 1.93773198127747
v 22.79733085632324 14.06042957305908 2.34111499786377
v 22.79733085632324 13.32936000823975 2.5513219833374
v 22.79733085632324 13.32936000823975 -2.63806390762329
v 22.79733085632324 14.06042957305908 -2.42785692214966
v 22.79733085632324 14.66633033752441 -2.02447390556335
v 22.79733085632324 15.13798046112061 -1.4605929851532
v 22.79733085632324 15.43717002868652 -0.78189700841904
v 22.79733085632324 15.53967952728271 -0.04337000101805
v 22.5228099822998 15.63465976715088 0.75522601604462
v 22.5228099822998 15.31112957000732 1.48912596702576
v 22.5228099822998 14.80111026763916 2.09887194633484
v 22.5228099822998 14.14593029022217 2.53506588935852
v 22.5228099822998 13.32936000823975 2.76237201690674
v 22.5228099822998 13.32936000823975 -2.84911298751831
v 22.5228099822998 14.14593029022217 -2.6218090057373
v 22.5228099822998 14.80111026763916 -2.18561410903931
v 22.5228099822998 15.31112957000732 -1.57586896419525
v 22.5228099822998 15.63465976715088 -0.84196799993515
v 22.5228099822998 15.74549961090088 -0.04337000101805
v 22.1478099822998 15.70693969726562 0.77721399068832
v 22.1478099822998 15.3745002746582 1.53131902217865
v 22.1478099822998 14.85044956207275 2.15785503387451
v 22.1478099822998 14.17722988128662 2.60605907440186
v 22.1478099822998 13.32936000823975 2.83962202072144
v 22.1478099822998 13.32936000823975 -2.92636299133301
v 22.1478099822998 14.17722988128662 -2.69280099868774
v 22.1478099822998 14.85044956207275 -2.24459600448608
v 22.1478099822998 15.3745002746582 -1.61806201934814
v 22.1478099822998 15.70693969726562 -0.86395597457886
v 22.1478099822998 15.82083034515381 -0.04337000101805
v 21.7728099822998 15.63465976715088 0.75522601604462
v 21.7728099822998 15.31112957000732 1.48912596702576
v 21.7728099822998 14.80111026763916 2.09887194633484
v 21.7728099822998 14.14593029022217 2.53506588935852
v 21.7728099822998 13.32936000823975 2.76237297058105
v 21.7728099822998 13.32936000823975 -2.84911394119263
v 21.7728099822998 14.14593029022217 -2.6218090057373
v 21.7728099822998 14.80111026763916 -2.18561506271362
v 21.7728099822998 15.31112957000732 -1.57586896419525
v 21.7728099822998 15.63465976715088 -0.84196799993515
v 21.7728099822998 15.74549961090088 -0.04337000101805
v 21.49828910827637 15.43717002868652 0.6951550245285
v 21.49828910827637 15.13798046112061 1.37385094165802
v 21.49828910827637 14.66633033752441 1.93773198127747
v 21.49828910827637 14.06042957305908 2.34111499786377
v 21.49828910827637 13.32936000823975 2.5513219833374
v 21.49828910827637 13.32936000823975 -2.63806390762329
v 21.49828910827637 14.06042957305908 -2.42785692214966
v 21.49828910827637 14.66633033752441 -2.02447390556335
v 21.49828910827637 15.13798046112061 -1.4605929851532
v 21.49828910827637 15.43717002868652 -0.78189700841904
v 21.49828910827637 15.53967952728271 -0.04337000101805
v 21.3978099822998 15.16740989685059 0.61309599876404
v 21.3978099822998 14.90145969390869 1.21638202667236
v 21.3978099822998 14.48221015930176 1.71761000156403
v 21.3978099822998 13.94363975524902 2.07617211341858
v 21.3978099822998 13.32936000823975 2.26302289962769
v 21.3978099822998 13.32936000823975 -2.34976506233215
v 21.3978099822998 13.94363021850586 -2.16291403770447
v 21.3978099822998 14.48221015930176 -1.80435001850128
v 21.3978099822998 14.90145969390869 -1.30312395095825
v 21.3978099822998 15.16740989685059 -0.69983899593353
v 21.3978099822998 15.25852012634277 -0.04337000101805
v 21.49828910827637 14.89764022827148 0.53103697299957
v 21.49828910827637 14.66493034362793 1.05891299247742
v 21.49828910827637 14.2980899810791 1.49748599529266
v 21.49828910827637 13.8268404006958 1.81122899055481
v 21.49828910827637 13.32936000823975 1.97472500801086
v 21.49828910827637 13.32936000823975 -2.06146597862244
v 21.49828910827637 13.8268404006958 -1.8979719877243
v 21.49828910827637 14.2980899810791 -1.58422899246216
v 21.49828910827637 14.66493034362793 -1.14565396308899
v 21.49828910827637 14.89764022827148 -0.61778002977371
v 21.49828910827637 14.97735977172852 -0.04337000101805
v 21.7728099822998 14.70014953613281 0.47096800804138
v 21.7728099822998 14.49178028106689 0.9436360001564
v 21.7728099822998 14.16331005096436 1.33634698390961
v 21.7728099822998 13.74133968353271 1.61727905273438
v 21.7728099822998 13.32936000823975 1.76367497444153
v 21.7728099822998 13.32936000823975 -1.8504159450531
v 21.7728099822998 13.74133968353271 -1.70402002334595
v 21.7728099822998 14.16331005096436 -1.42308700084686
v 21.7728099822998 14.49178028106689 -1.03037905693054
v 21.7728099822998 14.70014953613281 -0.55770897865295
v 21.7728099822998 14.77153968811035 -0.04337000101805
v 22.1478099822998 11.29423999786377 1.68642497062683
v 22.5228099822998 11.29423999786377 1.76367497444153
v 22.1478099822998 11.29423999786377 -1.7731659412384
v 22.5228099822998 11.29423999786377 -1.8504159450531
v 22.79733085632324 11.29423999786377 1.97472500801086
v 22.79733085632324 11.29423999786377 -2.06146597862244
v 22.8978099822998 11.29423999786377 2.26302289962769
v 22.8978099822998 11.29423999786377 -2.34976506233215
v 22.79733085632324 11.29423999786377 2.5513219833374
v 22.79733085632324 11.29423999786377 -2.63806390762329
v 22.5228099822998 11.29423999786377 2.76237201690674
v 22.5228099822998 11.29423999786377 -2.84911298751831
v 22.1478099822998 11.29423999786377 2.83962202072144
v 22.1478099822998 11.29423999786377 -2.92636299133301
v 21.7728099822998 11.29423999786377 2.76237297058105
v 21.7728099822998 11.29423999786377 -2.84911394119263
v 21.49828910827637 11.29423999786377 2.5513219833374
v 21.49828910827637 11.29423999786377 -2.63806390762329
v 21.3978099822998 11.29423999786377 2.26302289962769
v 21.3978099822998 11.29423999786377 -2.34976506233215
v 21.49828910827637 11.29423999786377 1.97472500801086
v 21.49828910827637 11.29423999786377 -2.06146597862244
v 21.7728099822998 11.29423999786377 1.76367497444153
v 21.7728099822998 11.29423999786377 -1.8504159450531
# 156 vertices

vn 0.41607642173767 -0.77293211221695 -0.47901603579521
vn 0.41342169046402 -0.87609523534775 -0.24807177484035
vn 0 -0.96219092607498 -0.27237594127655
vn 0 -0.85005128383636 -0.52669990062714
vn 0.41963490843773 -0.60667055845261 -0.67517215013504
vn 0 -0.66844660043716 -0.74376010894775
vn 0.41948145627975 -0.41282498836517 -0.80846202373505
vn 0 -0.45981901884079 -0.88801264762878
vn 0.41263693571091 -0.0563453771174 -0.90915125608444
vn 0 -0.06096963956952 -0.99813961982727
vn 0.41948145627975 -0.41282498836517 0.80846202373505
vn 0.41263693571091 -0.0563453771174 0.90915125608444
vn 0 -0.06096963956952 0.99813961982727
vn 0 -0.45981901884079 0.88801264762878
vn 0.41963490843773 -0.60667055845261 0.67517215013504
vn 0 -0.66844660043716 0.74376010894775
vn 0.41607642173767 -0.77293211221695 0.47901603579521
vn 0 -0.85005128383636 0.52669990062714
vn 0.41342169046402 -0.87609523534775 0.24807177484035
vn 0 -0.96218860149384 0.27238413691521
vn 0.41244396567345 -0.91098296642303 0
vn 0.6037665605545 -0.67664361000061 -0.42144909501076
vn 0.60091692209244 -0.76879489421844 -0.21875388920307
vn 0.60751730203629 -0.52939003705978 -0.59217303991318
vn 0.60568010807037 -0.35545146465302 -0.71190303564072
vn 0.61067414283752 -0.04418879374862 -0.79064810276032
vn 0.60568010807037 -0.35545146465302 0.71190303564072
vn 0.61067414283752 -0.04418879374862 0.79064810276032
vn 0.60751730203629 -0.52939003705978 0.59217303991318
vn 0.6037665605545 -0.67664361000061 0.42144909501076
vn 0.60091692209244 -0.76879489421844 0.21875388920307
vn 0.59985494613647 -0.800108730793 0
vn 0.9427502155304 -0.28288444876671 -0.17663088440895
vn 0.94196790456772 -0.32282292842865 -0.09209672361612
vn 0.94196182489395 -0.32313334941864 -0.09106484800577
vn 0.94273173809052 -0.28387889266014 -0.17512741684914
vn 0.94377458095551 -0.22003696858883 -0.24672517180443
vn 0.94374239444733 -0.2215680629015 -0.24547490477562
vn 0.94352912902832 -0.1430981606245 -0.2987904548645
vn 0.94355368614197 -0.14469094574451 -0.29794457554817
vn 0.94456028938293 -0.01893808320165 -0.32779133319855
vn 0.94457548856735 -0.02531284838915 -0.32731699943542
vn 0.94352912902832 -0.1430981606245 0.2987904548645
vn 0.94456028938293 -0.01893808320165 0.32779133319855
vn 0.94457620382309 -0.02528161741793 0.32731726765633
vn 0.94355368614197 -0.14469094574451 0.29794457554817
vn 0.94377458095551 -0.22003696858883 0.24672517180443
vn 0.94374239444733 -0.2215680629015 0.24547490477562
vn 0.9427502155304 -0.28288444876671 0.17663088440895
vn 0.94273173809052 -0.28387889266014 0.17512741684914
vn 0.94196790456772 -0.32282292842865 0.09209672361612
vn 0.94196182489395 -0.32313334941864 0.09106484800577
vn 0.94167047739029 -0.33653634786606 0
vn 0.9427502155304 0.28288444876671 0.17663088440895
vn 0.94196790456772 0.32282292842865 0.09209672361612
vn 0.94196182489395 0.32313334941864 0.09106484800577
vn 0.94273173809052 0.28387889266014 0.17512741684914
vn 0.94377458095551 0.22003696858883 0.24672517180443
vn 0.94374239444733 0.2215680629015 0.24547490477562
vn 0.94373595714569 0.13900253176689 0.30006796121597
vn 0.94375973939896 0.14018894731998 0.29944056272507
vn 0.94451147317886 0.02084400132298 0.32781645655632
vn 0.94449311494827 0.02706319838762 0.32741469144821
vn 0.94373595714569 0.13900253176689 -0.30006796121597
vn 0.94451147317886 0.02084400132298 -0.32781645655632
vn 0.94449311494827 0.02706319838762 -0.32741469144821
vn 0.94375973939896 0.14018894731998 -0.29944056272507
vn 0.94377458095551 0.22003696858883 -0.24672517180443
vn 0.94374239444733 0.2215680629015 -0.24547490477562
vn 0.9427502155304 0.28288444876671 -0.17663088440895
vn 0.94273173809052 0.28387889266014 -0.17512741684914
vn 0.94196790456772 0.32282292842865 -0.09209672361612
vn 0.94196182489395 0.32313334941864 -0.09106484800577
vn 0.94167047739029 0.33653634786606 0
vn 0.38763538002968 0.78314590454102 0.4862317442894
vn 0.38535457849503 0.88774365186691 0.25181955099106
vn 0.60091531276703 0.76923036575317 0.21722203493118
vn 0.60370510816574 0.67811352014542 0.41916847229004
vn 0.39066725969315 0.6146422624588 0.68526929616928
vn 0.6074805855751 0.53166663646698 0.590167760849
vn 0.38922747969627 0.3788834810257 0.83961260318756
vn 0.60791403055191 0.32941046357155 0.72244673967361
vn 0.39987954497337 0.07128205895424 0.91379165649414
vn 0.6100407242775 0.06612602621317 0.78960603475571
vn 0.38922747969627 0.3788834810257 -0.83961260318756
vn 0.39987954497337 0.07128205895424 -0.91379165649414
vn 0.6100407242775 0.06612602621317 -0.78960603475571
vn 0.60791403055191 0.32941046357155 -0.72244673967361
vn 0.39066725969315 0.6146422624588 -0.68526929616928
vn 0.6074805855751 0.53166663646698 -0.590167760849
vn 0.38763538002968 0.78314590454102 -0.4862317442894
vn 0.60370510816574 0.67811352014542 -0.41916847229004
vn 0.38535457849503 0.88774365186691 -0.25181955099106
vn 0.60091531276703 0.76923036575317 -0.21722203493118
vn 0.3845377266407 0.92310929298401 0
vn 0.59985494613647 0.800108730793 0
vn 0 0.84946626424789 0.52764290571213
vn 0 0.96201300621033 0.27300369739532
vn 0 0.66752350330353 0.74458873271942
vn 0 0.409727871418 0.91220778226852
vn 0 0.07815653085709 0.99694108963013
vn 0 0.409727871418 -0.91220778226852
vn 0 0.07815653085709 -0.99694108963013
vn 0 0.66752350330353 -0.74458873271942
vn 0 0.84946626424789 -0.52764290571213
vn 0 0.96201300621033 -0.27300369739532
vn -0.38763538002968 0.78314590454102 0.4862317442894
vn -0.38535457849503 0.88774365186691 0.25181955099106
vn -0.39066725969315 0.6146422624588 0.68526929616928
vn -0.38922747969627 0.3788834810257 0.83961260318756
vn -0.39987954497337 0.07128205895424 0.91379165649414
vn -0.38922747969627 0.3788834810257 -0.83961260318756
vn -0.39987954497337 0.07128205895424 -0.91379165649414
vn -0.39066725969315 0.6146422624588 -0.68526929616928
vn -0.38763538002968 0.78314590454102 -0.4862317442894
vn -0.38535457849503 0.88774365186691 -0.25181955099106
vn -0.3845377266407 0.92310929298401 0
vn -0.60370510816574 0.67811352014542 0.41916847229004
vn -0.60091531276703 0.76923036575317 0.21722203493118
vn -0.6074805855751 0.53166663646698 0.590167760849
vn -0.60791403055191 0.32941046357155 0.72244673967361
vn -0.61005574464798 0.06612765789032 0.78959423303604
vn -0.60791403055191 0.32941046357155 -0.72244673967361
vn -0.61005574464798 0.06612765789032 -0.78959423303604
vn -0.6074805855751 0.53166663646698 -0.590167760849
vn -0.60370510816574 0.67811352014542 -0.41916847229004
vn -0.60091531276703 0.76923036575317 -0.21722203493118
vn -0.59985494613647 0.800108730793 0
vn -0.94273173809052 0.28387889266014 0.17512741684914
vn -0.94196182489395 0.32313334941864 0.09106484800577
vn -0.94196790456772 0.32282292842865 0.09209672361612
vn -0.9427502155304 0.28288444876671 0.17663088440895
vn -0.94374239444733 0.2215680629015 0.24547490477562
vn -0.94377458095551 0.22003696858883 0.24672517180443
vn -0.94375973939896 0.14018894731998 0.29944056272507
vn -0.94373595714569 0.13900253176689 0.30006796121597
vn -0.94449311494827 0.02706319838762 0.32741469144821
vn -0.94451147317886 0.02084400132298 0.32781645655632
vn -0.94375973939896 0.14018894731998 -0.29944056272507
vn -0.94449311494827 0.02706319838762 -0.32741469144821
vn -0.94451147317886 0.02084400132298 -0.32781645655632
vn -0.94373595714569 0.13900253176689 -0.30006796121597
vn -0.94374239444733 0.2215680629015 -0.24547490477562
vn -0.94377458095551 0.22003696858883 -0.24672517180443
vn -0.94273173809052 0.28387889266014 -0.17512741684914
vn -0.9427502155304 0.28288444876671 -0.17663088440895
vn -0.94196182489395 0.32313334941864 -0.09106484800577
vn -0.94196790456772 0.32282292842865 -0.09209672361612
vn -0.94167047739029 0.33653634786606 0
vn -0.94273173809052 -0.28387889266014 -0.17512741684914
vn -0.94196182489395 -0.32313334941864 -0.09106484800577
vn -0.94196790456772 -0.32282292842865 -0.09209672361612
vn -0.9427502155304 -0.28288444876671 -0.17663088440895
vn -0.94374239444733 -0.2215680629015 -0.24547490477562
vn -0.94377458095551 -0.22003696858883 -0.24672517180443
vn -0.94355368614197 -0.14469094574451 -0.29794457554817
vn -0.94352912902832 -0.1430981606245 -0.2987904548645
vn -0.94457548856735 -0.02531284838915 -0.32731699943542
vn -0.94456028938293 -0.01893808320165 -0.32779133319855
vn -0.94355368614197 -0.14469094574451 0.29794457554817
vn -0.94457620382309 -0.02528161741793 0.32731726765633
vn -0.94456028938293 -0.01893808320165 0.32779133319855
vn -0.94352912902832 -0.1430981606245 0.2987904548645
vn -0.94374239444733 -0.2215680629015 0.24547490477562
vn -0.94377458095551 -0.22003696858883 0.24672517180443
vn -0.94273173809052 -0.28387889266014 0.17512741684914
vn -0.9427502155304 -0.28288444876671 0.17663088440895
vn -0.94196182489395 -0.32313334941864 0.09106484800577
vn -0.94196790456772 -0.32282292842865 0.09209672361612
vn -0.94167047739029 -0.33653634786606 0
vn -0.41607642173767 -0.77293211221695 -0.47901603579521
vn -0.41342169046402 -0.87609523534775 -0.24807177484035
vn -0.60091692209244 -0.76879489421844 -0.21875388920307
vn -0.6037665605545 -0.67664361000061 -0.42144909501076
vn -0.41963490843773 -0.60667055845261 -0.67517215013504
vn -0.60751730203629 -0.52939003705978 -0.59217303991318
vn -0.41948145627975 -0.41282498836517 -0.80846202373505
vn -0.60568010807037 -0.35545146465302 -0.71190303564072
vn -0.41263693571091 -0.0563453771174 -0.90915125608444
vn -0.61067414283752 -0.04418879374862 -0.79064810276032
vn -0.41948145627975 -0.41282498836517 0.80846202373505
vn -0.41263693571091 -0.0563453771174 0.90915125608444
vn -0.61067414283752 -0.04418879374862 0.79064810276032
vn -0.60568010807037 -0.35545146465302 0.71190303564072
vn -0.41963490843773 -0.60667055845261 0.67517215013504
vn -0.60751730203629 -0.52939003705978 0.59217303991318
vn -0.41607642173767 -0.77293211221695 0.47901603579521
vn -0.6037665605545 -0.67664361000061 0.42144909501076
vn -0.41342169046402 -0.87609523534775 0.24807177484035
vn -0.60091692209244 -0.76879489421844 0.21875388920307
vn -0.41244396567345 -0.91098296642303 0
vn -0.59985494613647 -0.800108730793 0
vn 0.40569192171097 0 -0.91400986909866
vn 0.40569192171097 0 0.91400986909866
vn 0.60948270559311 0 -0.79279935359955
vn 0.60948270559311 0 0.79279935359955
vn 0.94429552555084 0 -0.32909873127937
vn 0.94429552555084 0 0.32909873127937
vn -0.40569192171097 0 0.91400986909866
vn -0.40569192171097 0 -0.91400986909866
vn -0.60948270559311 0 0.79279935359955
vn -0.60948270559311 0 -0.79279935359955
vn -0.94429552555084 0 0.32909873127937
vn -0.94429552555084 0 -0.32909873127937
# 204 normals

vt 0.29611989855766 0.05642759799957 0
vt 0.29611989855766 0.05349111557007 0
vt 0.29441571235657 0.05349111557007 0
vt 0.29441571235657 0.05642759799957 0
vt 0.29611989855766 0.05933809280396 0
vt 0.29441571235657 0.05933809280396 0
vt 0.29611989855766 0.06221997737885 0
vt 0.29441571235657 0.06221997737885 0
vt 0.29611989855766 0.06508076190948 0
vt 0.29441571235657 0.06508076190948 0
vt 0.29611989855766 0.038858294487 0
vt 0.29611989855766 0.03599750995636 0
vt 0.29441571235657 0.03599750995636 0
vt 0.29441571235657 0.038858294487 0
vt 0.29611989855766 0.0417400598526 0
vt 0.29441571235657 0.0417400598526 0
vt 0.29611989855766 0.04465055465698 0
vt 0.29441571235657 0.04465055465698 0
vt 0.29611989855766 0.04758715629578 0
vt 0.29441571235657 0.04758715629578 0
vt 0.29611989855766 0.05053913593292 0
vt 0.29441571235657 0.05053913593292 0
vt 0.29765158891678 0.05642759799957 0
vt 0.29765158891678 0.05349111557007 0
vt 0.29765158891678 0.05933809280396 0
vt 0.29765158891678 0.06221997737885 0
vt 0.29765158891678 0.06508076190948 0
vt 0.29765158891678 0.038858294487 0
vt 0.29765158891678 0.03599750995636 0
vt 0.29765158891678 0.0417400598526 0
vt 0.29765158891678 0.04465055465698 0
vt 0.29765158891678 0.04758715629578 0
vt 0.29765158891678 0.05053913593292 0
vt 0.29898890852928 0.05642759799957 0
vt 0.29898890852928 0.05349111557007 0
vt 0.29898890852928 0.05933809280396 0
vt 0.29898890852928 0.06221997737885 0
vt 0.29898890852928 0.06508076190948 0
vt 0.29898890852928 0.038858294487 0
vt 0.29898890852928 0.03599750995636 0
vt 0.29898890852928 0.0417400598526 0
vt 0.29898890852928 0.04465055465698 0
vt 0.29898890852928 0.04758715629578 0
vt 0.29898890852928 0.05053913593292 0
vt 0.30032628774643 0.05642759799957 0
vt 0.30032628774643 0.05349111557007 0
vt 0.30032628774643 0.05933809280396 0
vt 0.30032628774643 0.06221997737885 0
vt 0.30032628774643 0.06508076190948 0
vt 0.30032628774643 0.038858294487 0
vt 0.30032628774643 0.03599750995636 0
vt 0.30032628774643 0.0417400598526 0
vt 0.30032628774643 0.04465055465698 0
vt 0.30032628774643 0.04758715629578 0
vt 0.30032628774643 0.05053913593292 0
vt 0.30185800790787 0.05642759799957 0
vt 0.30185800790787 0.05349111557007 0
vt 0.30185800790787 0.05933809280396 0
vt 0.30185800790787 0.06221997737885 0
vt 0.30185800790787 0.06508076190948 0
vt 0.30185800790787 0.038858294487 0
vt 0.30185800790787 0.03599750995636 0
vt 0.30185800790787 0.0417400598526 0
vt 0.30185800790787 0.04465055465698 0
vt 0.30185800790787 0.04758715629578 0
vt 0.30185800790787 0.05053913593292 0
vt 0.303562104702 0.05642759799957 0
vt 0.303562104702 0.05349111557007 0
vt 0.303562104702 0.05933809280396 0
vt 0.303562104702 0.06221997737885 0
vt 0.303562104702 0.06508076190948 0
vt 0.303562104702 0.038858294487 0
vt 0.303562104702 0.03599750995636 0
vt 0.303562104702 0.0417400598526 0
vt 0.303562104702 0.04465055465698 0
vt 0.303562104702 0.04758715629578 0
vt 0.303562104702 0.05053913593292 0
vt 0.30526611208916 0.05642759799957 0
vt 0.30526611208916 0.05349111557007 0
vt 0.30526611208916 0.05933809280396 0
vt 0.30526611208916 0.06221997737885 0
vt 0.30526611208916 0.06508076190948 0
vt 0.30526611208916 0.038858294487 0
vt 0.30526611208916 0.03599750995636 0
vt 0.30526611208916 0.0417400598526 0
vt 0.30526611208916 0.04465055465698 0
vt 0.30526611208916 0.04758715629578 0
vt 0.30526611208916 0.05053913593292 0
vt 0.30679780244827 0.05642759799957 0
vt 0.30679780244827 0.05349111557007 0
vt 0.30679780244827 0.05933809280396 0
vt 0.30679780244827 0.06221997737885 0
vt 0.30679780244827 0.06508076190948 0
vt 0.30679780244827 0.038858294487 0
vt 0.30679780244827 0.03599750995636 0
vt 0.30679780244827 0.0417400598526 0
vt 0.30679780244827 0.04465055465698 0
vt 0.30679780244827 0.04758715629578 0
vt 0.30679780244827 0.05053913593292 0
vt 0.30813509225845 0.05642759799957 0
vt 0.30813509225845 0.05349111557007 0
vt 0.30813509225845 0.05933809280396 0
vt 0.30813509225845 0.06221997737885 0
vt 0.30813509225845 0.06508076190948 0
vt 0.30813509225845 0.038858294487 0
vt 0.30813509225845 0.03599750995636 0
vt 0.30813509225845 0.0417400598526 0
vt 0.30813509225845 0.04465055465698 0
vt 0.30813509225845 0.04758715629578 0
vt 0.30813509225845 0.05053913593292 0
vt 0.30947241187096 0.05642759799957 0
vt 0.30947241187096 0.05349111557007 0
vt 0.30947241187096 0.05933809280396 0
vt 0.30947241187096 0.06221997737885 0
vt 0.30947241187096 0.06508076190948 0
vt 0.30947241187096 0.038858294487 0
vt 0.30947241187096 0.03599750995636 0
vt 0.30947241187096 0.0417400598526 0
vt 0.30947241187096 0.04465055465698 0
vt 0.30947241187096 0.04758715629578 0
vt 0.30947241187096 0.05053913593292 0
vt 0.31100419163704 0.05642759799957 0
vt 0.31100419163704 0.05349111557007 0
vt 0.31100419163704 0.05933809280396 0
vt 0.31100419163704 0.06221997737885 0
vt 0.31100419163704 0.06508076190948 0
vt 0.31100419163704 0.038858294487 0
vt 0.31100419163704 0.03599750995636 0
vt 0.31100419163704 0.0417400598526 0
vt 0.31100419163704 0.04465055465698 0
vt 0.31100419163704 0.04758715629578 0
vt 0.31100419163704 0.05053913593292 0
vt 0.31270828843117 0.05642759799957 0
vt 0.31270828843117 0.05349111557007 0
vt 0.31270828843117 0.05933809280396 0
vt 0.31270828843117 0.06221997737885 0
vt 0.31270828843117 0.06508076190948 0
vt 0.31270828843117 0.038858294487 0
vt 0.31270828843117 0.03599750995636 0
vt 0.31270828843117 0.0417400598526 0
vt 0.31270828843117 0.04465055465698 0
vt 0.31270828843117 0.04758715629578 0
vt 0.31270828843117 0.05053913593292 0
vt 0.29441571235657 0.07414519786835 0
vt 0.29611989855766 0.07414519786835 0
vt 0.29611989855766 0.02693295478821 0
vt 0.29441571235657 0.02693295478821 0
vt 0.29765158891678 0.07414519786835 0
vt 0.29765158891678 0.02693295478821 0
vt 0.29898890852928 0.07414519786835 0
vt 0.29898890852928 0.02693295478821 0
vt 0.30032628774643 0.07414519786835 0
vt 0.30032628774643 0.02693295478821 0
vt 0.30185800790787 0.07414519786835 0
vt 0.30185800790787 0.02693295478821 0
vt 0.303562104702 0.07414519786835 0
vt 0.303562104702 0.02693295478821 0
vt 0.30526611208916 0.07414519786835 0
vt 0.30526611208916 0.02693295478821 0
vt 0.30679780244827 0.07414519786835 0
vt 0.30679780244827 0.02693295478821 0
vt 0.30813509225845 0.07414519786835 0
vt 0.30813509225845 0.02693295478821 0
vt 0.30947241187096 0.07414519786835 0
vt 0.30947241187096 0.02693295478821 0
vt 0.31100419163704 0.07414519786835 0
vt 0.31100419163704 0.02693295478821 0
vt 0.31270828843117 0.07414519786835 0
vt 0.31270828843117 0.02693295478821 0
# 169 texture coordinates

o Lock_wishbone
usemtl default
f 1135/1886/802 1134/1885/801 1145/1884/800 1146/1883/799
f 1136/1888/804 1135/1886/802 1146/1883/799 1147/1887/803
f 1137/1890/806 1136/1888/804 1147/1887/803 1148/1889/805
f 1138/1892/808 1137/1890/806 1148/1889/805 1149/1891/807
f 1140/1896/812 1139/1895/811 1150/1894/810 1151/1893/809
f 1141/1898/814 1140/1896/812 1151/1893/809 1152/1897/813
f 1142/1900/816 1141/1898/814 1152/1897/813 1153/1899/815
f 1143/1902/818 1142/1900/816 1153/1899/815 1154/1901/817
f 1144/1904/4 1143/1902/818 1154/1901/817 1155/1903/819
f 1134/1885/801 1144/1904/4 1155/1903/819 1145/1884/800
f 1146/1883/799 1145/1884/800 1156/1906/821 1157/1905/820
f 1147/1887/803 1146/1883/799 1157/1905/820 1158/1907/822
f 1148/1889/805 1147/1887/803 1158/1907/822 1159/1908/823
f 1149/1891/807 1148/1889/805 1159/1908/823 1160/1909/824
f 1151/1893/809 1150/1894/810 1161/1911/826 1162/1910/825
f 1152/1897/813 1151/1893/809 1162/1910/825 1163/1912/827
f 1153/1899/815 1152/1897/813 1163/1912/827 1164/1913/828
f 1154/1901/817 1153/1899/815 1164/1913/828 1165/1914/829
f 1155/1903/819 1154/1901/817 1165/1914/829 1166/1915/830
f 1145/1884/800 1155/1903/819 1166/1915/830 1156/1906/821
f 1157/1905/834 1156/1906/833 1167/1917/832 1168/1916/831
f 1158/1907/836 1157/1905/834 1168/1916/831 1169/1918/835
f 1159/1908/838 1158/1907/836 1169/1918/835 1170/1919/837
f 1160/1909/840 1159/1908/838 1170/1919/837 1171/1920/839
f 1162/1910/844 1161/1911/843 1172/1922/842 1173/1921/841
f 1163/1912/846 1162/1910/844 1173/1921/841 1174/1923/845
f 1164/1913/848 1163/1912/846 1174/1923/845 1175/1924/847
f 1165/1914/850 1164/1913/848 1175/1924/847 1176/1925/849
f 1166/1915/851 1165/1914/850 1176/1925/849 1177/1926/851
f 1156/1906/833 1166/1915/851 1177/1926/851 1167/1917/832
f 1168/1916/855 1167/1917/854 1178/1928/853 1179/1927/852
f 1169/1918/857 1168/1916/855 1179/1927/852 1180/1929/856
f 1170/1919/859 1169/1918/857 1180/1929/856 1181/1930/858
f 1171/1920/861 1170/1919/859 1181/1930/858 1182/1931/860
f 1173/1921/865 1172/1922/864 1183/1933/863 1184/1932/862
f 1174/1923/867 1173/1921/865 1184/1932/862 1185/1934/866
f 1175/1924/869 1174/1923/867 1185/1934/866 1186/1935/868
f 1176/1925/871 1175/1924/869 1186/1935/868 1187/1936/870
f 1177/1926/872 1176/1925/871 1187/1936/870 1188/1937/872
f 1167/1917/854 1177/1926/872 1188/1937/872 1178/1928/853
f 1179/1927/876 1178/1928/875 1189/1939/874 1190/1938/873
f 1180/1929/878 1179/1927/876 1190/1938/873 1191/1940/877
f 1181/1930/880 1180/1929/878 1191/1940/877 1192/1941/879
f 1182/1931/882 1181/1930/880 1192/1941/879 1193/1942/881
f 1184/1932/886 1183/1933/885 1194/1944/884 1195/1943/883
f 1185/1934/888 1184/1932/886 1195/1943/883 1196/1945/887
f 1186/1935/890 1185/1934/888 1196/1945/887 1197/1946/889
f 1187/1936/892 1186/1935/890 1197/1946/889 1198/1947/891
f 1188/1937/894 1187/1936/892 1198/1947/891 1199/1948/893
f 1178/1928/875 1188/1937/894 1199/1948/893 1189/1939/874
f 1190/1938/873 1189/1939/874 1200/1950/896 1201/1949/895
f 1191/1940/877 1190/1938/873 1201/1949/895 1202/1951/897
f 1192/1941/879 1191/1940/877 1202/1951/897 1203/1952/898
f 1193/1942/881 1192/1941/879 1203/1952/898 1204/1953/899
f 1195/1943/883 1194/1944/884 1205/1955/901 1206/1954/900
f 1196/1945/887 1195/1943/883 1206/1954/900 1207/1956/902
f 1197/1946/889 1196/1945/887 1207/1956/902 1208/1957/903
f 1198/1947/891 1197/1946/889 1208/1957/903 1209/1958/904
f 1199/1948/893 1198/1947/891 1209/1958/904 1210/1959/3
f 1189/1939/874 1199/1948/893 1210/1959/3 1200/1950/896
f 1201/1949/895 1200/1950/896 1211/1961/906 1212/1960/905
f 1202/1951/897 1201/1949/895 1212/1960/905 1213/1962/907
f 1203/1952/898 1202/1951/897 1213/1962/907 1214/1963/908
f 1204/1953/899 1203/1952/898 1214/1963/908 1215/1964/909
f 1206/1954/900 1205/1955/901 1216/1966/911 1217/1965/910
f 1207/1956/902 1206/1954/900 1217/1965/910 1218/1967/912
f 1208/1957/903 1207/1956/902 1218/1967/912 1219/1968/913
f 1209/1958/904 1208/1957/903 1219/1968/913 1220/1969/914
f 1210/1959/3 1209/1958/904 1220/1969/914 1221/1970/915
f 1200/1950/896 1210/1959/3 1221/1970/915 1211/1961/906
f 1212/1960/905 1211/1961/906 1222/1972/917 1223/1971/916
f 1213/1962/907 1212/1960/905 1223/1971/916 1224/1973/918
f 1214/1963/908 1213/1962/907 1224/1973/918 1225/1974/919
f 1215/1964/909 1214/1963/908 1225/1974/919 1226/1975/920
f 1217/1965/910 1216/1966/911 1227/1977/922 1228/1976/921
f 1218/1967/912 1217/1965/910 1228/1976/921 1229/1978/923
f 1219/1968/913 1218/1967/912 1229/1978/923 1230/1979/924
f 1220/1969/914 1219/1968/913 1230/1979/924 1231/1980/925
f 1221/1970/915 1220/1969/914 1231/1980/925 1232/1981/926
f 1211/1961/906 1221/1970/915 1232/1981/926 1222/1972/917
f 1223/1971/930 1222/1972/929 1233/1983/928 1234/1982/927
f 1224/1973/932 1223/1971/930 1234/1982/927 1235/1984/931
f 1225/1974/934 1224/1973/932 1235/1984/931 1236/1985/933
f 1226/1975/936 1225/1974/934 1236/1985/933 1237/1986/935
f 1228/1976/940 1227/1977/939 1238/1988/938 1239/1987/937
f 1229/1978/942 1228/1976/940 1239/1987/937 1240/1989/941
f 1230/1979/944 1229/1978/942 1240/1989/941 1241/1990/943
f 1231/1980/946 1230/1979/944 1241/1990/943 1242/1991/945
f 1232/1981/947 1231/1980/946 1242/1991/945 1243/1992/947
f 1222/1972/929 1232/1981/947 1243/1992/947 1233/1983/928
f 1234/1982/951 1233/1983/950 1244/1994/949 1245/1993/948
f 1235/1984/953 1234/1982/951 1245/1993/948 1246/1995/952
f 1236/1985/955 1235/1984/953 1246/1995/952 1247/1996/954
f 1237/1986/957 1236/1985/955 1247/1996/954 1248/1997/956
f 1239/1987/961 1238/1988/960 1249/1999/959 1250/1998/958
f 1240/1989/963 1239/1987/961 1250/1998/958 1251/2000/962
f 1241/1990/965 1240/1989/963 1251/2000/962 1252/2001/964
f 1242/1991/967 1241/1990/965 1252/2001/964 1253/2002/966
f 1243/1992/968 1242/1991/967 1253/2002/966 1254/2003/968
f 1233/1983/950 1243/1992/968 1254/2003/968 1244/1994/949
f 1245/1993/972 1244/1994/971 1255/2005/970 1256/2004/969
f 1246/1995/974 1245/1993/972 1256/2004/969 1257/2006/973
f 1247/1996/976 1246/1995/974 1257/2006/973 1258/2007/975
f 1248/1997/978 1247/1996/976 1258/2007/975 1259/2008/977
f 1250/1998/982 1249/1999/981 1260/2010/980 1261/2009/979
f 1251/2000/984 1250/1998/982 1261/2009/979 1262/2011/983
f 1252/2001/986 1251/2000/984 1262/2011/983 1263/2012/985
f 1253/2002/988 1252/2001/986 1263/2012/985 1264/2013/987
f 1254/2003/990 1253/2002/988 1264/2013/987 1265/2014/989
f 1244/1994/971 1254/2003/990 1265/2014/989 1255/2005/970
f 1256/2004/969 1255/2005/970 1134/2016/801 1135/2015/802
f 1257/2006/973 1256/2004/969 1135/2015/802 1136/2017/804
f 1258/2007/975 1257/2006/973 1136/2017/804 1137/2018/806
f 1259/2008/977 1258/2007/975 1137/2018/806 1138/2019/808
f 1261/2009/979 1260/2010/980 1139/2021/811 1140/2020/812
f 1262/2011/983 1261/2009/979 1140/2020/812 1141/2022/814
f 1263/2012/985 1262/2011/983 1141/2022/814 1142/2023/816
f 1264/2013/987 1263/2012/985 1142/2023/816 1143/2024/818
f 1265/2014/989 1264/2013/987 1143/2024/818 1144/2025/4
f 1255/2005/970 1265/2014/989 1144/2025/4 1134/2016/801
f 1138/1892/808 1149/1891/807 1267/2027/991 1266/2026/45
f 1150/1894/810 1139/1895/811 1268/2029/46 1269/2028/992
f 1149/1891/807 1160/1909/824 1270/2030/993 1267/2027/991
f 1161/1911/826 1150/1894/810 1269/2028/992 1271/2031/994
f 1160/1909/840 1171/1920/839 1272/2032/995 1270/2030/995
f 1172/1922/842 1161/1911/843 1271/2031/996 1273/2033/996
f 1171/1920/861 1182/1931/860 1274/2034/996 1272/2032/996
f 1183/1933/863 1172/1922/864 1273/2033/995 1275/2035/995
f 1182/1931/882 1193/1942/881 1276/2036/992 1274/2034/994
f 1194/1944/884 1183/1933/885 1275/2035/993 1277/2037/991
f 1193/1942/881 1204/1953/899 1278/2038/102 1276/2036/992
f 1205/1955/901 1194/1944/884 1277/2037/991 1279/2039/96
f 1204/1953/899 1215/1964/909 1280/2040/997 1278/2038/102
f 1216/1966/911 1205/1955/901 1279/2039/96 1281/2041/998
f 1215/1964/909 1226/1975/920 1282/2042/999 1280/2040/997
f 1227/1977/922 1216/1966/911 1281/2041/998 1283/2043/1000
f 1226/1975/936 1237/1986/935 1284/2044/1001 1282/2042/1001
f 1238/1988/938 1227/1977/939 1283/2043/1002 1285/2045/1002
f 1237/1986/957 1248/1997/956 1286/2046/1002 1284/2044/1002
f 1249/1999/959 1238/1988/960 1285/2045/1001 1287/2047/1001
f 1248/1997/978 1259/2008/977 1288/2048/998 1286/2046/1000
f 1260/2010/980 1249/1999/981 1287/2047/999 1289/2049/997
f 1259/2008/977 1138/2019/808 1266/2050/45 1288/2048/998
f 1139/2021/811 1260/2010/980 1289/2049/997 1268/2051/46

v -7.08814811706543 14.2047004699707 29.95911979675293
v -7.09933376312256 14.3817195892334 30.29833030700684
v -7.12650489807129 14.74613952636719 30.41229057312012
v -7.153724193573 15.08426952362061 30.23493957519531
v -7.16502523422241 15.19771003723145 29.86952018737793
v -7.15384006500244 15.02068996429443 29.53030014038086
v -7.12666893005371 14.65627002716064 29.41633987426758
v -7.09944915771484 14.31812953948975 29.59369087219238
v -5.33260107040405 14.26823043823242 29.95325088500977
v -5.33305788040161 14.44606971740723 30.29239082336426
v -5.33416700363159 14.8125 30.40616035461426
v -5.33527803421021 15.15262985229492 30.2286205291748
v -5.33573818206787 15.26688957214355 29.86311912536621
v -5.33528280258179 15.08905029296875 29.52399063110352
v -5.33417320251465 14.72262954711914 29.41020965576172
v -5.33306217193604 14.38249015808105 29.58774948120117
v -4.90458011627197 14.23805046081543 29.95605087280273
v -4.88243389129639 14.41431045532227 30.29533004760742
v -4.82864189147949 14.77686023712158 30.40946006774902
v -4.77475595474243 15.11312007904053 30.23226928710938
v -4.75238418579102 15.2257604598999 29.86691093444824
v -4.77452898025513 15.04950046539307 29.52762985229492
v -4.82832193374634 14.68694019317627 29.41350936889648
v -4.8822078704834 14.35068988800049 29.59070014953613
v -4.73688888549805 14.19826984405518 29.95973968505859
v -4.69018316268921 14.36872005462646 30.299560546875
v -4.5767388343811 14.71712017059326 30.41497039794922
v -4.46309995651245 15.03919982910156 30.23908042907715
v -4.41592311859131 15.14595031738281 29.87426948547363
v -4.46262979507446 14.97550010681152 29.53446006774902
v -4.57607412338257 14.62709045410156 29.41904067993164
v -4.68971300125122 14.30502033233643 29.59493064880371
v -4.65909481048584 14.16397953033447 29.96293067932129
v -4.58573293685913 14.3226900100708 30.30381965637207
v -4.40755796432495 14.64256000518799 30.42185974121094
v -4.22908306121826 14.93603992462158 30.24860000610352
v -4.15499687194824 15.03090953826904 29.88488006591797
v -4.22836017608643 14.87220001220703 29.54397964477539
v -4.40653514862061 14.55233001708984 29.42593955993652
v -4.58500909805298 14.25885009765625 29.59921073913574
v -4.64338684082031 14.15250015258789 29.96401023864746
v -4.54507493972778 14.29300022125244 30.30657958984375
v -4.3063268661499 14.56861972808838 30.42868995666504
v -4.06718778610229 14.8177604675293 30.2595100402832
v -3.96792793273926 14.89422035217285 29.89748001098633
v -4.06623983383179 14.7537202835083 29.5549201965332
v -4.30498790740967 14.47809982299805 29.43280029296875
v -4.54412698745728 14.22894954681396 29.60198974609375
v -4.64936113357544 14.15913963317871 29.96342086791992
v -4.53388404846191 14.28057956695557 30.3077392578125
v -4.25346994400024 14.50988960266113 30.43412017822266
v -3.97260189056396 14.71263980865479 30.26921081542969
v -3.85602903366089 14.76982975006104 29.90896034240723
v -3.97150611877441 14.64840030670166 29.56463050842285
v -4.2519211769104 14.41909027099609 29.4382495880127
v -4.53278779983521 14.21632957458496 29.6031608581543
v -4.66958379745483 14.18951988220215 29.96062088012695
v -4.54192209243774 14.29265975952148 30.3066291809082
v -4.23193407058716 14.47756004333496 30.43711090087891
v -3.92144989967346 14.63582038879395 30.27630043029785
v -3.79259204864502 14.67453956604004 29.91774940490723
v -3.92025303840637 14.5713996887207 29.57173919677734
v -4.23024082183838 14.38650035858154 29.44125938415527
v -4.54072523117065 14.22824001312256 29.60206985473633
v -4.6715259552002 14.19375991821289 29.96023941040039
v -4.53378200531006 14.27493000030518 30.30828094482422
v -4.19932889938354 14.40647029876709 30.44367027282715
v -3.86435008049011 14.51128959655762 30.28779029846191
v -3.72533202171326 14.52783012390137 29.93128967285156
v -3.86307597160339 14.4466495513916 29.58325958251953
v -4.19752788543701 14.315110206604 29.44786071777344
v -4.53250789642334 14.21030044555664 29.60374069213867
v -4.63196182250977 14.04131984710693 29.97434997558594
v -4.4857292175293 14.08985996246338 30.32538986206055
v -4.13070106506348 14.14214992523193 30.46809005737305
v -3.77512788772583 14.16759014129639 30.31953048706055
v -3.62757897377014 14.15118980407715 29.96606063842773
v -3.77381205558777 14.1026496887207 29.61502075195312
v -4.12883996963501 14.05035972595215 29.47232055664062
v -4.48441219329834 14.02492046356201 29.62088012695312
v -4.65143918991089 13.47793960571289 30.02640914916992
v -4.50592708587646 13.50543022155762 30.37939071655273
v -4.15266418457031 13.50660037994385 30.52680969238281
v -3.79886293411255 13.48085021972656 30.38297080993652
v -3.65205502510071 13.44320964813232 30.03145980834961
v -3.79756689071655 13.41571998596191 29.67847061157227
v -4.15083122253418 13.41454982757568 29.53105926513672
v -4.50463104248047 13.44029998779297 29.67490005493164
v -4.70005512237549 12.12292957305908 30.15159034729004
v -4.55397701263428 12.16617965698242 30.50312042236328
v -4.19934511184692 12.20549011230469 30.64701080322266
v -3.84417605400085 12.2178897857666 30.49964904785156
v -3.69680190086365 12.19602966308594 30.14668083190918
v -3.84288001060486 12.15279006958008 29.79515075683594
v -4.19751310348511 12.11347007751465 29.65126037597656
v -4.55268096923828 12.10107040405273 29.79862022399902
v -4.64387607574463 11.81805992126465 30.17985916137695
v -4.50456285476685 11.89801979064941 30.52798080444336
v -4.16629886627197 12.0261697769165 30.66363906860352
v -3.82750105857849 12.12740993499756 30.50802993774414
v -3.68689703941345 12.14227962493896 30.15166091918945
v -3.82621002197266 12.06231021881104 29.80352973937988
v -4.16447496414185 11.93416023254395 29.66787910461426
v -4.50327301025391 11.83292961120605 29.82349014282227
v -4.49670600891113 11.53252029418945 30.20652008056641
v -4.37534379959106 11.64731025695801 30.55138969421387
v -4.08048009872437 11.85966014862061 30.67918968200684
v -3.78507804870605 12.04510021209717 30.51572036743164
v -3.66240811347961 12.09477043151855 30.15609931945801
v -3.78377103805542 11.97998046875 29.81122016906738
v -4.0786337852478 11.76762008666992 29.68342971801758
v -4.37403678894043 11.58218955993652 29.84690093994141
v -4.2925271987915 11.29866981506348 30.22851943969727
v -4.19169807434082 11.43696975708008 30.57118034362793
v -3.94650197029114 11.70621013641357 30.6936206817627
v -3.70076298713684 11.94853019714355 30.52479934692383
v -3.59862589836121 12.02171039581299 30.1629695892334
v -3.69945502281189 11.88341045379639 29.82031059265137
v -3.94465208053589 11.61417007446289 29.6978702545166
v -4.19039011001587 11.37185001373291 29.86668014526367
v -4.04564523696899 11.10379981994629 30.24699020385742
v -3.96510291099548 11.25811958312988 30.58813095092773
v -3.76899409294128 11.5661096572876 30.70689964294434
v -3.572350025177 11.84716987609863 30.53441047668457
v -3.49051594734192 11.93638038635254 30.17106056213379
v -3.57105708122253 11.78205966949463 29.82991027832031
v -3.76716709136963 11.47408008575439 29.71113967895508
v -3.96381092071533 11.1930103302002 29.88363075256348
v -3.63125109672546 10.87740039825439 30.2686595916748
v -3.57311701774597 11.04395961761475 30.60862922668457
v -3.43126010894775 11.38158988952637 30.72455978393555
v -3.28889107704163 11.69231033325195 30.54923057556152
v -3.22951793670654 11.79378986358643 30.18470001220703
v -3.28765201568604 11.62722015380859 29.84473037719727
v -3.42950892448425 11.28960037231445 29.72879981994629
v -3.57187795639038 10.97887992858887 29.90413093566895
v -2.83191990852356 10.61262035369873 30.29449081420898
v -2.7984631061554 10.78736019134521 30.63365936279297
v -2.71643209457397 11.14480018615723 30.74765014648438
v -2.63394594192505 11.47535991668701 30.57037925720215
v -2.59938788414001 11.58504962921143 30.20504951477051
v -2.63284492492676 11.41030979156494 29.86587905883789
v -2.71487498283386 11.05286026000977 29.75189018249512
v -2.79736089706421 10.72231006622314 29.92914962768555
v -1.51771700382233 10.42490005493164 30.31365013122559
v -1.51771700382233 10.60319042205811 30.6524600982666
v -1.51771700382233 10.9692497253418 30.76556015014648
v -1.51771700382233 11.30840969085693 30.58740997314453
v -1.51771605014801 11.42168045043945 30.22171020507812
v -1.51771605014801 11.24339008331299 29.88290023803711
v -1.51771700382233 10.87734031677246 29.76979064941406
v -1.51771700382233 10.53816986083984 29.94795036315918
v 1.95722901821136 10.4432897567749 30.31318092346191
v 1.95722901821136 10.62127017974854 30.65199089050293
v 1.95722794532776 10.9865198135376 30.76509094238281
v 1.95722794532776 11.32487010955811 30.58694076538086
v 1.95722794532776 11.43778038024902 30.22125053405762
v 1.95722794532776 11.25981044769287 29.8824405670166
v 1.95722794532776 10.89455032348633 29.76932907104492
v 1.95722901821136 10.55620002746582 29.94749069213867
v 3.05630803108215 10.63733005523682 30.29534912109375
v 3.01563596725464 10.81052017211914 30.63458061218262
v 2.91689205169678 11.1640100479126 30.74873924255371
v 2.8179988861084 11.49051952362061 30.5716495513916
v 2.77696394920349 11.59844970703125 30.20639991760254
v 2.81763601303101 11.42525005340576 29.86716079711914
v 2.91637897491455 11.07176971435547 29.75300979614258
v 3.01527309417725 10.74526023864746 29.93009948730469
v 3.67014002799988 10.88131046295166 30.2721004486084
v 3.60162210464478 11.04347991943359 30.61236953735352
v 3.43470191955566 11.3698902130127 30.72907066345215
v 3.26729297637939 11.66913986206055 30.55452919006348
v 3.19759106636047 11.76562976837158 30.19035911560059
v 3.26610994338989 11.60344982147217 29.85009002685547
v 3.43302989006042 11.27703952789307 29.73339080810547
v 3.60043907165527 10.9778003692627 29.90793037414551
v 4.05969715118408 11.14550971984863 30.24655914306641
v 3.96458697319031 11.289719581604 30.58853912353516
v 3.73256492614746 11.57199954986572 30.70947074890137
v 3.49973011016846 11.8268404006958 30.53918075561523
v 3.40265393257141 11.90468978881836 30.17679023742676
v 3.49776411056519 11.76047992706299 29.83480072021484
v 3.72978591918945 11.47821044921875 29.71388053894043
v 3.96262097358704 11.22336006164551 29.88415908813477
v 4.28467893600464 11.3876895904541 30.22295951843262
v 4.16689109802246 11.50757026672363 30.56730079650879
v 3.87937808036804 11.73015022277832 30.69400024414062
v 3.59079003334045 11.92494010925293 30.52952003479004
v 3.47040200233459 11.97760963439941 30.16957092285156
v 3.58819007873535 11.85772037506104 29.82522964477539
v 3.87570309638977 11.63514041900635 29.69853019714355
v 4.16429090499878 11.44034957885742 29.86300086975098
v 4.43773508071899 11.6590404510498 30.19632911682129
v 4.30447483062744 11.75160026550293 30.5433406829834
v 3.97914099693298 11.90717029571533 30.67658042907715
v 3.65257000923157 12.03456974029541 30.51868057250977
v 3.51631498336792 12.05900001525879 30.16147994995117
v 3.64957594871521 11.96642971038818 29.81447982788086
v 3.97490906715393 11.81085968017578 29.68124008178711
v 4.30147981643677 11.6834602355957 29.83913040161133
v 4.50004720687866 11.85245990753174 30.17728996276855
v 4.3576397895813 11.91679000854492 30.52705955505371
v 4.00999116897583 12.00314998626709 30.66708946228027
v 3.66102290153503 12.060959815979 30.51601982116699
v 3.51542901992798 12.05624008178711 30.16168975830078
v 3.65783500671387 11.99190998077393 29.81191062927246
v 4.00548505783081 11.90555000305176 29.6718807220459
v 4.35445213317871 11.84772968292236 29.82295036315918
v 4.53021192550659 12.15476036071777 30.14757919311523
v 4.38515901565552 12.194580078125 30.49970054626465
v 4.03072881698608 12.21380996704102 30.64619064331055
v 3.67482399940491 12.20125961303711 30.50190925598145
v 3.52620506286621 12.16421031951904 30.15069007873535
v 3.67125797271729 12.1243896484375 29.79855918884277
v 4.02568817138672 12.10515975952148 29.65206909179688
v 4.38159322738647 12.11769962310791 29.79636001586914
v 4.38460493087769 13.93704986572266 29.93408012390137
v 4.23901891708374 13.98814964294434 30.28500938415527
v 3.88322305679321 14.02612018585205 30.42964935302734
v 3.52592206001282 14.02877998352051 30.2839298248291
v 3.37669491767883 13.99446964263916 29.93255043029785
v 3.52228188514709 13.94336986541748 29.58161926269531
v 3.87807703018188 13.90540027618408 29.43697929382324
v 4.2353777885437 13.90273952484131 29.58270072937012
v 4.39516878128052 13.99032020568848 29.927490234375
v 4.25423908233643 14.06507015228271 30.27548027038574
v 3.91107106208801 14.16678047180176 30.41214942932129
v 3.56696105003357 14.23589992523193 30.25814056396484
v 3.42375111579895 14.23178005218506 29.90299034118652
v 3.56468105316162 14.15703964233398 29.55500984191895
v 3.90784788131714 14.05531978607178 29.4183292388916
v 4.2519588470459 13.98620986938477 29.57234001159668
v 4.43691301345825 14.12691974639893 29.91427040100098
v 4.29886484146118 14.21255016326904 30.2609691619873
v 3.9669680595398 14.35169982910156 30.39341926574707
v 3.63590097427368 14.46280956268311 30.23472023010254
v 3.49986100196838 14.48064041137695 29.87717056274414
v 3.63790893554688 14.39500999450684 29.53046989440918
v 3.96980595588684 14.25586032867432 29.39801979064941
v 4.30087280273438 14.14474964141846 29.55672073364258
v 4.43403005599976 14.1207103729248 29.91527938842773
v 4.30496406555176 14.22659015655518 30.26004028320312
v 3.99779200553894 14.41969013214111 30.38738059997559
v 3.69268703460693 14.58681964874268 30.22339057922363
v 3.56862092018127 14.62987041473389 29.86347007751465
v 3.69768595695496 14.52398014068604 29.51869964599609
v 4.00485801696777 14.3308801651001 29.39135932922363
v 4.30996322631836 14.16374969482422 29.55534934997559
v 4.42314577102661 14.10608959197998 29.91669082641602
v 4.30995988845825 14.23359966278076 30.25963973999023
v 4.04349708557129 14.4815502166748 30.38238906860352
v 3.78004908561707 14.70456981658936 30.21372032165527
v 3.67415595054626 14.77178001403809 29.85177993774414
v 3.7873420715332 14.6442699432373 29.50882911682129
v 4.05380582809448 14.3963098526001 29.38607978820801
v 4.31725311279297 14.17329025268555 29.55475044250488
v 4.41644191741943 14.09986972808838 29.91733932495117
v 4.32163095474243 14.24468040466309 30.25900077819824
v 4.10211181640625 14.53641033172607 30.37849044799805
v 3.88663697242737 14.80399990081787 30.20649909973145
v 3.80160903930664 14.89043045043945 29.8431396484375
v 3.89642000198364 14.74561977386475 29.50148010253906
v 4.11593914031982 14.45388984680176 29.38199043273926
v 4.33141279220581 14.18630027770996 29.55397987365723
v 4.45003318786621 14.12125015258789 29.91633033752441
v 4.37678813934326 14.27993965148926 30.25712966918945
v 4.21223497390747 14.60669040679932 30.37447929382324
v 4.05288076400757 14.90989017486572 30.20033073425293
v 3.99221301078796 15.01163005828857 29.83604049682617
v 4.06545782089233 14.85293960571289 29.4952392578125
v 4.23001194000244 14.52620029449463 29.37788009643555
v 4.38936614990234 14.22299957275391 29.55204010009766
v 4.54926586151123 14.16090965270996 29.91531944274902
v 4.49898815155029 14.32892036437988 30.25577926635742
v 4.39285182952881 14.67903995513916 30.37228965759277
v 4.29309511184692 15.00597953796387 30.19729042053223
v 4.25825119018555 15.11789035797119 29.83264923095703
v 4.30852890014648 14.94989013671875 29.49218940734863
v 4.41466522216797 14.59976005554199 29.37568092346191
v 4.51442098617554 14.27282047271729 29.55068016052246
v 4.78715085983276 14.21162986755371 29.91715049743652
v 4.76043510437012 14.38477993011475 30.25772094726562
v 4.7141261100769 14.74769973754883 30.37451934814453
v 4.67536783218384 15.08757972717285 30.19981956481934
v 4.66691398620605 15.20497989654541 29.83531951904297
v 4.69363021850586 15.03182983398438 29.49476051330566
v 4.73993921279907 14.66891002655029 29.37796020507812
v 4.7786979675293 14.32903957366943 29.55265045166016
v 6.76361703872681 14.23762035369873 29.93687057495117
v 6.75692796707153 14.41152000427246 30.27790069580078
v 6.76140117645264 14.77618026733398 30.39590072631836
v 6.77438879013062 15.11775016784668 30.2224292755127
v 6.78829717636108 15.23581981658936 29.85847091674805
v 6.7949857711792 15.06190967559814 29.51744079589844
v 6.79051399230957 14.6972599029541 29.39944076538086
v 6.77752590179443 14.35569000244141 29.57291030883789
v 7.18940877914429 14.20429992675781 29.95251083374023
v 7.1904501914978 14.377610206604 30.29381942749023
v 7.21451616287231 14.74073028564453 30.41251945495605
v 7.24746704101562 15.08073043823242 30.23977088928223
v 7.26999711990356 15.19810962677002 29.87611961364746
v 7.26895523071289 15.02480030059814 29.53482055664062
v 7.24488878250122 14.66168022155762 29.41610908508301
v 7.21193981170654 14.32168006896973 29.58885955810547
# 304 vertices

vn 0.07687555253506 -0.99300706386566 0.08959439396858
vn 0.05446959659457 -0.63860362768173 0.76760566234589
vn 0.00218754657544 -0.63963866233826 0.76867264509201
vn 0.00312503310852 -0.99594807624817 0.08987595140934
vn 0.00015625241213 0.08987638354301 0.9959529042244
vn 0 0.0898763909936 0.9959529042244
vn -0.05422043800354 0.76571136713028 0.64089488983154
vn -0.00218755146489 0.76692432165146 0.64173382520676
vn -0.07687555253506 0.99300706386566 -0.08959439396858
vn -0.00312504195608 0.99595087766647 -0.08984494954348
vn -0.05446959659457 0.63860362768173 -0.76760566234589
vn -0.00218754657544 0.63963866233826 -0.76867264509201
vn -0.00015625241213 -0.08987638354301 -0.9959529042244
vn 0 -0.0898763909936 -0.9959529042244
vn 0.05422043800354 -0.76571136713028 -0.64089488983154
vn 0.00218755146489 -0.76692432165146 -0.64173382520676
vn -0.10728327184916 -0.63123059272766 0.76813948154449
vn -0.15169110894203 -0.98442965745926 0.08881461620331
vn -0.00031250392203 0.08990738540888 0.99595010280609
vn 0.10684510320425 0.75863456726074 0.6426956653595
vn 0.15169110894203 0.98442965745926 -0.08881461620331
vn 0.10728327184916 0.63123059272766 -0.76813948154449
vn 0.00031250392203 -0.08990738540888 -0.99595010280609
vn -0.10684510320425 -0.75863456726074 -0.6426956653595
vn -0.22600384056568 -0.60210400819778 0.7657630443573
vn -0.31960538029671 -0.94372183084488 0.08509685099125
vn -0.00065627123695 0.09003416448832 0.99593847990036
vn 0.22507053613663 0.7297135591507 0.64564806222916
vn 0.31960538029671 0.94372183084488 -0.08509685099125
vn 0.22600384056568 0.60210400819778 -0.7657630443573
vn 0.00065627123695 -0.09003416448832 -0.99593847990036
vn -0.22504086792469 -0.72971868515015 -0.64565259218216
vn -0.35410261154175 -0.54360735416412 0.76098775863647
vn -0.50114583969116 -0.86187958717346 0.07756572961807
vn -0.00100001238752 0.09025111794472 0.99591851234436
vn 0.35260498523712 0.67164641618729 0.65158331394196
vn 0.50114583969116 0.86187958717346 -0.07756572961807
vn 0.35404193401337 0.54364138841629 -0.76099169254303
vn 0.00100001238752 -0.09025111794472 -0.99591851234436
vn -0.35254287719727 -0.67167836427689 -0.65158396959305
vn -0.37964016199112 -0.39401572942734 0.83703345060349
vn -0.59160900115967 -0.80298942327499 0.07215810567141
vn -0.00134376995265 0.09056384116411 0.99588972330093
vn 0.47282776236534 0.58445638418198 0.65942752361298
vn 0.67183482646942 0.7377433180809 -0.06612719595432
vn 0.47473385930061 0.45607700943947 -0.75274270772934
vn 0.00137502024882 -0.09056383371353 -0.99588972330093
vn -0.37735164165497 -0.53869879245758 -0.75326579809189
vn -0.66644722223282 0.74272960424423 -0.06481344252825
vn 0.11222196370363 0.16509847342968 0.97987180948257
vn -0.28600940108299 -0.1699743270874 0.94303095340729
vn 0.55764204263687 0.49442139267921 0.66677045822144
vn 0.79124617576599 0.60908359289169 -0.05428313091397
vn 0.55985969305038 0.36582291126251 -0.74345862865448
vn 0.11531609296799 -0.01481296122074 -0.99321842193604
vn -0.28310608863831 -0.3377959728241 -0.89763289690018
vn 0.67148596048355 -0.73911267518997 0.05309510976076
vn 0.83348059654236 0.55038279294968 -0.04887569695711
vn 0.77091473340988 0.47381770610809 -0.42566093802452
vn -0.52544909715652 0.84833121299744 -0.06509518623352
vn 0.61605024337769 0.4058875143528 0.67508327960968
vn 0.1120647341013 0.16544079780579 0.97983205318451
vn 0.87429660558701 0.48350849747658 -0.042719502002
vn 0.6184538602829 0.27688232064247 -0.7354257106781
vn 0.11550050228834 -0.01515631563962 -0.99319177865982
vn 0.57488262653351 -0.81576079130173 0.06359459459782
vn 0.76958429813385 0.54345291852951 0.33525949716568
vn -0.40840977430344 0.91053903102875 -0.06418804824352
vn -0.34919679164886 -0.07365822046995 0.9341499209404
vn -0.00178125442471 0.09137522429228 0.99581491947174
vn -0.57836043834686 -0.10009664297104 0.80961710214615
vn 0.66394889354706 0.29959887266159 0.6851367354393
vn 0.94256013631821 0.33279147744179 -0.02881338447332
vn 0.66647797822952 0.17012736201286 -0.72585380077362
vn 0.00178125442471 -0.09137522429228 -0.99581491947174
vn -0.34588146209717 -0.24241079390049 -0.90642321109772
vn -0.57547891139984 -0.24606682360172 -0.77991998195648
vn 0.42088636755943 -0.9046493768692 0.06681430339813
vn -0.9681903719902 -0.24932128190994 0.02112574316561
vn -0.70054799318314 -0.01121901813895 0.71351706981659
vn -0.99403899908066 -0.10871960222721 0.0081563135609
vn -0.00181254965719 0.09178376942873 0.99577730894089
vn 0.69791972637177 0.14172148704529 0.70201355218887
vn 0.99403899908066 0.10871960222721 -0.0081563135609
vn 0.70054775476456 0.01125026587397 -0.71351683139801
vn 0.00181254965719 -0.09178376942873 -0.99577730894089
vn -0.69791972637177 -0.14172148704529 -0.70201355218887
vn -0.70798355340958 0.08965811878443 0.70051461458206
vn -0.9993844628334 0.0347190760076 -0.00503129744902
vn -0.0018125079805 0.09203165769577 0.99575442075729
vn 0.7053684592247 0.04053267091513 0.70768105983734
vn 0.9993844628334 -0.0347190760076 0.00503129744902
vn 0.70798355340958 -0.08965811878443 -0.70051461458206
vn 0.0018125079805 -0.09203165769577 -0.99575442075729
vn -0.7053684592247 -0.04053267091513 -0.70768105983734
vn -0.704454600811 0.01400034036487 0.70961099863052
vn -0.99734514951706 -0.07265634834766 0.00487500661984
vn -0.00181251321919 0.09200067073107 0.99575728178024
vn 0.70185667276382 0.11647088825703 0.70273166894913
vn 0.99734514951706 0.07265634834766 -0.00487500661984
vn 0.70443898439407 -0.01400002930313 -0.70962649583817
vn 0.00181251321919 -0.09200067073107 -0.99575728178024
vn -0.70185667276382 -0.11647088825703 -0.70273166894913
vn -0.66715282201767 -0.16016294062138 0.72749906778336
vn -0.94675326347351 -0.32075110077858 0.0278750974685
vn 0.66454696655273 0.29097563028336 0.68826627731323
vn 0.94675326347351 0.32075110077858 -0.0278750974685
vn 0.66715282201767 0.16016294062138 -0.72749906778336
vn -0.66454696655273 -0.29097563028336 -0.68826627731323
vn -0.58480566740036 -0.32791996002197 0.74193722009659
vn -0.82823824882507 -0.55813813209534 0.05003242567182
vn -0.00184375804383 0.09203165024519 0.99575436115265
vn 0.58220565319061 0.45854559540749 0.67139595746994
vn 0.82823824882507 0.55813813209534 -0.05003242567182
vn 0.58482623100281 0.32791393995285 -0.74192363023758
vn 0.00184375804383 -0.09203165024519 -0.99575436115265
vn -0.58220565319061 -0.45854559540749 -0.67139595746994
vn -0.48882415890694 -0.44276055693626 0.75167417526245
vn -0.69095057249069 -0.71995109319687 0.06525123119354
vn 0.48620221018791 0.57323610782623 0.65955120325088
vn 0.69095057249069 0.71995109319687 -0.06525123119354
vn 0.48882415890694 0.44276055693626 -0.75167417526245
vn -0.48620221018791 -0.57323610782623 -0.65955120325088
vn -0.39172503352165 -0.52041459083557 0.75876224040985
vn -0.55316084623337 -0.82963192462921 0.07565687596798
vn 0.3891598880291 0.65078735351562 0.65194356441498
vn 0.55316084623337 0.82963192462921 -0.07565687596798
vn 0.39172503352165 0.52041459083557 -0.75876224040985
vn -0.3891598880291 -0.65078735351562 -0.65194356441498
vn -0.2835710644722 -0.57882994413376 0.7645543217659
vn -0.4001042842865 -0.9126490354538 0.08359594643116
vn -0.00171876780223 0.09196970611811 0.99576032161713
vn 0.28107014298439 0.70920675992966 0.646548807621
vn 0.4001042842865 0.9126490354538 -0.08359594643116
vn 0.2835710644722 0.57882994413376 -0.7645543217659
vn 0.00171876780223 -0.09196970611811 -0.99576032161713
vn -0.28107014298439 -0.70920675992966 -0.646548807621
vn -0.1645684838295 -0.61852252483368 0.76834046840668
vn -0.23163221776485 -0.96871763467789 0.08906526863575
vn -0.00153127068188 0.09193874150515 0.9957634806633
vn 0.16238103806973 0.74880909919739 0.64258641004562
vn 0.23163221776485 0.96871763467789 -0.08906526863575
vn 0.1645684838295 0.61852252483368 -0.76834046840668
vn 0.00153127068188 -0.09193874150515 -0.9957634806633
vn -0.16238103806973 -0.74880909919739 -0.64258641004562
vn -0.04753228276968 -0.6363263130188 0.76995420455933
vn -0.06615829467773 -0.99359321594238 0.09162782877684
vn -0.00115626957268 0.09190780669451 0.99576687812805
vn 0.04587603732944 0.76654851436615 0.6405456662178
vn 0.06615829467773 0.99359321594238 -0.09162782877684
vn 0.04753228276968 0.6363263130188 -0.76995420455933
vn 0.00115626619663 -0.09193878620863 -0.9957640171051
vn -0.04587603732944 -0.76654851436615 -0.6405456662178
vn 0.06919025629759 -0.63424402475357 0.77003067731857
vn 0.09850092977285 -0.99091559648514 0.09156336635351
vn -0.00046875415137 0.0920008122921 0.99575883150101
vn -0.06984533369541 0.76457989215851 0.6407333612442
vn -0.09850092977285 0.99091559648514 -0.09156336635351
vn -0.06919025629759 0.63424402475357 -0.77003067731857
vn 0.00046875415137 -0.0920008122921 -0.99575883150101
vn 0.06984533369541 -0.76457989215851 -0.6407333612442
vn 0.19644501805305 -0.60930460691452 0.7682169675827
vn 0.27797907590866 -0.9565042257309 0.08847203105688
vn 0.00046875656699 0.09228254854679 0.9957327246666
vn -0.19572503864765 0.74011754989624 0.64336442947388
vn -0.27797907590866 0.9565042257309 -0.08847203105688
vn -0.19644030928612 0.60928994417191 -0.76822972297668
vn -0.00046875656699 -0.09228254854679 -0.9957327246666
vn 0.19572503864765 -0.74011754989624 -0.64336442947388
vn 0.33231854438782 -0.55385380983353 0.76342016458511
vn 0.46972393989563 -0.87907218933105 0.08118839561939
vn 0.0016250279732 0.09290785342455 0.9956733584404
vn -0.32997587323189 0.6856085062027 0.64888900518417
vn -0.46972393989563 0.87907218933105 -0.08118839561939
vn -0.33231854438782 0.55385380983353 -0.76342016458511
vn -0.0016250279732 -0.09290785342455 -0.9956733584404
vn 0.32997587323189 -0.6856085062027 -0.64888900518417
vn 0.46210247278214 -0.46510255336761 0.7550767660141
vn 0.65283119678497 -0.7543340921402 0.06922072917223
vn 0.00271880603395 0.09384568780661 0.99558305740356
vn -0.45816639065742 0.59823197126389 0.65742081403732
vn -0.65283119678497 0.7543340921402 -0.06922072917223
vn -0.46210917830467 0.46507805585861 -0.75508773326874
vn -0.00271879811771 -0.09387665987015 -0.99558013677597
vn 0.45820048451424 -0.59823572635651 -0.65739363431931
vn 0.57242554426193 -0.34541791677475 0.7436500787735
vn 0.80868178606033 -0.58586221933365 0.05290791764855
vn 0.00362509815022 0.09506507962942 0.99546444416046
vn -0.56722772121429 0.48028889298439 0.66901063919067
vn -0.80868178606033 0.58586221933365 -0.05290791764855
vn -0.57244563102722 0.3453486263752 -0.74366682767868
vn -0.00359384785406 -0.09506508708 -0.99546456336975
vn 0.56726932525635 -0.48026636242867 -0.66899156570435
vn 0.64960610866547 -0.21234779059887 0.73001390695572
vn 0.91675847768784 -0.39794117212296 0.03459407016635
vn 0.00421883678064 0.09640823304653 0.99533295631409
vn -0.53454786539078 0.34651076793671 0.77083647251129
vn -0.87200009822845 0.48758003115654 -0.04337656125426
vn -0.54130351543427 0.19260168075562 -0.8184711933136
vn -0.00418757414445 -0.09643919765949 -0.99533009529114
vn 0.64360469579697 -0.34897467494011 -0.68116790056229
vn 0.69351416826248 -0.07362650334835 0.71667093038559
vn 0.97913289070129 -0.20262663066387 0.0155313750729
vn 0.00440631015226 0.09775133430958 0.99520111083984
vn -0.59204679727554 0.16603560745716 0.78861445188522
vn 0.31238320469856 0.94789987802506 -0.06247038766742
vn -0.29787912964821 -0.95257580280304 0.06218836829066
vn -0.00431254738942 -0.09778232872486 -0.99519848823547
vn -0.5990172624588 0.00953152496368 -0.80067938566208
vn 0.68733215332031 -0.21213106811047 -0.69467610120773
vn 0.70920705795288 0.07028318941593 0.70148813724518
vn 0.99994444847107 -0.00956256594509 -0.00443753087893
vn 0.00453126430511 0.10868784040213 0.99406558275223
vn -0.70210236310959 0.08375103026628 0.70713371038437
vn -0.99509739875793 0.09875036031008 -0.00543751940131
vn -0.99994444847107 0.00956256594509 0.00443753087893
vn -0.70917445421219 -0.0703143030405 -0.70151799917221
vn -0.00446888897568 -0.10872212797403 -0.99406212568283
vn 0.70213556289673 -0.08372000604868 -0.70710438489914
vn 0.70613294839859 0.04571926593781 0.7066016793251
vn 0.9983828663826 -0.05681294575334 0.00200001569465
vn 0.00506262667477 0.12065926939249 0.99268108606338
vn -0.69908571243286 0.12572291493416 0.70389837026596
vn -0.99838274717331 0.05681294202805 -0.00203126575798
vn -0.70613193511963 -0.04575045034289 -0.70660072565079
vn -0.00506262667477 -0.12065926939249 -0.99268108606338
vn 0.69907033443451 -0.12572014331818 -0.70391410589218
vn 0.6874623298645 -0.09150330722332 0.72043228149414
vn 0.97018390893936 -0.24116311967373 0.02415693923831
vn 0.00231250282377 0.11159389466047 0.99375122785568
vn -0.68374472856522 0.24932198226452 0.68580734729767
vn -0.97018313407898 0.24116294085979 -0.02418817020953
vn -0.68751275539398 0.09147045016289 -0.72038835287094
vn -0.00240626093 -0.11156299710274 -0.9937544465065
vn 0.68370413780212 -0.24928730726242 -0.68586039543152
vn 0.56842404603958 -0.11615989357233 0.81449431180954
vn 0.95672780275345 -0.28944024443626 0.02993778325617
vn -0.00387509563006 0.09475234150887 0.99549335241318
vn -0.66254168748856 0.31700497865677 0.67863565683365
vn -0.93492895364761 0.35294607281685 -0.03656338900328
vn -0.65823900699615 0.18156808614731 -0.73058497905731
vn 0.00337501964532 -0.09496930241585 -0.99547445774078
vn 0.57354086637497 -0.26797324419022 -0.77410674095154
vn -0.40850853919983 -0.90664392709732 0.10543970763683
vn -0.00881250854582 0.08678133040667 0.9961884021759
vn 0.3179417848587 -0.11400154232979 0.94123148918152
vn -0.61218237876892 0.41992416977882 0.66999733448029
vn -0.86075586080551 0.50644087791443 -0.05115659534931
vn -0.60191911458969 0.29435002803802 -0.74232840538025
vn 0.00790628325194 -0.08718787133694 -0.99616050720215
vn 0.33522838354111 -0.27197656035423 -0.90202587842941
vn 0.42647433280945 0.89916801452637 -0.09806378185749
vn 0.58495104312897 0.80923748016357 -0.0544700101018
vn -0.01181271206588 0.0840327590704 0.99639296531677
vn 0.27194830775261 -0.17572574317455 0.94613134860992
vn -0.53379899263382 0.52814251184464 0.6603969335556
vn -0.74588847160339 0.66294950246811 -0.06440741568804
vn -0.51891851425171 0.40747836232185 -0.75145524740219
vn 0.01118766423315 -0.08415748924017 -0.99638968706131
vn 0.29491078853607 -0.32931756973267 -0.89698249101639
vn -0.60170012712479 -0.79636043310165 0.06137628480792
vn -0.72935020923614 -0.68153727054596 0.05962552502751
vn -0.01450001541525 0.08231259137392 0.9965010881424
vn 0.33216252923012 -0.42685183882713 0.84110969305038
vn -0.44192472100258 0.61396318674088 0.65402734279633
vn -0.61223393678665 0.78723829984665 -0.07365807890892
vn -0.4220994412899 0.49700671434402 -0.75816649198532
vn 0.01428142003715 -0.08221973478794 -0.9965118765831
vn 0.35626277327538 -0.55742621421814 -0.7499018907547
vn 0.73170524835587 0.67873519659042 -0.06265777349472
vn 0.53707820177078 -0.83999329805374 0.07718975841999
vn 0.30876332521439 -0.5684307217598 0.76259541511536
vn 0.45582458376884 -0.88649225234985 0.07972086966038
vn -0.01796910911798 0.08062660694122 0.99658238887787
vn -0.33426514267921 0.68256211280823 0.64990442991257
vn -0.45582458376884 0.88649225234985 -0.07972086966038
vn -0.30894577503204 0.56839025020599 -0.76255166530609
vn 0.01793795824051 -0.08056456595659 -0.99658799171448
vn 0.33439108729362 -0.68243908882141 -0.64996880292892
vn 0.18913063406944 -0.61676841974258 0.76408529281616
vn 0.28994029760361 -0.95350915193558 0.08218829333782
vn -0.02187513187528 0.07943797856569 0.9965997338295
vn -0.22013029456139 0.72920501232147 0.6479218006134
vn -0.28994029760361 0.95350915193558 -0.08218829333782
vn -0.18916164338589 0.61679881811142 -0.76405304670334
vn 0.0218752399087 -0.07937587052584 -0.99660468101501
vn 0.22013086080551 -0.7291756272316 -0.64795470237732
vn 0.06622155755758 -0.64240229129791 0.76350116729736
vn 0.11975399404764 -0.9894705414772 0.08128396421671
vn -0.0258128605783 0.07893861085176 0.99654525518417
vn -0.10278421640396 0.75414675474167 0.64861243963242
vn -0.11975399404764 0.9894705414772 -0.08128396421671
vn -0.06622023135424 0.64242058992386 -0.76348584890366
vn 0.02581292577088 -0.07890755683184 -0.99654769897461
vn 0.10281513631344 -0.75414431095123 -0.64861035346985
vn -0.03800145536661 -0.64833736419678 0.76040416955948
vn -0.02462529204786 -0.99663686752319 0.0781571790576
vn -0.02909425459802 0.07893887162209 0.99645483493805
vn -0.00318758329377 0.76001989841461 0.64989197254181
vn 0.02462529204786 0.99663686752319 -0.0781571790576
vn 0.03800145536661 0.64833736419678 -0.76040416955948
vn 0.02909432724118 -0.07890781760216 -0.99645727872849
vn 0.00318751856685 -0.76000440120697 -0.64991009235382
vn -0.07843843102455 -0.64685136079788 0.75857150554657
vn -0.08056322485209 -0.99382144212723 0.07634443789721
vn -0.03034386970103 0.07903156429529 0.99641019105911
vn 0.03550077602267 0.75861030817032 0.65057671070099
vn 0.08056322485209 0.99382144212723 -0.07634443789721
vn 0.07843843102455 0.64685136079788 -0.75857150554657
vn 0.03034386970103 -0.07903156429529 -0.99641019105911
vn -0.03550077602267 -0.75861030817032 -0.65057671070099
vn -0.99704211950302 -0.07653208076954 0.00706257671118
vn 0.99628621339798 -0.07796913385391 0.0365314334631
# 313 normals

vt 0.97905087471008 0.10091757774353 0
vt 0.97739630937576 0.10078454017639 0
vt 0.97724050283432 0.10899817943573 0
vt 0.9789280295372 0.10918152332306 0
vt 0.9757080078125 0.10056972503662 0
vt 0.97554582357407 0.10865008831024 0
vt 0.97398000955582 0.10035920143127 0
vt 0.97382247447968 0.10831928253174 0
vt 0.97222709655762 0.10022592544556 0
vt 0.9720743894577 0.10812282562256 0
vt 0.97047591209412 0.10019373893738 0
vt 0.97032427787781 0.10808753967285 0
vt 0.96874821186066 0.10023140907288 0
vt 0.96859502792358 0.10815036296844 0
vt 0.98237907886505 0.10084581375122 0
vt 0.9806991815567 0.10092759132385 0
vt 0.98061102628708 0.10911345481873 0
vt 0.98229652643204 0.10890960693359 0
vt 0.97710901498795 0.11133694648743 0
vt 0.97893977165222 0.11151647567749 0
vt 0.97540360689163 0.11089098453522 0
vt 0.97373342514038 0.11048638820648 0
vt 0.97201949357986 0.11028635501862 0
vt 0.97030168771744 0.11031329631805 0
vt 0.96858978271484 0.11049997806549 0
vt 0.98077028989792 0.11131262779236 0
vt 0.98246610164642 0.11085855960846 0
vt 0.97703570127487 0.1124050617218 0
vt 0.9789736866951 0.11250913143158 0
vt 0.97528517246246 0.11199712753296 0
vt 0.97362339496613 0.11166095733643 0
vt 0.97199308872223 0.11149001121521 0
vt 0.97033107280731 0.11154162883759 0
vt 0.96864032745361 0.11177158355713 0
vt 0.98092031478882 0.11228847503662 0
vt 0.98266798257828 0.11178469657898 0
vt 0.97699332237244 0.11304092407227 0
vt 0.97898942232132 0.11300051212311 0
vt 0.97520500421524 0.11278867721558 0
vt 0.97355490922928 0.11256754398346 0
vt 0.97197490930557 0.11247766017914 0
vt 0.97038090229034 0.11250782012939 0
vt 0.96869558095932 0.11270833015442 0
vt 0.98100477457047 0.11285924911499 0
vt 0.98283231258392 0.11244797706604 0
vt 0.97697961330414 0.11332488059998 0
vt 0.97899252176285 0.11311197280884 0
vt 0.97516071796417 0.1133337020874 0
vt 0.97352600097656 0.11328482627869 0
vt 0.97196888923645 0.11325812339783 0
vt 0.97041320800781 0.11326932907104 0
vt 0.96878731250763 0.1133576631546 0
vt 0.98103088140488 0.11311268806458 0
vt 0.98289358615875 0.11291992664337 0
vt 0.9769834280014 0.11341917514801 0
vt 0.97899377346039 0.11316299438477 0
vt 0.97516220808029 0.11367809772491 0
vt 0.97352379560471 0.11378979682922 0
vt 0.97196710109711 0.11382853984833 0
vt 0.97042071819305 0.11380732059479 0
vt 0.96881979703903 0.11377048492432 0
vt 0.98103022575378 0.11319887638092 0
vt 0.98288947343826 0.11322033405304 0
vt 0.9769846200943 0.11350166797638 0
vt 0.97899919748306 0.11337113380432 0
vt 0.97517389059067 0.11384701728821 0
vt 0.97353368997574 0.11412012577057 0
vt 0.9719660282135 0.11421847343445 0
vt 0.97041267156601 0.11416006088257 0
vt 0.96881830692291 0.11397409439087 0
vt 0.98103177547455 0.11327171325684 0
vt 0.98288261890411 0.11336743831635 0
vt 0.97699290513992 0.1136109828949 0
vt 0.9789999127388 0.11339771747589 0
vt 0.97522699832916 0.11418128013611 0
vt 0.97356790304184 0.11461162567139 0
vt 0.9719625711441 0.11476707458496 0
vt 0.97037792205811 0.11468327045441 0
vt 0.96878737211227 0.11437940597534 0
vt 0.98102629184723 0.11337196826935 0
vt 0.98282599449158 0.11365687847137 0
vt 0.97710752487183 0.1146467924118 0
vt 0.97902148962021 0.1142760515213 0
vt 0.97532200813293 0.11535108089447 0
vt 0.97365432977676 0.11590099334717 0
vt 0.97199827432632 0.11613857746124 0
vt 0.97034567594528 0.11606228351593 0
vt 0.96868151426315 0.11577236652374 0
vt 0.98093259334564 0.11433327198029 0
vt 0.98266667127609 0.11467301845551 0
vt 0.97729057073593 0.11749517917633 0
vt 0.97902649641037 0.11716365814209 0
vt 0.97557890415192 0.11804759502411 0
vt 0.97386467456818 0.11859083175659 0
vt 0.97212779521942 0.1189090013504 0
vt 0.97036612033844 0.11893057823181 0
vt 0.96860909461975 0.11876308917999 0
vt 0.98077309131622 0.11714577674866 0
vt 0.98251259326935 0.11734127998352 0
vt 0.97762137651443 0.12319648265839 0
vt 0.97929471731186 0.12294971942902 0
vt 0.97593432664871 0.12371468544006 0
vt 0.9741889834404 0.12439107894897 0
vt 0.97232890129089 0.12485837936401 0
vt 0.97046101093292 0.12481558322906 0
vt 0.96872389316559 0.1245995759964 0
vt 0.98097270727158 0.12297511100769 0
vt 0.98263967037201 0.12316882610321 0
vt 0.97774147987366 0.1241888999939 0
vt 0.97933977842331 0.12405216693878 0
vt 0.97605407238007 0.12447237968445 0
vt 0.97426331043243 0.12486934661865 0
vt 0.97235000133514 0.12518453598022 0
vt 0.9704310297966 0.12526845932007 0
vt 0.968605697155 0.12525367736816 0
vt 0.9809427857399 0.12404668331146 0
vt 0.98265999555588 0.1241192817688 0
vt 0.97776252031326 0.12522506713867 0
vt 0.97937482595444 0.12518692016602 0
vt 0.97609508037567 0.12527990341187 0
vt 0.97429919242859 0.1253650188446 0
vt 0.9723699092865 0.12550103664398 0
vt 0.97044467926025 0.12572383880615 0
vt 0.96863508224487 0.12595498561859 0
vt 0.98098999261856 0.12514317035675 0
vt 0.98267549276352 0.12508296966553 0
vt 0.97774249315262 0.126256108284 0
vt 0.97939258813858 0.12628304958344 0
vt 0.97607117891312 0.12616157531738 0
vt 0.97430258989334 0.12605476379395 0
vt 0.97240507602692 0.1260734796524 0
vt 0.97051537036896 0.12635147571564 0
vt 0.96875178813934 0.12671518325806 0
vt 0.98104429244995 0.12622618675232 0
vt 0.98273062705994 0.12610590457916 0
vt 0.97769868373871 0.12732946872711 0
vt 0.97939711809158 0.12740111351013 0
vt 0.97602421045303 0.12714087963104 0
vt 0.97429072856903 0.12692809104919 0
vt 0.97245401144028 0.12687838077545 0
vt 0.97062569856644 0.12715125083923 0
vt 0.96889990568161 0.12755692005157 0
vt 0.98109042644501 0.12734973430634 0
vt 0.98279577493668 0.12721252441406 0
vt 0.97767907381058 0.12902808189392 0
vt 0.97940427064896 0.12912333011627 0
vt 0.97596508264542 0.12883579730988 0
vt 0.97425067424774 0.12862253189087 0
vt 0.97251409292221 0.12854969501495 0
vt 0.97078669071198 0.12873435020447 0
vt 0.9690905213356 0.12903225421906 0
vt 0.98113167285919 0.12910532951355 0
vt 0.98285210132599 0.12902104854584 0
vt 0.97769099473953 0.13231015205383 0
vt 0.97942060232162 0.13237953186035 0
vt 0.97597271203995 0.13219857215881 0
vt 0.97427022457123 0.13208317756653 0
vt 0.97258162498474 0.13203382492065 0
vt 0.97089838981628 0.13209474086761 0
vt 0.96920251846313 0.1322135925293 0
vt 0.98115187883377 0.13239502906799 0
vt 0.98287510871887 0.1323766708374 0
vt 0.97772020101547 0.13775944709778 0
vt 0.97944629192352 0.1378185749054 0
vt 0.97600668668747 0.13763153553009 0
vt 0.97430521249771 0.13749778270721 0
vt 0.97260707616806 0.13743388652802 0
vt 0.97090488672256 0.13747954368591 0
vt 0.96919280290604 0.13760352134705 0
vt 0.98117512464523 0.13778555393219 0
vt 0.98289769887924 0.13768458366394 0
vt 0.9778453707695 0.15306091308594 0
vt 0.97957718372345 0.15294277667999 0
vt 0.97613120079041 0.15328466892242 0
vt 0.97442841529846 0.15351366996765 0
vt 0.97272437810898 0.15362298488617 0
vt 0.97101891040802 0.15356707572937 0
vt 0.96931087970734 0.15341687202454 0
vt 0.98131138086319 0.15295732021332 0
vt 0.98303288221359 0.1530659198761 0
vt 0.9778835773468 0.15744042396545 0
vt 0.97962331771851 0.15736138820648 0
vt 0.97614997625351 0.15760838985443 0
vt 0.97442489862442 0.15779960155487 0
vt 0.9727059006691 0.15788948535919 0
vt 0.97099822759628 0.15780985355377 0
vt 0.96929067373276 0.15766227245331 0
vt 0.98135852813721 0.15737152099609 0
vt 0.98308408260345 0.15742373466492 0
vt 0.9779195189476 0.1598653793335 0
vt 0.97962701320648 0.15981757640839 0
vt 0.97619771957397 0.16003954410553 0
vt 0.97444140911102 0.1602658033371 0
vt 0.97263520956039 0.16035962104797 0
vt 0.97087860107422 0.16020083427429 0
vt 0.9691743850708 0.15994346141815 0
vt 0.98132538795471 0.15989148616791 0
vt 0.98301899433136 0.160027384758 0
vt 0.97794997692108 0.16149401664734 0
vt 0.97959870100021 0.16150498390198 0
vt 0.97625869512558 0.16158854961395 0
vt 0.97447818517685 0.16174376010895 0
vt 0.97259610891342 0.16179192066193 0
vt 0.97071307897568 0.16157603263855 0
vt 0.96901112794876 0.16131401062012 0
vt 0.98124551773071 0.16161465644836 0
vt 0.98286831378937 0.16177928447723 0
vt 0.9779543876648 0.16258358955383 0
vt 0.97954910993576 0.16267251968384 0
vt 0.97627639770508 0.16251528263092 0
vt 0.9744861125946 0.16246008872986 0
vt 0.97257870435715 0.1623774766922 0
vt 0.97066527605057 0.1622406244278 0
vt 0.968865275383 0.16209638118744 0
vt 0.98113882541656 0.16277074813843 0
vt 0.98283278942108 0.16287314891815 0
vt 0.97789752483368 0.16361093521118 0
vt 0.97948950529099 0.163778424263 0
vt 0.97626310586929 0.16338682174683 0
vt 0.97447907924652 0.16313278675079 0
vt 0.97256302833557 0.16292858123779 0
vt 0.97063452005386 0.16285884380341 0
vt 0.96882778406143 0.16285264492035 0
vt 0.98106747865677 0.16386687755585 0
vt 0.98270720243454 0.16390895843506 0
vt 0.97785460948944 0.16424369812012 0
vt 0.97943067550659 0.16449785232544 0
vt 0.97621577978134 0.16381287574768 0
vt 0.97446429729462 0.16327917575836 0
vt 0.97256320714951 0.16294574737549 0
vt 0.97064167261124 0.16299164295197 0
vt 0.96884030103683 0.16321647167206 0
vt 0.98102629184723 0.16455399990082 0
vt 0.98269659280777 0.16442930698395 0
vt 0.97770577669144 0.16526830196381 0
vt 0.9793558716774 0.16559362411499 0
vt 0.97605711221695 0.16467380523682 0
vt 0.97435677051544 0.16400504112244 0
vt 0.97254449129105 0.1635890007019 0
vt 0.97070747613907 0.16364777088165 0
vt 0.96897560358047 0.16391229629517 0
vt 0.98100358247757 0.16563248634338 0
vt 0.98266518115997 0.16546511650085 0
vt 0.97716492414474 0.17334008216858 0
vt 0.97901570796967 0.17366588115692 0
vt 0.97544741630554 0.17267966270447 0
vt 0.97377979755402 0.1720906496048 0
vt 0.97211742401123 0.17173779010773 0
vt 0.97045081853867 0.17166233062744 0
vt 0.96877068281174 0.17180109024048 0
vt 0.98086541891098 0.17355358600616 0
vt 0.98258727788925 0.17323637008667 0
vt 0.97711378335953 0.17377769947052 0
vt 0.97901898622513 0.17398548126221 0
vt 0.97535997629166 0.17328298091888 0
vt 0.97370260953903 0.17283844947815 0
vt 0.97204911708832 0.17255902290344 0
vt 0.97039937973022 0.17251789569855 0
vt 0.96876287460327 0.1726256608963 0
vt 0.9809228181839 0.1739741563797 0
vt 0.9826465845108 0.17373931407928 0
vt 0.97703051567078 0.17464637756348 0
vt 0.97901540994644 0.17482316493988 0
vt 0.97522819042206 0.17408096790314 0
vt 0.9735956788063 0.17366528511047 0
vt 0.97200512886047 0.17346501350403 0
vt 0.9704087972641 0.17347717285156 0
vt 0.96874648332596 0.17371201515198 0
vt 0.98099792003632 0.17480766773224 0
vt 0.98282390832901 0.17444729804993 0
vt 0.97702032327652 0.1747339963913 0
vt 0.97901451587677 0.17486369609833 0
vt 0.97517967224121 0.17439079284668 0
vt 0.97354459762573 0.17414140701294 0
vt 0.97198867797852 0.17402625083923 0
vt 0.97042638063431 0.17401695251465 0
vt 0.96875941753387 0.17414367198944 0
vt 0.98100739717484 0.17491257190704 0
vt 0.98288571834564 0.17473816871643 0
vt 0.9770182967186 0.17478394508362 0
vt 0.97901427745819 0.17497110366821 0
vt 0.97515708208084 0.17471790313721 0
vt 0.97352862358093 0.1746609210968 0
vt 0.97197777032852 0.17462110519409 0
vt 0.97042071819305 0.17458724975586 0
vt 0.9687659740448 0.17457139492035 0
vt 0.98101007938385 0.17497229576111 0
vt 0.98289430141449 0.17503368854523 0
vt 0.97701972723007 0.17487728595734 0
vt 0.97901451587677 0.17502510547638 0
vt 0.97517710924149 0.17506110668182 0
vt 0.97353810071945 0.17517733573914 0
vt 0.97196632623672 0.17520833015442 0
vt 0.97040152549744 0.17514967918396 0
vt 0.96875011920929 0.17501175403595 0
vt 0.98100692033768 0.1750682592392 0
vt 0.98285698890686 0.17533814907074 0
vt 0.9770473241806 0.17525207996368 0
vt 0.97900879383087 0.17525994777679 0
vt 0.97524338960648 0.1756192445755 0
vt 0.9735741019249 0.17587721347809 0
vt 0.9719529747963 0.1759706735611 0
vt 0.97036522626877 0.17590153217316 0
vt 0.96871441602707 0.1757025718689 0
vt 0.98097038269043 0.17540907859802 0
vt 0.98273891210556 0.17580664157867 0
vt 0.97710657119751 0.17599618434906 0
vt 0.97899848222733 0.17589151859283 0
vt 0.97534739971161 0.17644107341766 0
vt 0.97365552186966 0.17678821086884 0
vt 0.9719774723053 0.17694211006165 0
vt 0.97030377388 0.17689919471741 0
vt 0.96867871284485 0.17670464515686 0
vt 0.98087650537491 0.17607641220093 0
vt 0.98253101110458 0.17646551132202 0
vt 0.97721952199936 0.17746794223785 0
vt 0.97896671295166 0.17728734016418 0
vt 0.97550600767136 0.1778404712677 0
vt 0.97378170490265 0.17818367481232 0
vt 0.97203868627548 0.17837953567505 0
vt 0.9703015089035 0.17841684818268 0
vt 0.96858978271484 0.17836308479309 0
vt 0.98068708181381 0.17741298675537 0
vt 0.9823654294014 0.1776270866394 0
vt 0.97737181186676 0.18684017658234 0
vt 0.97904008626938 0.18678843975067 0
vt 0.97568982839584 0.18696844577789 0
vt 0.9739773273468 0.18712997436523 0
vt 0.97223961353302 0.18726873397827 0
vt 0.97048991918564 0.18735098838806 0
vt 0.9687432050705 0.18737542629242 0
vt 0.98072862625122 0.18681573867798 0
vt 0.98245507478714 0.18688297271729 0
vt 0.97741800546646 0.18882071971893 0
vt 0.97902572154999 0.18874657154083 0
vt 0.97578150033951 0.18900716304779 0
vt 0.97407960891724 0.18923044204712 0
vt 0.97231608629227 0.18940186500549 0
vt 0.97052800655365 0.18947160243988 0
vt 0.96876430511475 0.1894588470459 0
vt 0.98066008090973 0.18879926204681 0
vt 0.98235660791397 0.18892014026642 0
vt 0.34614211320877 0.03069186210632 0
vt 0.34734499454498 0.02948570251465 0
vt 0.34443861246109 0.03069186210632 0
vt 0.34734499454498 0.02778220176697 0
vt 0.34613889455795 0.02657914161682 0
vt 0.34443530440331 0.02657914161682 0
vt 0.3432323038578 0.0277853012085 0
vt 0.3432323038578 0.02948892116547 0
vt 0.35744500160217 0.0277134180069 0
vt 0.35744500160217 0.02941691875458 0
vt 0.35623881220818 0.03061997890472 0
vt 0.35333231091499 0.02941370010376 0
vt 0.35453850030899 0.02650725841522 0
vt 0.35624209046364 0.02650725841522 0
vt 0.3545353114605 0.03061985969543 0
vt 0.35333231091499 0.02771019935608 0
# 358 texture coordinates

o Hand_left
usemtl default
f 1298/2055/1006 1299/2054/1005 1291/2053/1004 1290/2052/1003
f 1299/2054/1005 1300/2057/1008 1292/2056/1007 1291/2053/1004
f 1300/2057/1008 1301/2059/1010 1293/2058/1009 1292/2056/1007
f 1301/2059/1010 1302/2061/1012 1294/2060/1011 1293/2058/1009
f 1302/2061/1012 1303/2063/1014 1295/2062/1013 1294/2060/1011
f 1303/2063/1014 1304/2065/1016 1296/2064/1015 1295/2062/1013
f 1304/2069/1016 1305/2068/1018 1297/2067/1017 1296/2066/1015
f 1305/2068/1018 1298/2055/1006 1290/2052/1003 1297/2067/1017
f 1306/2071/1020 1307/2070/1019 1299/2054/1005 1298/2055/1006
f 1307/2070/1019 1308/2072/1021 1300/2057/1008 1299/2054/1005
f 1308/2072/1021 1309/2073/1022 1301/2059/1010 1300/2057/1008
f 1309/2073/1022 1310/2074/1023 1302/2061/1012 1301/2059/1010
f 1310/2074/1023 1311/2075/1024 1303/2063/1014 1302/2061/1012
f 1311/2075/1024 1312/2076/1025 1304/2065/1016 1303/2063/1014
f 1312/2078/1025 1313/2077/1026 1305/2068/1018 1304/2069/1016
f 1313/2077/1026 1306/2071/1020 1298/2055/1006 1305/2068/1018
f 1314/2080/1028 1315/2079/1027 1307/2070/1019 1306/2071/1020
f 1315/2079/1027 1316/2081/1029 1308/2072/1021 1307/2070/1019
f 1316/2081/1029 1317/2082/1030 1309/2073/1022 1308/2072/1021
f 1317/2082/1030 1318/2083/1031 1310/2074/1023 1309/2073/1022
f 1318/2083/1031 1319/2084/1032 1311/2075/1024 1310/2074/1023
f 1319/2084/1032 1320/2085/1033 1312/2076/1025 1311/2075/1024
f 1320/2087/1033 1321/2086/1034 1313/2077/1026 1312/2078/1025
f 1321/2086/1034 1314/2080/1028 1306/2071/1020 1313/2077/1026
f 1322/2089/1036 1323/2088/1035 1315/2079/1027 1314/2080/1028
f 1323/2088/1035 1324/2090/1037 1316/2081/1029 1315/2079/1027
f 1324/2090/1037 1325/2091/1038 1317/2082/1030 1316/2081/1029
f 1325/2091/1038 1326/2092/1039 1318/2083/1031 1317/2082/1030
f 1326/2092/1039 1327/2093/1040 1319/2084/1032 1318/2083/1031
f 1327/2093/1040 1328/2094/1041 1320/2085/1033 1319/2084/1032
f 1328/2096/1041 1329/2095/1042 1321/2086/1034 1320/2087/1033
f 1329/2095/1042 1322/2089/1036 1314/2080/1028 1321/2086/1034
f 1330/2098/1044 1331/2097/1043 1323/2088/1035 1322/2089/1036
f 1331/2097/1043 1332/2099/1045 1324/2090/1037 1323/2088/1035
f 1332/2099/1045 1333/2100/1046 1325/2091/1038 1324/2090/1037
f 1333/2100/1046 1334/2101/1047 1326/2092/1039 1325/2091/1038
f 1334/2101/1047 1335/2102/1048 1327/2093/1040 1326/2092/1039
f 1335/2102/1048 1336/2103/1049 1328/2094/1041 1327/2093/1040
f 1336/2105/1049 1337/2104/1050 1329/2095/1042 1328/2096/1041
f 1337/2104/1050 1330/2098/1044 1322/2089/1036 1329/2095/1042
f 1338/2107/1051 1339/2106/1051 1331/2097/1051 1330/2098/1051
f 1339/2106/1053 1340/2108/1052 1332/2099/1045 1331/2097/1043
f 1340/2108/1052 1341/2109/1054 1333/2100/1046 1332/2099/1045
f 1341/2109/1054 1342/2110/1055 1334/2101/1047 1333/2100/1046
f 1342/2110/1055 1343/2111/1056 1335/2102/1048 1334/2101/1047
f 1343/2111/1056 1344/2112/1057 1336/2103/1049 1335/2102/1048
f 1344/2114/1057 1345/2113/1058 1337/2104/1050 1336/2105/1049
f 1345/2113/1059 1338/2107/1059 1330/2098/1059 1337/2104/1059
f 1346/2116/1060 1347/2115/1061 1339/2106/1061 1338/2107/1060
f 1347/2115/1062 1348/2117/1062 1340/2108/1062 1339/2106/1062
f 1348/2117/1064 1349/2118/1063 1341/2109/1054 1340/2108/1052
f 1349/2118/1063 1350/2119/1065 1342/2110/1055 1341/2109/1054
f 1350/2119/1065 1351/2120/1066 1343/2111/1056 1342/2110/1055
f 1351/2120/1066 1352/2121/1067 1344/2112/1057 1343/2111/1056
f 1352/2123/1068 1353/2122/1068 1345/2113/1068 1344/2114/1068
f 1353/2122/1069 1346/2116/1060 1338/2107/1060 1345/2113/1069
f 1354/2125/1070 1355/2124/1070 1347/2115/1070 1346/2116/1070
f 1355/2124/1073 1356/2126/1072 1348/2117/1064 1347/2115/1071
f 1356/2126/1072 1357/2127/1074 1349/2118/1063 1348/2117/1064
f 1357/2127/1074 1358/2128/1075 1350/2119/1065 1349/2118/1063
f 1358/2128/1075 1359/2129/1076 1351/2120/1066 1350/2119/1065
f 1359/2129/1076 1360/2130/1077 1352/2121/1067 1351/2120/1066
f 1360/2132/1077 1361/2131/1079 1353/2122/1078 1352/2123/1067
f 1361/2131/1080 1354/2125/1080 1346/2116/1080 1353/2122/1080
f 1362/2134/1083 1363/2133/1082 1355/2124/1073 1354/2125/1081
f 1363/2133/1082 1364/2135/1084 1356/2126/1072 1355/2124/1073
f 1364/2135/1084 1365/2136/1085 1357/2127/1074 1356/2126/1072
f 1365/2136/1085 1366/2137/1086 1358/2128/1075 1357/2127/1074
f 1366/2137/1086 1367/2138/1087 1359/2129/1076 1358/2128/1075
f 1367/2138/1087 1368/2139/1088 1360/2130/1077 1359/2129/1076
f 1368/2141/1088 1369/2140/1089 1361/2131/1079 1360/2132/1077
f 1369/2140/1089 1362/2134/1083 1354/2125/1081 1361/2131/1079
f 1370/2143/1091 1371/2142/1090 1363/2133/1082 1362/2134/1083
f 1371/2142/1090 1372/2144/1092 1364/2135/1084 1363/2133/1082
f 1372/2144/1092 1373/2145/1093 1365/2136/1085 1364/2135/1084
f 1373/2145/1093 1374/2146/1094 1366/2137/1086 1365/2136/1085
f 1374/2146/1094 1375/2147/1095 1367/2138/1087 1366/2137/1086
f 1375/2147/1095 1376/2148/1096 1368/2139/1088 1367/2138/1087
f 1376/2150/1096 1377/2149/1097 1369/2140/1089 1368/2141/1088
f 1377/2149/1097 1370/2143/1091 1362/2134/1083 1369/2140/1089
f 1378/2152/1099 1379/2151/1098 1371/2142/1090 1370/2143/1091
f 1379/2151/1098 1380/2153/1100 1372/2144/1092 1371/2142/1090
f 1380/2153/1100 1381/2154/1101 1373/2145/1093 1372/2144/1092
f 1381/2154/1101 1382/2155/1102 1374/2146/1094 1373/2145/1093
f 1382/2155/1102 1383/2156/1103 1375/2147/1095 1374/2146/1094
f 1383/2156/1103 1384/2157/1104 1376/2148/1096 1375/2147/1095
f 1384/2159/1104 1385/2158/1105 1377/2149/1097 1376/2150/1096
f 1385/2158/1105 1378/2152/1099 1370/2143/1091 1377/2149/1097
f 1386/2161/1107 1387/2160/1106 1379/2151/1098 1378/2152/1099
f 1387/2160/1106 1388/2162/1100 1380/2153/1100 1379/2151/1098
f 1388/2162/1100 1389/2163/1108 1381/2154/1101 1380/2153/1100
f 1389/2163/1108 1390/2164/1109 1382/2155/1102 1381/2154/1101
f 1390/2164/1109 1391/2165/1110 1383/2156/1103 1382/2155/1102
f 1391/2165/1110 1392/2166/1104 1384/2157/1104 1383/2156/1103
f 1392/2168/1104 1393/2167/1111 1385/2158/1105 1384/2159/1104
f 1393/2167/1111 1386/2161/1107 1378/2152/1099 1385/2158/1105
f 1394/2170/1113 1395/2169/1112 1387/2160/1106 1386/2161/1107
f 1395/2169/1112 1396/2171/1114 1388/2162/1100 1387/2160/1106
f 1396/2171/1114 1397/2172/1115 1389/2163/1108 1388/2162/1100
f 1397/2172/1115 1398/2173/1116 1390/2164/1109 1389/2163/1108
f 1398/2173/1116 1399/2174/1117 1391/2165/1110 1390/2164/1109
f 1399/2174/1117 1400/2175/1118 1392/2166/1104 1391/2165/1110
f 1400/2177/1118 1401/2176/1119 1393/2167/1111 1392/2168/1104
f 1401/2176/1119 1394/2170/1113 1386/2161/1107 1393/2167/1111
f 1402/2179/1121 1403/2178/1120 1395/2169/1112 1394/2170/1113
f 1403/2178/1120 1404/2180/1114 1396/2171/1114 1395/2169/1112
f 1404/2180/1114 1405/2181/1122 1397/2172/1115 1396/2171/1114
f 1405/2181/1122 1406/2182/1123 1398/2173/1116 1397/2172/1115
f 1406/2182/1123 1407/2183/1124 1399/2174/1117 1398/2173/1116
f 1407/2183/1124 1408/2184/1118 1400/2175/1118 1399/2174/1117
f 1408/2186/1118 1409/2185/1125 1401/2176/1119 1400/2177/1118
f 1409/2185/1125 1402/2179/1121 1394/2170/1113 1401/2176/1119
f 1410/2188/1127 1411/2187/1126 1403/2178/1120 1402/2179/1121
f 1411/2187/1126 1412/2189/1100 1404/2180/1114 1403/2178/1120
f 1412/2189/1100 1413/2190/1128 1405/2181/1122 1404/2180/1114
f 1413/2190/1128 1414/2191/1129 1406/2182/1123 1405/2181/1122
f 1414/2191/1129 1415/2192/1130 1407/2183/1124 1406/2182/1123
f 1415/2192/1130 1416/2193/1104 1408/2184/1118 1407/2183/1124
f 1416/2195/1104 1417/2194/1131 1409/2185/1125 1408/2186/1118
f 1417/2194/1131 1410/2188/1127 1402/2179/1121 1409/2185/1125
f 1418/2197/1133 1419/2196/1132 1411/2187/1126 1410/2188/1127
f 1419/2196/1132 1420/2198/1134 1412/2189/1100 1411/2187/1126
f 1420/2198/1134 1421/2199/1135 1413/2190/1128 1412/2189/1100
f 1421/2199/1135 1422/2200/1136 1414/2191/1129 1413/2190/1128
f 1422/2200/1136 1423/2201/1137 1415/2192/1130 1414/2191/1129
f 1423/2201/1137 1424/2202/1138 1416/2193/1104 1415/2192/1130
f 1424/2204/1138 1425/2203/1139 1417/2194/1131 1416/2195/1104
f 1425/2203/1139 1418/2197/1133 1410/2188/1127 1417/2194/1131
f 1426/2206/1141 1427/2205/1140 1419/2196/1132 1418/2197/1133
f 1427/2205/1140 1428/2207/1142 1420/2198/1134 1419/2196/1132
f 1428/2207/1142 1429/2208/1143 1421/2199/1135 1420/2198/1134
f 1429/2208/1143 1430/2209/1144 1422/2200/1136 1421/2199/1135
f 1430/2209/1144 1431/2210/1145 1423/2201/1137 1422/2200/1136
f 1431/2210/1145 1432/2211/1146 1424/2202/1138 1423/2201/1137
f 1432/2213/1146 1433/2212/1147 1425/2203/1139 1424/2204/1138
f 1433/2212/1147 1426/2206/1141 1418/2197/1133 1425/2203/1139
f 1434/2215/1149 1435/2214/1148 1427/2205/1140 1426/2206/1141
f 1435/2214/1148 1436/2216/1150 1428/2207/1142 1427/2205/1140
f 1436/2216/1150 1437/2217/1151 1429/2208/1143 1428/2207/1142
f 1437/2217/1151 1438/2218/1152 1430/2209/1144 1429/2208/1143
f 1438/2218/1152 1439/2219/1153 1431/2210/1145 1430/2209/1144
f 1439/2219/1153 1440/2220/1154 1432/2211/1146 1431/2210/1145
f 1440/2222/1154 1441/2221/1155 1433/2212/1147 1432/2213/1146
f 1441/2221/1155 1434/2215/1149 1426/2206/1141 1433/2212/1147
f 1442/2224/1157 1443/2223/1156 1435/2214/1148 1434/2215/1149
f 1443/2223/1156 1444/2225/1158 1436/2216/1150 1435/2214/1148
f 1444/2225/1158 1445/2226/1159 1437/2217/1151 1436/2216/1150
f 1445/2226/1159 1446/2227/1160 1438/2218/1152 1437/2217/1151
f 1446/2227/1160 1447/2228/1161 1439/2219/1153 1438/2218/1152
f 1447/2228/1161 1448/2229/1162 1440/2220/1154 1439/2219/1153
f 1448/2231/1162 1449/2230/1163 1441/2221/1155 1440/2222/1154
f 1449/2230/1163 1442/2224/1157 1434/2215/1149 1441/2221/1155
f 1450/2233/1165 1451/2232/1164 1443/2223/1156 1442/2224/1157
f 1451/2232/1164 1452/2234/1166 1444/2225/1158 1443/2223/1156
f 1452/2234/1166 1453/2235/1167 1445/2226/1159 1444/2225/1158
f 1453/2235/1167 1454/2236/1168 1446/2227/1160 1445/2226/1159
f 1454/2236/1168 1455/2237/1169 1447/2228/1161 1446/2227/1160
f 1455/2237/1169 1456/2238/1170 1448/2229/1162 1447/2228/1161
f 1456/2240/1170 1457/2239/1171 1449/2230/1163 1448/2231/1162
f 1457/2239/1171 1450/2233/1165 1442/2224/1157 1449/2230/1163
f 1458/2242/1173 1459/2241/1172 1451/2232/1164 1450/2233/1165
f 1459/2241/1172 1460/2243/1174 1452/2234/1166 1451/2232/1164
f 1460/2243/1174 1461/2244/1175 1453/2235/1167 1452/2234/1166
f 1461/2244/1175 1462/2245/1176 1454/2236/1168 1453/2235/1167
f 1462/2245/1176 1463/2246/1177 1455/2237/1169 1454/2236/1168
f 1463/2246/1177 1464/2247/1178 1456/2238/1170 1455/2237/1169
f 1464/2249/1178 1465/2248/1179 1457/2239/1171 1456/2240/1170
f 1465/2248/1179 1458/2242/1173 1450/2233/1165 1457/2239/1171
f 1466/2251/1181 1467/2250/1180 1459/2241/1172 1458/2242/1173
f 1467/2250/1180 1468/2252/1182 1460/2243/1174 1459/2241/1172
f 1468/2252/1182 1469/2253/1183 1461/2244/1175 1460/2243/1174
f 1469/2253/1183 1470/2254/1184 1462/2245/1176 1461/2244/1175
f 1470/2254/1184 1471/2255/1185 1463/2246/1177 1462/2245/1176
f 1471/2255/1185 1472/2256/1186 1464/2247/1178 1463/2246/1177
f 1472/2258/1186 1473/2257/1187 1465/2248/1179 1464/2249/1178
f 1473/2257/1187 1466/2251/1181 1458/2242/1173 1465/2248/1179
f 1474/2260/1189 1475/2259/1188 1467/2250/1180 1466/2251/1181
f 1475/2259/1188 1476/2261/1190 1468/2252/1182 1467/2250/1180
f 1476/2261/1190 1477/2262/1191 1469/2253/1183 1468/2252/1182
f 1477/2262/1191 1478/2263/1192 1470/2254/1184 1469/2253/1183
f 1478/2263/1192 1479/2264/1193 1471/2255/1185 1470/2254/1184
f 1479/2264/1193 1480/2265/1194 1472/2256/1186 1471/2255/1185
f 1480/2267/1194 1481/2266/1195 1473/2257/1187 1472/2258/1186
f 1481/2266/1195 1474/2260/1189 1466/2251/1181 1473/2257/1187
f 1482/2269/1197 1483/2268/1196 1475/2259/1188 1474/2260/1189
f 1483/2268/1196 1484/2270/1198 1476/2261/1190 1475/2259/1188
f 1484/2270/1198 1485/2271/1199 1477/2262/1191 1476/2261/1190
f 1485/2271/1199 1486/2272/1200 1478/2263/1192 1477/2262/1191
f 1486/2272/1200 1487/2273/1201 1479/2264/1193 1478/2263/1192
f 1487/2273/1201 1488/2274/1202 1480/2265/1194 1479/2264/1193
f 1488/2276/1202 1489/2275/1203 1481/2266/1195 1480/2267/1194
f 1489/2275/1203 1482/2269/1197 1474/2260/1189 1481/2266/1195
f 1490/2278/1205 1491/2277/1204 1483/2268/1196 1482/2269/1197
f 1491/2277/1204 1492/2279/1206 1484/2270/1198 1483/2268/1196
f 1492/2279/1206 1493/2280/1207 1485/2271/1199 1484/2270/1198
f 1493/2280/1208 1494/2281/1208 1486/2272/1208 1485/2271/1208
f 1494/2281/1209 1495/2282/1209 1487/2273/1209 1486/2272/1209
f 1495/2282/1211 1496/2283/1210 1488/2274/1202 1487/2273/1201
f 1496/2285/1210 1497/2284/1212 1489/2275/1203 1488/2276/1202
f 1497/2284/1212 1490/2278/1205 1482/2269/1197 1489/2275/1203
f 1498/2287/1214 1499/2286/1213 1491/2277/1204 1490/2278/1205
f 1499/2286/1213 1500/2288/1215 1492/2279/1206 1491/2277/1204
f 1500/2288/1215 1501/2289/1216 1493/2280/1207 1492/2279/1206
f 1501/2289/1216 1502/2290/1218 1494/2281/1217 1493/2280/1207
f 1502/2290/1218 1503/2291/1219 1495/2282/1211 1494/2281/1217
f 1503/2291/1219 1504/2292/1220 1496/2283/1210 1495/2282/1211
f 1504/2294/1220 1505/2293/1221 1497/2284/1212 1496/2285/1210
f 1505/2293/1221 1498/2287/1214 1490/2278/1205 1497/2284/1212
f 1506/2296/1223 1507/2295/1222 1499/2286/1213 1498/2287/1214
f 1507/2295/1222 1508/2297/1224 1500/2288/1215 1499/2286/1213
f 1508/2297/1224 1509/2298/1225 1501/2289/1216 1500/2288/1215
f 1509/2298/1225 1510/2299/1226 1502/2290/1218 1501/2289/1216
f 1510/2299/1226 1511/2300/1227 1503/2291/1219 1502/2290/1218
f 1511/2300/1227 1512/2301/1228 1504/2292/1220 1503/2291/1219
f 1512/2303/1228 1513/2302/1229 1505/2293/1221 1504/2294/1220
f 1513/2302/1229 1506/2296/1223 1498/2287/1214 1505/2293/1221
f 1514/2305/1231 1515/2304/1230 1507/2295/1222 1506/2296/1223
f 1515/2304/1230 1516/2306/1232 1508/2297/1224 1507/2295/1222
f 1516/2306/1232 1517/2307/1233 1509/2298/1225 1508/2297/1224
f 1517/2307/1233 1518/2308/1234 1510/2299/1226 1509/2298/1225
f 1518/2308/1234 1519/2309/1235 1511/2300/1227 1510/2299/1226
f 1519/2309/1235 1520/2310/1236 1512/2301/1228 1511/2300/1227
f 1520/2312/1236 1521/2311/1237 1513/2302/1229 1512/2303/1228
f 1521/2311/1237 1514/2305/1231 1506/2296/1223 1513/2302/1229
f 1522/2314/1239 1523/2313/1238 1515/2304/1230 1514/2305/1231
f 1523/2313/1238 1524/2315/1240 1516/2306/1232 1515/2304/1230
f 1524/2315/1240 1525/2316/1241 1517/2307/1233 1516/2306/1232
f 1525/2316/1241 1526/2317/1242 1518/2308/1234 1517/2307/1233
f 1526/2317/1242 1527/2318/1243 1519/2309/1235 1518/2308/1234
f 1527/2318/1243 1528/2319/1244 1520/2310/1236 1519/2309/1235
f 1528/2321/1244 1529/2320/1245 1521/2311/1237 1520/2312/1236
f 1529/2320/1245 1522/2314/1239 1514/2305/1231 1521/2311/1237
f 1530/2323/1246 1531/2322/1246 1523/2313/1246 1522/2314/1246
f 1531/2322/1248 1532/2324/1247 1524/2315/1240 1523/2313/1238
f 1532/2324/1247 1533/2325/1249 1525/2316/1241 1524/2315/1240
f 1533/2325/1249 1534/2326/1250 1526/2317/1242 1525/2316/1241
f 1534/2326/1250 1535/2327/1251 1527/2318/1243 1526/2317/1242
f 1535/2327/1251 1536/2328/1252 1528/2319/1244 1527/2318/1243
f 1536/2330/1252 1537/2329/1253 1529/2320/1245 1528/2321/1244
f 1537/2329/1254 1530/2323/1254 1522/2314/1254 1529/2320/1254
f 1538/2332/1255 1539/2331/1255 1531/2322/1255 1530/2323/1255
f 1539/2331/1257 1540/2333/1256 1532/2324/1247 1531/2322/1248
f 1540/2333/1256 1541/2334/1258 1533/2325/1249 1532/2324/1247
f 1541/2334/1258 1542/2335/1259 1534/2326/1250 1533/2325/1249
f 1542/2335/1259 1543/2336/1260 1535/2327/1251 1534/2326/1250
f 1543/2336/1260 1544/2337/1261 1536/2328/1252 1535/2327/1251
f 1544/2339/1261 1545/2338/1262 1537/2329/1253 1536/2330/1252
f 1545/2338/1263 1538/2332/1263 1530/2323/1263 1537/2329/1263
f 1546/2341/1264 1547/2340/1264 1539/2331/1264 1538/2332/1264
f 1547/2340/1266 1548/2342/1265 1540/2333/1256 1539/2331/1257
f 1548/2342/1265 1549/2343/1267 1541/2334/1258 1540/2333/1256
f 1549/2343/1267 1550/2344/1268 1542/2335/1259 1541/2334/1258
f 1550/2344/1268 1551/2345/1269 1543/2336/1260 1542/2335/1259
f 1551/2345/1269 1552/2346/1270 1544/2337/1261 1543/2336/1260
f 1552/2348/1270 1553/2347/1271 1545/2338/1262 1544/2339/1261
f 1553/2347/1272 1546/2341/1272 1538/2332/1272 1545/2338/1272
f 1554/2350/1275 1555/2349/1274 1547/2340/1266 1546/2341/1273
f 1555/2349/1274 1556/2351/1276 1548/2342/1265 1547/2340/1266
f 1556/2351/1276 1557/2352/1277 1549/2343/1267 1548/2342/1265
f 1557/2352/1277 1558/2353/1278 1550/2344/1268 1549/2343/1267
f 1558/2353/1278 1559/2354/1279 1551/2345/1269 1550/2344/1268
f 1559/2354/1279 1560/2355/1280 1552/2346/1270 1551/2345/1269
f 1560/2357/1280 1561/2356/1281 1553/2347/1271 1552/2348/1270
f 1561/2356/1281 1554/2350/1275 1546/2341/1273 1553/2347/1271
f 1562/2359/1283 1563/2358/1282 1555/2349/1274 1554/2350/1275
f 1563/2358/1282 1564/2360/1284 1556/2351/1276 1555/2349/1274
f 1564/2360/1284 1565/2361/1285 1557/2352/1277 1556/2351/1276
f 1565/2361/1285 1566/2362/1286 1558/2353/1278 1557/2352/1277
f 1566/2362/1286 1567/2363/1287 1559/2354/1279 1558/2353/1278
f 1567/2363/1287 1568/2364/1288 1560/2355/1280 1559/2354/1279
f 1568/2366/1288 1569/2365/1289 1561/2356/1281 1560/2357/1280
f 1569/2365/1289 1562/2359/1283 1554/2350/1275 1561/2356/1281
f 1570/2368/1291 1571/2367/1290 1563/2358/1282 1562/2359/1283
f 1571/2367/1290 1572/2369/1292 1564/2360/1284 1563/2358/1282
f 1572/2369/1292 1573/2370/1293 1565/2361/1285 1564/2360/1284
f 1573/2370/1293 1574/2371/1294 1566/2362/1286 1565/2361/1285
f 1574/2371/1294 1575/2372/1295 1567/2363/1287 1566/2362/1286
f 1575/2372/1295 1576/2373/1296 1568/2364/1288 1567/2363/1287
f 1576/2375/1296 1577/2374/1297 1569/2365/1289 1568/2366/1288
f 1577/2374/1297 1570/2368/1291 1562/2359/1283 1569/2365/1289
f 1578/2377/1299 1579/2376/1298 1571/2367/1290 1570/2368/1291
f 1579/2376/1298 1580/2378/1300 1572/2369/1292 1571/2367/1290
f 1580/2378/1300 1581/2379/1301 1573/2370/1293 1572/2369/1292
f 1581/2379/1301 1582/2380/1302 1574/2371/1294 1573/2370/1293
f 1582/2380/1302 1583/2381/1303 1575/2372/1295 1574/2371/1294
f 1583/2381/1303 1584/2382/1304 1576/2373/1296 1575/2372/1295
f 1584/2384/1304 1585/2383/1305 1577/2374/1297 1576/2375/1296
f 1585/2383/1305 1578/2377/1299 1570/2368/1291 1577/2374/1297
f 1586/2386/1307 1587/2385/1306 1579/2376/1298 1578/2377/1299
f 1587/2385/1306 1588/2387/1308 1580/2378/1300 1579/2376/1298
f 1588/2387/1308 1589/2388/1309 1581/2379/1301 1580/2378/1300
f 1589/2388/1309 1590/2389/1310 1582/2380/1302 1581/2379/1301
f 1590/2389/1310 1591/2390/1311 1583/2381/1303 1582/2380/1302
f 1591/2390/1311 1592/2391/1312 1584/2382/1304 1583/2381/1303
f 1592/2393/1312 1593/2392/1313 1585/2383/1305 1584/2384/1304
f 1593/2392/1313 1586/2386/1307 1578/2377/1299 1585/2383/1305
f 1290/2396/1314 1296/2395/1314 1297/2394/1314
f 1294/2398/1314 1295/2397/1314 1296/2395/1314
f 1290/2396/1314 1294/2398/1314 1296/2395/1314
f 1292/2400/1314 1293/2399/1314 1294/2398/1314
f 1290/2396/1314 1292/2400/1314 1294/2398/1314
f 1290/2396/1314 1291/2401/1314 1292/2400/1314
f 1588/2404/1315 1587/2403/1315 1586/2402/1315
f 1590/2405/1315 1588/2404/1315 1586/2402/1315
f 1592/2406/1315 1590/2405/1315 1586/2402/1315
f 1593/2407/1315 1592/2406/1315 1586/2402/1315
f 1590/2405/1315 1589/2408/1315 1588/2404/1315
f 1592/2406/1315 1591/2409/1315 1590/2405/1315

v -7.08814811706543 14.20077991485596 -30.07998085021973
v -7.09933376312256 14.30996036529541 -29.71326065063477
v -7.12650489807129 14.64601039886475 -29.53198051452637
v -7.153724193573 15.0117301940918 -29.64168930053711
v -7.16502523422241 15.19268035888672 -29.97883033752441
v -7.15384006500244 15.08349990844727 -30.34555053710938
v -7.12666893005371 14.74744987487793 -30.52681922912598
v -7.09944915771484 14.38173007965088 -30.41711044311523
v -5.33260107040405 14.26426029205322 -30.07364082336426
v -5.33305788040161 14.37427043914795 -29.70684051513672
v -5.33416700363159 14.71232032775879 -29.52536010742188
v -5.33527803421021 15.08003997802734 -29.63488006591797
v -5.33573818206787 15.26181983947754 -29.9719295501709
v -5.33528280258179 15.15180969238281 -30.33872985839844
v -5.33417320251465 14.81377029418945 -30.52021026611328
v -5.33306217193604 14.44604015350342 -30.41069030761719
v -4.90458011627197 14.23410034179688 -30.07663917541504
v -4.88243389129639 14.34251976013184 -29.70999908447266
v -4.82864189147949 14.67671012878418 -29.5289192199707
v -4.77475595474243 15.04055023193359 -29.63883018493652
v -4.75238418579102 15.22070980072021 -29.97603988647461
v -4.77452898025513 15.11229038238525 -30.34267997741699
v -4.82832193374634 14.77810955047607 -30.52375984191895
v -4.8822078704834 14.41427040100098 -30.41385078430176
v -4.73688888549805 14.19435024261475 -30.08058929443359
v -4.69018316268921 14.29695987701416 -29.71454048156738
v -4.5767388343811 14.61701011657715 -29.53487968444824
v -4.46309995651245 14.96669006347656 -29.64620971679688
v -4.41592311859131 15.14095973968506 -29.9840202331543
v -4.46262979507446 15.03835010528564 -30.35007095336914
v -4.57607412338257 14.71829986572266 -30.52972984313965
v -4.68971300125122 14.36861991882324 -30.41839981079102
v -4.65909481048584 14.16007995605469 -30.0839900970459
v -4.58573293685913 14.25096035003662 -29.7191104888916
v -4.40755796432495 14.54249954223633 -29.54231071472168
v -4.22908306121826 14.86361026763916 -29.65652084350586
v -4.15499687194824 15.02600955963135 -29.99551963806152
v -4.22836017608643 14.93513011932373 -30.36038970947266
v -4.40653514862061 14.64358997344971 -30.53718948364258
v -4.58500909805298 14.32248020172119 -30.4229907989502
v -4.64338684082031 14.14859962463379 -30.08510971069336
v -4.54507493972778 14.22128963470459 -29.72205924987793
v -4.3063268661499 14.46860980987549 -29.54969024658203
v -4.06718778610229 14.74542045593262 -29.6683292388916
v -3.96792793273926 14.88941955566406 -30.00917053222656
v -4.06623983383179 14.81672954559326 -30.37223052978516
v -4.30498790740967 14.56941032409668 -30.54459953308105
v -4.54412698745728 14.29261016845703 -30.42596054077148
v -4.64936113357544 14.15524005889893 -30.08444023132324
v -4.53388404846191 14.20888042449951 -29.72328948974609
v -4.25346994400024 14.40991973876953 -29.55554962158203
v -3.97260189056396 14.64037036895752 -29.67882919311523
v -3.85602903366089 14.7651195526123 -30.0216007232666
v -3.97150611877441 14.71148014068604 -30.38274002075195
v -4.2519211769104 14.5104398727417 -30.55047988891602
v -4.53278779983521 14.27999019622803 -30.42720985412598
v -4.66958379745483 14.18558979034424 -30.08139991760254
v -4.54192209243774 14.22095012664795 -29.72208023071289
v -4.23193407058716 14.37761974334717 -29.55876922607422
v -3.92144989967346 14.56359958648682 -29.68650054931641
v -3.79259204864502 14.66989994049072 -30.0311107635498
v -3.92025303840637 14.63453960418701 -30.39043045043945
v -4.23024082183838 14.47787952423096 -30.55373001098633
v -4.54072523117065 14.29189014434814 -30.42601013183594
v -4.6715259552002 14.18982028961182 -30.08095932006836
v -4.53378200531006 14.2032299041748 -29.72384071350098
v -4.19932889938354 14.30657958984375 -29.56586074829102
v -3.86435008049011 14.43916034698486 -29.69893074035645
v -3.72533202171326 14.52328968048096 -30.0457592010498
v -3.86307597160339 14.50988960266113 -30.40288925170898
v -4.19752788543701 14.40653991699219 -30.56085968017578
v -4.53250789642334 14.27396011352539 -30.42778968811035
v -4.63196182250977 14.03748989105225 -30.09613990783691
v -4.4857292175293 14.01828956604004 -29.74227905273438
v -4.13070106506348 14.04244995117188 -29.59222984313965
v -3.77512788772583 14.09570980072021 -29.73323059082031
v -3.62757897377014 14.14692974090576 -30.08336067199707
v -3.77381205558777 14.16613006591797 -30.43721961975098
v -4.12883996963501 14.14198017120361 -30.58725929260254
v -4.48441219329834 14.08870983123779 -30.44626045227051
v -4.65143918991089 13.47451019287109 -30.15233039855957
v -4.50592708587646 13.43426990509033 -29.80056953430176
v -4.15266418457031 13.40734958648682 -29.65563011169434
v -3.79886293411255 13.40946006774902 -29.8017406463623
v -3.65205502510071 13.43945026397705 -30.15398979187012
v -3.79756689071655 13.4796895980835 -30.50575065612793
v -4.15083122253418 13.50660991668701 -30.65069007873535
v -4.50463104248047 13.50450038909912 -30.50457000732422
v -4.70005512237549 12.12045955657959 -30.28749084472656
v -4.55397701263428 12.09595966339111 -29.93416023254395
v -4.19934511184692 12.10715961456299 -29.78541946411133
v -3.84417605400085 12.14739990234375 -29.92771911621094
v -3.69680190086365 12.19316005706787 -30.27839088439941
v -3.84288001060486 12.21765041351318 -30.63172912597656
v -4.19751310348511 12.20645999908447 -30.78046989440918
v -4.55268096923828 12.16621971130371 -30.63816070556641
v -4.64387607574463 11.81577968597412 -30.31780052185059
v -4.50456285476685 11.82798004150391 -29.96081924438477
v -4.16629886627197 11.92794990539551 -29.80324935913086
v -3.82750105857849 12.05696964263916 -29.93671989440918
v -3.68689703941345 12.13943958282471 -30.28373908996582
v -3.82621002197266 12.12724018096924 -30.64072036743164
v -4.16447496414185 12.02725982666016 -30.79829978942871
v -4.50327301025391 11.89824962615967 -30.66481971740723
v -4.49670600891113 11.5303897857666 -30.34601020812988
v -4.37534379959106 11.57740020751953 -29.9855899810791
v -4.08048009872437 11.76152992248535 -29.8196907043457
v -3.78507804870605 11.97469997406006 -29.94485092163086
v -3.66240811347961 12.09195041656494 -30.28842926025391
v -3.78377103805542 12.04493999481201 -30.64886093139648
v -4.0786337852478 11.86081027984619 -30.81475067138672
v -4.37403678894043 11.64764022827148 -30.68959045410156
v -4.2925271987915 11.29662990570068 -30.36894989013672
v -4.19169807434082 11.36715030670166 -30.0062198638916
v -3.94650197029114 11.60813999176025 -29.83474922180176
v -3.70076298713684 11.87817001342773 -29.95433044433594
v -3.59862589836121 12.01893043518066 -30.29560089111328
v -3.69945502281189 11.94841003417969 -30.6583309173584
v -3.94465208053589 11.70742034912109 -30.82980918884277
v -4.19039011001587 11.43739032745361 -30.71022987365723
v -4.04564523696899 11.10181045532227 -30.38792991638184
v -3.96510291099548 11.18834018707275 -30.02363967895508
v -3.76899409294128 11.4680700302124 -29.84839057922363
v -3.572350025177 11.77684020996094 -29.96419906616211
v -3.49051594734192 11.93362045288086 -30.30390930175781
v -3.57105708122253 11.84708976745605 -30.66819953918457
v -3.76716709136963 11.56735992431641 -30.84345054626465
v -3.96381092071533 11.25858974456787 -30.7276496887207
v -3.63125109672546 10.8754301071167 -30.40976905822754
v -3.57311701774597 10.97420024871826 -30.0443000793457
v -3.43126010894775 11.28355979919434 -29.86618995666504
v -3.28889107704163 11.62199020385742 -29.97913932800293
v -3.22951793670654 11.79102993011475 -30.31767082214355
v -3.28765201568604 11.69225978851318 -30.68313980102539
v -3.42950892448425 11.38288974761963 -30.86124992370605
v -3.57187795639038 11.04446983337402 -30.74830055236816
v -2.83191990852356 10.61056995391846 -30.43485069274902
v -2.7984631061554 10.71751976013184 -30.0686092376709
v -2.71643209457397 11.04671955108643 -29.88862991333008
v -2.63394594192505 11.40497970581055 -29.99970054626465
v -2.59938788414001 11.58224010467529 -30.33745002746582
v -2.63284492492676 11.47529029846191 -30.70368957519531
v -2.71487498283386 11.14610004425049 -30.88367080688477
v -2.79736089706421 10.7878303527832 -30.7726001739502
v -1.51771700382233 10.42263984680176 -30.45178031921387
v -1.51771700382233 10.53314971923828 -30.08522033691406
v -1.51771700382233 10.8709602355957 -29.90447044372559
v -1.51771700382233 11.23785018920898 -30.01478004455566
v -1.51771605014801 11.4186897277832 -30.35220909118652
v -1.51771605014801 11.30817985534668 -30.71876907348633
v -1.51771700382233 10.97037029266357 -30.89952087402344
v -1.51771700382233 10.60348033905029 -30.78920936584473
v 1.95722901821136 10.4407901763916 -30.44874000549316
v 1.95722901821136 10.55097961425781 -30.08223915100098
v 1.95722794532776 10.88801002502441 -29.90163993835449
v 1.95722794532776 11.25409984588623 -30.01210021972656
v 1.95722794532776 11.43459033966064 -30.34959983825684
v 1.95722794532776 11.32439041137695 -30.71608924865723
v 1.95722794532776 10.98736000061035 -30.89669036865234
v 1.95722901821136 10.6212797164917 -30.78623962402344
v 3.05630803108215 10.63467025756836 -30.42929077148438
v 3.01563596725464 10.74009037017822 -30.06328010559082
v 2.91689205169678 11.0653600692749 -29.88389015197754
v 2.8179988861084 11.4196195602417 -29.99555969238281
v 2.77696394920349 11.59514045715332 -30.33357048034668
v 2.81763601303101 11.48972034454346 -30.6995792388916
v 2.91637897491455 11.1644401550293 -30.87896919250488
v 3.01527309417725 10.81019020080566 -30.76729965209961
v 3.67014002799988 10.8786096572876 -30.40564918518066
v 3.60162210464478 10.97301006317139 -30.04071998596191
v 3.43470191955566 11.27122020721436 -29.86400032043457
v 3.26729297637939 11.59823036193848 -29.97834968566895
v 3.19759106636047 11.76231002807617 -30.31748008728027
v 3.26610994338989 11.66790008544922 -30.68240928649902
v 3.43302989006042 11.36970043182373 -30.859130859375
v 3.60043907165527 11.04269027709961 -30.74477958679199
v 4.05969715118408 11.14284038543701 -30.38040924072266
v 3.96458697319031 11.21928024291992 -30.01721954345703
v 3.73256492614746 11.47336006164551 -29.84474945068359
v 3.49973011016846 11.7559700012207 -29.96338081359863
v 3.40265393257141 11.90141010284424 -30.30431938171387
v 3.49776411056519 11.82497978210449 -30.66750907897949
v 3.72978591918945 11.57089042663574 -30.83997917175293
v 3.96262097358704 11.28829002380371 -30.72134017944336
v 4.28467893600464 11.38508033752441 -30.35746002197266
v 4.16689109802246 11.43719005584717 -29.99658966064453
v 3.87937808036804 11.63156986236572 -29.82982063293457
v 3.59079003334045 11.8541202545166 -29.95417976379395
v 3.47040200233459 11.97437000274658 -30.29751968383789
v 3.58819007873535 11.92226028442383 -30.65839004516602
v 3.87570309638977 11.72787952423096 -30.82515907287598
v 4.16429090499878 11.50533008575439 -30.70079040527344
v 4.43773508071899 11.65653038024902 -30.3319206237793
v 4.30447483062744 11.68132019042969 -29.97364044189453
v 3.97914099693298 11.80867004394531 -29.81319999694824
v 3.65257000923157 11.96380996704102 -29.94395065307617
v 3.51631498336792 12.05580997467041 -30.28996086120605
v 3.64957594871521 12.03102970123291 -30.64823913574219
v 3.97490906715393 11.90367984771729 -30.80867004394531
v 4.30147981643677 11.74853992462158 -30.67793083190918
v 4.50004720687866 11.85004043579102 -30.31377983093262
v 4.3576397895813 11.84657955169678 -29.95815086364746
v 4.00999116897583 11.90470027923584 -29.80423927307129
v 3.66102290153503 11.99022006988525 -29.94153022766113
v 3.51542901992798 12.05307006835938 -30.29027938842773
v 3.65783500671387 12.0565299987793 -30.64591026306152
v 4.00548505783081 11.99841022491455 -30.79982948303223
v 4.35445213317871 11.91289043426514 -30.66253089904785
v 4.53021192550659 12.15246963500977 -30.28536987304688
v 4.38515901565552 12.12448978424072 -29.93210983276367
v 4.03072881698608 12.11548042297363 -29.78462982177734
v 3.67482399940491 12.13064002990723 -29.92867088317871
v 3.52620506286621 12.1611499786377 -30.28051948547363
v 3.67125797271729 12.18912029266357 -30.63377952575684
v 4.02568817138672 12.19814014434814 -30.78125
v 4.38159322738647 12.18297958374023 -30.63722038269043
v 4.38460493087769 13.94279956817627 -30.15554046630859
v 4.23901891708374 13.9261302947998 -29.80129051208496
v 3.88322305679321 13.93585968017578 -29.65206909179688
v 3.52592206001282 13.96621990203857 -29.79460906982422
v 3.37669491767883 13.99946022033691 -30.14609909057617
v 3.52228188514709 14.01611995697021 -30.50033950805664
v 3.87807703018188 14.00638961791992 -30.64957046508789
v 4.2353777885437 13.97603034973145 -30.50702095031738
v 4.39516878128052 13.99635028839111 -30.1518497467041
v 4.25423908233643 14.00345993041992 -29.7960090637207
v 3.91107106208801 14.07728004455566 -29.64245986938477
v 3.56696105003357 14.17446041107178 -29.78049087524414
v 3.42375111579895 14.23805046081543 -30.12991905212402
v 3.56468105316162 14.23095035552979 -30.48576927185059
v 3.90784788131714 14.15713024139404 -30.63932037353516
v 4.2519588470459 14.05994987487793 -30.50128936767578
v 4.43691301345825 14.13296031951904 -30.13882064819336
v 4.29886484146118 14.15100002288818 -29.78215980529785
v 3.9669680595398 14.26237964630127 -29.62562942504883
v 3.63590097427368 14.40167999267578 -29.76026916503906
v 3.49986100196838 14.48727989196777 -30.10787963867188
v 3.63790893554688 14.46924018859863 -30.46454048156738
v 3.96980595588684 14.35787010192871 -30.62107086181641
v 4.30087280273438 14.21856021881104 -30.48642921447754
v 4.43403005599976 14.12668037414551 -30.1390209197998
v 4.30496406555176 14.16495990753174 -29.7803897857666
v 3.99779200553894 14.33028030395508 -29.61861038208008
v 3.69268703460693 14.52558040618896 -29.74777030944824
v 3.56862092018127 14.63638019561768 -30.09291076660156
v 3.69768595695496 14.59809970855713 -30.45153045654297
v 4.00485801696777 14.43278026580811 -30.61331939697266
v 4.30996322631836 14.23748016357422 -30.48414993286133
v 4.42314577102661 14.11205959320068 -30.14040946960449
v 4.30995988845825 14.17191982269287 -29.77944946289062
v 4.04349708557129 14.39196014404297 -29.61173057556152
v 3.78004908561707 14.6430196762085 -29.73484039306641
v 3.67415595054626 14.77791976928711 -30.07735061645508
v 3.7873420715332 14.71805953979492 -30.43831062316895
v 4.05380582809448 14.49802017211914 -30.60602951049805
v 4.31725311279297 14.2469596862793 -30.48291969299316
v 4.41644191741943 14.10583019256592 -30.14096069335938
v 4.32163095474243 14.18292045593262 -29.77798080444336
v 4.10211181640625 14.4465503692627 -29.6051197052002
v 3.88663697242737 14.74199962615967 -29.72299003601074
v 3.80160903930664 14.89605045318604 -30.06324005126953
v 3.89642000198364 14.81894969940186 -30.42622947692871
v 4.11593914031982 14.55531978607178 -30.59909057617188
v 4.33141279220581 14.25986957550049 -30.48121070861816
v 4.45003318786621 14.12701034545898 -30.13788032531738
v 4.37678813934326 14.2178897857666 -29.77309036254883
v 4.21223497390747 14.51630973815918 -29.59565925598145
v 4.05288076400757 14.84712982177734 -29.7088794708252
v 3.99221301078796 15.01638984680176 -30.0471305847168
v 4.06545782089233 14.92549991607666 -30.41192054748535
v 4.23001194000244 14.62709045410156 -30.5893497467041
v 4.38936614990234 14.2962703704834 -30.47611999511719
v 4.54926586151123 14.16613006591797 -30.13130950927734
v 4.49898815155029 14.2662296295166 -29.76509094238281
v 4.39285182952881 14.58775997161865 -29.58403015136719
v 4.29309511184692 14.94204044342041 -29.69355964660645
v 4.25825119018555 15.12135028839111 -30.03022003173828
v 4.30852890014648 15.02126026153564 -30.39645004272461
v 4.41466522216797 14.69972991943359 -30.57749938964844
v 4.51442098617554 14.34543991088867 -30.46796989440918
v 4.78715085983276 14.21557998657227 -30.11985969543457
v 4.76043510437012 14.32069969177246 -29.75255012512207
v 4.7141261100769 14.65472984313965 -29.56876945495605
v 4.67536783218384 15.02165985107422 -29.67554092407227
v 4.66691398620605 15.20633029937744 -30.01100921630859
v 4.69363021850586 15.10120964050293 -30.37832069396973
v 4.73993921279907 14.76718044281006 -30.56208992004395
v 4.7786979675293 14.40025043487549 -30.45532989501953
v 6.76361703872681 14.23733997344971 -30.09555053710938
v 6.75692796707153 14.34311008453369 -29.72764015197754
v 6.76140117645264 14.67862033843994 -29.54236030578613
v 6.77438879013062 15.04697036743164 -29.6476001739502
v 6.78829717636108 15.23219966888428 -29.98241996765137
v 6.7949857711792 15.12642002105713 -30.3503303527832
v 6.79051399230957 14.79092025756836 -30.53561019897461
v 6.77752590179443 14.42255973815918 -30.43037033081055
v 7.18940877914429 14.20164012908936 -30.08654022216797
v 7.1904501914978 14.3067798614502 -29.71847915649414
v 7.21451616287231 14.64064979553223 -29.53278923034668
v 7.24746704101562 15.0073299407959 -29.63762092590332
v 7.26999711990356 15.19182014465332 -29.97226905822754
v 7.26895523071289 15.08668041229248 -30.34033012390137
v 7.24488878250122 14.75280952453613 -30.52602005004883
v 7.21193981170654 14.38613033294678 -30.42118072509766
# 304 vertices

vn 0.0768768414855 -0.99189877510071 -0.10112743079662
vn 0.05447021126747 -0.77311450242996 0.63192319869995
vn 0.00218752538785 -0.77432149648666 0.63278859853745
vn 0.00312507618219 -0.99483674764633 -0.10143997520208
vn 0.00015625456581 -0.1014404669404 0.99484157562256
vn 0 -0.10140953958035 0.99484479427338
vn -0.05422027036548 0.6296426653862 0.77499049901962
vn -0.00218754750676 0.6306699514389 0.77604812383652
vn -0.0768768414855 0.99189877510071 0.10112743079662
vn -0.00312507618219 0.99483674764633 0.10143997520208
vn -0.05447021126747 0.77311450242996 -0.63192319869995
vn -0.00218752538785 0.77432149648666 -0.63278859853745
vn -0.00015625456581 0.1014404669404 -0.99484157562256
vn 0 0.10140953958035 -0.99484479427338
vn 0.05422027036548 -0.6296426653862 -0.77499049901962
vn 0.00218754750676 -0.6306699514389 -0.77604812383652
vn -0.10728257894516 -0.76597821712494 0.63385158777237
vn -0.15169033408165 -0.98333084583282 -0.10025187581778
vn -0.00031250139 -0.10137545317411 0.99484819173813
vn 0.1068447008729 0.62234932184219 0.77541315555573
vn 0.15169033408165 0.98333084583282 0.10025187581778
vn 0.10728257894516 0.76597821712494 -0.63385158777237
vn 0.00031250139 0.10137545317411 -0.99484819173813
vn -0.1068447008729 -0.62234932184219 -0.77541315555573
vn -0.22600503265858 -0.73692268133163 0.63707667589188
vn -0.31960526108742 -0.9426589012146 -0.09615970402956
vn -0.00065626116702 -0.10125172138214 0.99486064910889
vn 0.22506949305534 0.59339344501495 0.77280521392822
vn 0.31960526108742 0.9426589012146 0.09615970402956
vn 0.22600503265858 0.73692268133163 -0.63707667589188
vn 0.00065626116702 0.10125172138214 -0.99486064910889
vn -0.22503982484341 -0.59339761734009 -0.77281069755554
vn -0.35410761833191 -0.67858910560608 0.64352518320084
vn -0.50114583969116 -0.86087960004807 -0.08797241002321
vn -0.00100000773091 -0.10103202611208 0.99488264322281
vn 0.35259953141212 0.53525882959366 0.76757514476776
vn 0.50114583969116 0.86087960004807 0.08797241002321
vn 0.35404545068741 0.67862093448639 -0.64352577924728
vn 0.00100000773091 0.10103202611208 -0.99488264322281
vn -0.35253891348839 -0.53529286384583 -0.76757919788361
vn -0.37963151931763 -0.5462281703949 0.74666905403137
vn -0.59161698818207 -0.80203151702881 -0.08206572383642
vn -0.0013437604066 -0.10071953386068 0.99491393566132
vn 0.47282314300537 0.4481663107872 0.75867331027985
vn 0.67183613777161 0.73683840036392 0.07553391158581
vn 0.47473323345184 0.59108048677444 -0.65211361646652
vn 0.00134375621565 0.10075046122074 -0.99491083621979
vn -0.37734913825989 -0.3853805065155 -0.84207451343536
vn -0.66644924879074 0.74148178100586 0.07778262346983
vn 0.11221946775913 -0.02450015582144 0.99338138103485
vn -0.28600639104843 -0.34647646546364 0.89339488744736
vn 0.55764973163605 0.35839092731476 0.74872070550919
vn 0.79124844074249 0.60827285051346 0.06268985569477
vn 0.5598663687706 0.50070768594742 -0.66018289327621
vn 0.11531490087509 0.17459738254547 -0.97786408662796
vn -0.28310468792915 -0.16066244244576 -0.94553649425507
vn 0.67148375511169 -0.73570394515991 -0.08859573304653
vn 0.83348912000656 0.54960721731186 0.05681388825178
vn 0.77092343568802 0.54619967937469 -0.32763230800629
vn -0.52544873952866 0.84520560503006 0.09762709587812
vn 0.61605370044708 0.26988485455513 0.74002701044083
vn 0.11206603050232 -0.02418826147914 0.99340635538101
vn 0.87428641319275 0.48281538486481 0.05012529715896
vn 0.61845791339874 0.41185733675957 -0.6692408323288
vn 0.11550330370665 0.17425498366356 -0.97790294885635
vn 0.57488232851028 -0.81294792890549 -0.09287618845701
vn 0.76958614587784 0.46963945031166 0.43263831734657
vn -0.40840947628021 0.90610092878342 0.11037587374449
vn -0.34919616580009 -0.2502249777317 0.90302240848541
vn -0.00178129691631 -0.09990888088942 0.99499499797821
vn -0.5783548951149 -0.2524736225605 0.77573364973068
vn 0.663942694664 0.16362626850605 0.72966194152832
vn 0.94255805015564 0.3321969807148 0.03506349772215
vn 0.66647851467133 0.3052544593811 -0.68016624450684
vn 0.00178129691631 0.09990888088942 -0.99499499797821
vn -0.34588593244553 -0.06534581631422 -0.93599832057953
vn -0.57547587156296 -0.09303239732981 -0.81251001358032
vn 0.42088037729263 -0.90082401037216 -0.10665760934353
vn -0.96818894147873 -0.24878963828087 -0.0267196521163
vn -0.70055854320526 -0.14691197872162 0.69830840826035
vn -0.99403923749924 -0.10828211903572 -0.01268760114908
vn -0.00181250832975 -0.09950046241283 0.99503588676453
vn 0.69792801141739 0.00543766934425 0.71614730358124
vn 0.99403923749924 0.10828211903572 0.01268760114908
vn 0.70055854320526 0.14691197872162 -0.69830840826035
vn 0.00181250832975 0.09950046241283 -0.99503588676453
vn -0.69792801141739 -0.00543766934425 -0.71614730358124
vn -0.70797044038773 -0.04537510871887 0.70478290319443
vn -0.99938380718231 0.03506280854344 0.00162501435261
vn -0.00181255338248 -0.09925293177366 0.99506056308746
vn 0.70536231994629 -0.09497125446796 0.70245605707169
vn 0.99938380718231 -0.03506280854344 -0.00162501435261
vn 0.70797044038773 0.04537510871887 -0.70478290319443
vn 0.00181255338248 0.09925293177366 -0.99506056308746
vn -0.70536231994629 0.09497125446796 -0.70245605707169
vn -0.70445215702057 -0.12137752771378 0.69929581880569
vn -0.99734562635422 -0.07225013524294 -0.00903126690537
vn -0.00181254779454 -0.09928387403488 0.99505752325058
vn 0.7018449306488 -0.01946878433228 0.71206367015839
vn 0.99734562635422 0.07225013524294 0.00903126690537
vn 0.70445215702057 0.12137752771378 -0.69929581880569
vn 0.00181254779454 0.09928387403488 -0.99505752325058
vn -0.70186054706573 0.01946921646595 -0.71204829216003
vn -0.66714894771576 -0.29579186439514 0.68368083238602
vn -0.94675451517105 -0.32018902897835 -0.03368765860796
vn -0.00181254220661 -0.09931480884552 0.99505442380905
vn 0.66454994678497 0.15456685423851 0.7310830950737
vn 0.94675451517105 0.32018902897835 0.03368765860796
vn 0.66714894771576 0.29579186439514 -0.68368083238602
vn 0.00181254220661 0.09931480884552 -0.99505442380905
vn -0.66454994678497 -0.15456685423851 -0.7310830950737
vn -0.58479791879654 -0.46320071816444 0.66592526435852
vn -0.82822513580322 -0.55747306346893 -0.05715668946505
vn -0.00184380426072 -0.09925292432308 0.99506050348282
vn 0.58219432830811 0.3222850561142 0.74644631147385
vn 0.82822513580322 0.55747306346893 0.05715668946505
vn 0.58481854200363 0.46319225430489 -0.66591310501099
vn 0.00184380426072 0.09925292432308 -0.99506050348282
vn -0.58219432830811 -0.3222850561142 -0.74644631147385
vn -0.48882499337196 -0.57782727479935 0.65357917547226
vn -0.69095170497894 -0.71920228004456 -0.07303275167942
vn 0.48620921373367 0.43711331486702 0.75665879249573
vn 0.69095170497894 0.71920228004456 0.07303275167942
vn 0.48882499337196 0.57782727479935 -0.65357917547226
vn -0.48620921373367 -0.43711331486702 -0.75665879249573
vn -0.39172795414925 -0.65539038181305 0.64576518535614
vn -0.55316382646561 -0.82885509729385 -0.08371989428997
vn 0.38916671276093 0.51470130681992 0.76395797729492
vn 0.55316382646561 0.82885509729385 0.08371989428997
vn 0.39172795414925 0.65539038181305 -0.64576518535614
vn -0.38916671276093 -0.51470130681992 -0.76395797729492
vn -0.28356525301933 -0.7138506770134 0.6403186917305
vn -0.40010449290276 -0.91186821460724 -0.09172120690346
vn -0.00171879027039 -0.09931483119726 0.99505460262299
vn 0.28106987476349 0.57310879230499 0.76977014541626
vn 0.40010449290276 0.91186821460724 0.09172120690346
vn 0.28356525301933 0.7138506770134 -0.6403186917305
vn 0.00171879027039 0.09931483119726 -0.99505460262299
vn -0.28106987476349 -0.57310879230499 -0.76977014541626
vn -0.16456779837608 -0.75352424383163 0.63648927211761
vn -0.23162868618965 -0.96795290708542 -0.09703279286623
vn -0.00153128162492 -0.09934579581022 0.99505180120468
vn 0.16237929463387 0.61273497343063 0.7734267115593
vn 0.23162868618965 0.96795290708542 0.09703279286623
vn 0.16456779837608 0.75352424383163 -0.63648927211761
vn 0.00153128162492 0.09934579581022 -0.99505180120468
vn -0.16237929463387 -0.61273497343063 -0.7734267115593
vn -0.04753194749355 -0.77132380008698 0.63466554880142
vn -0.06615737825632 -0.99286067485809 -0.09925169497728
vn -0.00115627085324 -0.09937679767609 0.99504917860031
vn 0.04587591812015 0.63054382801056 0.77479666471481
vn 0.06615737825632 0.99286067485809 0.09925169497728
vn 0.04753194749355 0.77132380008698 -0.63466554880142
vn 0.00115627085324 0.09937679767609 -0.99504917860031
vn -0.04587591812015 -0.63054382801056 -0.77479666471481
vn 0.06918873637915 -0.76929497718811 0.63513630628586
vn 0.09850338101387 -0.99022150039673 -0.0987846404314
vn -0.00046876308625 -0.09928402304649 0.9950590133667
vn -0.06984498351812 0.62857365608215 0.77460753917694
vn -0.09850338101387 0.99022150039673 0.0987846404314
vn -0.06918873637915 0.76929497718811 -0.63513630628586
vn 0.00046876308625 0.09928402304649 -0.9950590133667
vn 0.06984498351812 -0.62857365608215 -0.77460753917694
vn 0.19644352793694 -0.74446040391922 0.63811337947845
vn 0.27797949314117 -0.95584946870804 -0.09528493136168
vn 0.00046876157285 -0.09900245070457 0.99508708715439
vn -0.19572225213051 0.6040421128273 0.77254509925842
vn -0.27797949314117 0.95584946870804 0.09528493136168
vn -0.19644352793694 0.74446040391922 -0.63811337947845
vn -0.00046876157285 0.09900245070457 -0.99508708715439
vn 0.19572225213051 -0.6040421128273 -0.77254509925842
vn 0.33232289552689 -0.68911534547806 0.64395767450333
vn 0.46972408890724 -0.87844747304916 -0.08768849819899
vn 0.00162503239699 -0.09840820729733 0.99514478445053
vn -0.32997742295265 0.54948318004608 0.767582654953
vn -0.46972408890724 0.87844747304916 0.08768849819899
vn -0.33232289552689 0.68911534547806 -0.64395767450333
vn -0.00162503740285 0.09837725758553 -0.99514788389206
vn 0.32997742295265 -0.54948318004608 -0.767582654953
vn 0.46210739016533 -0.60039269924164 0.65267550945282
vn 0.65283441543579 -0.7537128329277 -0.07565879076719
vn 0.002718801843 -0.09743936359882 0.99523776769638
vn -0.45816442370415 0.46207073330879 0.75932604074478
vn -0.65283441543579 0.7537128329277 0.07565879076719
vn -0.46209797263145 0.60038048028946 -0.6526934504509
vn -0.002718801843 0.09743936359882 -0.99523776769638
vn 0.45819994807243 -0.46207508444786 -0.75930196046829
vn 0.57242411375046 -0.48070251941681 0.66427081823349
vn 0.80867350101471 -0.58523118495941 -0.05959501862526
vn 0.00362502457574 -0.09625065326691 0.9953505396843
vn -0.56723362207413 0.34407156705856 0.74823844432831
vn -0.80867350101471 0.58523118495941 0.05959501862526
vn -0.57245379686356 0.48066988587379 -0.66426885128021
vn -0.00359378568828 0.09621970355511 -0.99535363912582
vn 0.56726813316345 -0.34407350420952 -0.74821138381958
vn 0.6496074795723 -0.34750732779503 0.67620176076889
vn 0.91676759719849 -0.39722639322281 -0.04181330278516
vn 0.00421879859641 -0.094876088202 0.99548017978668
vn -0.53453558683395 0.19337658584118 0.82272547483444
vn -0.87199825048447 0.48692274093628 0.05025170370936
vn -0.54129683971405 0.3449786901474 -0.76680338382721
vn -0.00418756110594 0.09484513103962 -0.99548321962357
vn 0.64361816644669 -0.21285182237625 -0.73515290021896
vn 0.69352459907532 -0.2087574005127 0.6895244717598
vn 0.9791334271431 -0.20187674462795 -0.02331270091236
vn 0.00440630642697 -0.09353245049715 0.99560648202896
vn -0.59204667806625 0.01278158370405 0.80580228567123
vn 0.31237933039665 0.94245058298111 0.11918915063143
vn -0.2978817820549 -0.94699031114578 -0.12031523883343
vn -0.0043125692755 0.09350151568651 -0.99560981988907
vn -0.59901660680771 0.16184824705124 -0.78420931100845
vn 0.68733125925064 -0.07593957334757 -0.72236347198486
vn 0.7092005610466 -0.06456369161606 0.70204418897629
vn 0.999944627285 -0.00853131152689 -0.00615629414096
vn 0.0045313090086 -0.08256357908249 0.99657547473907
vn -0.7021067738533 -0.05243847519159 0.71013820171356
vn -0.99509567022324 0.09800018370152 0.01343752630055
vn -0.999944627285 0.00853131152689 0.00615629414096
vn -0.70917093753815 0.06453258544207 -0.70207703113556
vn -0.00446880981326 0.08256360143423 -0.9965757727623
vn 0.70213711261749 0.0524696521461 -0.71010595560074
vn 0.70613157749176 -0.08965708315372 0.70238149166107
vn 0.99838304519653 -0.05615670606494 -0.00881257187575
vn 0.0050626299344 -0.07056430727243 0.99749439954758
vn -0.69906920194626 -0.01059385016561 0.7149755358696
vn -0.99838304519653 0.05615670606494 0.00881257187575
vn -0.70613354444504 0.08962608128786 -0.70238345861435
vn -0.0050626299344 0.07056430727243 -0.99749439954758
vn 0.69906896352768 0.01062509790063 -0.71497529745102
vn 0.68745303153992 -0.22703638672829 0.68982809782028
vn 0.97018426656723 -0.24135072529316 -0.02218814007938
vn 0.00231251074001 -0.07968787103891 0.99681717157364
vn -0.6837397813797 0.11415976285934 0.72074091434479
vn -0.97018492221832 0.24135088920593 0.02215690538287
vn -0.6875057220459 0.22700187563896 -0.68978697061539
vn -0.00240626069717 0.07968785613775 -0.99681693315506
vn 0.68371260166168 -0.11409794539213 -0.72077643871307
vn 0.56842333078384 -0.26916435360909 0.77746093273163
vn 0.95672833919525 -0.28984662890434 -0.0256877578795
vn -0.0038750381209 -0.09653220325708 0.99532234668732
vn -0.66255044937134 0.18194277584553 0.72658360004425
vn -0.93493044376373 0.35344666242599 0.03131331130862
vn -0.6582333445549 0.31738203763962 -0.68264013528824
vn 0.00334375607781 0.0963126718998 -0.99534553289413
vn 0.5735377073288 -0.11562629789114 -0.81097787618637
vn -0.40851610898972 -0.91012960672379 -0.06912772357464
vn -0.00881265010685 -0.10450177639723 0.9944856762886
vn 0.31794264912605 -0.29116097092628 0.9022958278656
vn -0.61217784881592 0.28463500738144 0.73771351575851
vn -0.86075830459595 0.50691115856171 0.04621919617057
vn -0.60191571712494 0.43031930923462 -0.6726980805397
vn 0.00790628697723 0.10409425199032 -0.9945359826088
vn 0.3352307677269 -0.09519090503454 -0.93731480836868
vn 0.42647555470467 0.90138936042786 0.0749386921525
vn 0.58495211601257 0.80480128526688 0.10062751173973
vn -0.0118126058951 -0.10721971094608 0.99416518211365
vn 0.27194797992706 -0.35270109772682 0.8953469991684
vn -0.53379732370377 0.39269933104515 0.74889761209488
vn -0.74589347839355 0.66307896375656 0.0630015656352
vn -0.5189134478569 0.54313254356384 -0.66010290384293
vn 0.01118783093989 0.10709691792727 -0.99418562650681
vn 0.29491555690765 -0.15247355401516 -0.94327974319458
vn -0.6016965508461 -0.79348069429398 -0.09137637168169
vn -0.72935575246811 -0.68041747808456 -0.07121992111206
vn -0.01450002752244 -0.10896895825863 0.99393939971924
vn 0.33216243982315 -0.57922953367233 0.74442011117935
vn -0.44191771745682 0.47816863656044 0.75898844003677
vn -0.61223375797272 0.78686308860779 0.07756441086531
vn -0.4221031665802 0.63229537010193 -0.64963948726654
vn 0.01428166776896 0.10903444886208 -0.99393534660339
vn 0.35625910758972 -0.40441659092903 -0.84233403205872
vn 0.73169487714767 0.6782568693161 0.06775068491697
vn 0.5370722413063 -0.83932763338089 -0.08415777236223
vn 0.30875506997108 -0.70326149463654 0.64038550853729
vn 0.45582023262978 -0.88545244932175 -0.09056403487921
vn -0.0179689694196 -0.110626347363 0.99369961023331
vn -0.334262996912 0.54630249738693 0.76799857616425
vn -0.45582023262978 0.88545244932175 0.09056403487921
vn -0.30895060300827 0.7032173871994 -0.64033967256546
vn 0.01793760433793 0.11068814992905 -0.99369329214096
vn 0.3343808054924 -0.54616570472717 -0.76804459095001
vn 0.18913099169731 -0.7509925365448 0.63264501094818
vn 0.2899449467659 -0.95171195268631 -0.10087759047747
vn -0.02187550626695 -0.11178383231163 0.99349176883698
vn -0.22013007104397 0.59248238801956 0.77492409944534
vn -0.2899449467659 0.95171195268631 0.10087759047747
vn -0.18916042149067 0.75101655721664 -0.63260769844055
vn 0.02187535353005 0.1118455529213 -0.99348479509354
vn 0.22012881934643 -0.59244775772095 -0.77495092153549
vn 0.06622092425823 -0.77605670690536 0.62717682123184
vn 0.11975369602442 -0.98684293031692 -0.10862835496664
vn -0.02581323496997 -0.11228444427252 0.99334079027176
vn -0.10278340429068 0.61682546138763 0.7803601026535
vn -0.11975369602442 0.98684293031692 0.10862835496664
vn -0.06622092425823 0.77605670690536 -0.62717682123184
vn 0.02581323496997 0.11228444427252 -0.99334079027176
vn 0.10281630605459 -0.61680406332016 -0.78037267923355
vn -0.03800050541759 -0.78129160404205 0.62300831079483
vn -0.02462579868734 -0.99328225851059 -0.11306616663933
vn -0.02909386530519 -0.11225044727325 0.99325394630432
vn -0.00318753090687 0.62231850624084 0.78275763988495
vn 0.02462579868734 0.99328225851059 0.11306616663933
vn 0.03800050541759 0.78129160404205 -0.62300831079483
vn 0.02909386530519 0.11225044727325 -0.99325394630432
vn 0.00318753090687 -0.62231850624084 -0.78275763988495
vn -0.0784395635128 -0.77948927879334 0.62148505449295
vn -0.08056411892176 -0.99017608165741 -0.11428354680538
vn -0.03034400381148 -0.11215718835592 0.99322706460953
vn 0.03550083190203 0.62082701921463 0.78314334154129
vn 0.08056411892176 0.99017608165741 0.11428354680538
vn 0.0784395635128 0.77948927879334 -0.62148505449295
vn 0.03034400381148 0.11215718835592 -0.99322706460953
vn -0.03550083190203 -0.62082701921463 -0.78314334154129
vn -0.99704277515411 -0.07646963000298 -0.00762508809566
vn 0.99628579616547 -0.08350037783384 0.02103134430945
# 315 normals

vt 0.97283202409744 0.00559890270233 0
vt 0.97116041183472 0.00558233261108 0
vt 0.97120469808578 0.0138087272644 0
vt 0.97290110588074 0.01386880874634 0
vt 0.96944642066956 0.00548911094666 0
vt 0.96950221061707 0.01362812519073 0
vt 0.9831286072731 0.0049135684967 0
vt 0.98137879371643 0.0048828125 0
vt 0.98157757520676 0.01279199123383 0
vt 0.98331791162491 0.01287138462067 0
vt 0.97961491346359 0.00493311882019 0
vt 0.97981607913971 0.01281547546387 0
vt 0.97786527872086 0.00508379936218 0
vt 0.9780552983284 0.01300513744354 0
vt 0.97615420818329 0.00529730319977 0
vt 0.97631669044495 0.01333582401276 0
vt 0.97448462247849 0.00549471378326 0
vt 0.97460490465164 0.01368463039398 0
vt 0.97103631496429 0.01604163646698 0
vt 0.97285687923431 0.01619756221771 0
vt 0.96939551830292 0.01567542552948 0
vt 0.98160392045975 0.01504778862 0
vt 0.98325371742249 0.01527035236359 0
vt 0.97988742589951 0.01497948169708 0
vt 0.97816801071167 0.01514375209808 0
vt 0.9764524102211 0.01552581787109 0
vt 0.97470551729202 0.01598978042603 0
vt 0.9709067940712 0.01702797412872 0
vt 0.97284948825836 0.01718902587891 0
vt 0.96916747093201 0.01660120487213 0
vt 0.98154067993164 0.01629555225372 0
vt 0.98321902751923 0.01656031608582 0
vt 0.97990560531616 0.01618504524231 0
vt 0.97824478149414 0.01630342006683 0
vt 0.97656559944153 0.01662743091583 0
vt 0.9747948050499 0.01705050468445 0
vt 0.9708297252655 0.01760149002075 0
vt 0.97284501791 0.01767992973328 0
vt 0.9689975976944 0.0172700881958 0
vt 0.98148161172867 0.01726138591766 0
vt 0.98317009210587 0.01750755310059 0
vt 0.97989052534103 0.01717352867126 0
vt 0.97829967737198 0.01721274852753 0
vt 0.97664350271225 0.0174161195755 0
vt 0.97484350204468 0.0176842212677 0
vt 0.9708064198494 0.0178542137146 0
vt 0.97284418344498 0.01779139041901 0
vt 0.96893572807312 0.01774597167969 0
vt 0.98143637180328 0.01802504062653 0
vt 0.9830824136734 0.01816284656525 0
vt 0.97987478971481 0.01795339584351 0
vt 0.97831398248672 0.01792895793915 0
vt 0.97668617963791 0.01795947551727 0
vt 0.97485947608948 0.01796865463257 0
vt 0.97080790996552 0.01793885231018 0
vt 0.97284388542175 0.01784229278564 0
vt 0.96893972158432 0.01804804801941 0
vt 0.98141551017761 0.01856625080109 0
vt 0.98305511474609 0.01858055591583 0
vt 0.97985810041428 0.01852309703827 0
vt 0.97830301523209 0.01843082904816 0
vt 0.97668468952179 0.01830279827118 0
vt 0.97485649585724 0.01806426048279 0
vt 0.97080731391907 0.01801252365112 0
vt 0.97284287214279 0.01805019378662 0
vt 0.96894592046738 0.01819574832916 0
vt 0.98141229152679 0.01892173290253 0
vt 0.98306119441986 0.01878678798676 0
vt 0.97984302043915 0.01891303062439 0
vt 0.97828340530396 0.01875805854797 0
vt 0.97667342424393 0.01847124099731 0
vt 0.97485589981079 0.01814532279968 0
vt 0.97081387042999 0.01811110973358 0
vt 0.97284269332886 0.0180766582489 0
vt 0.96900081634521 0.01848661899567 0
vt 0.98142570257187 0.01945126056671 0
vt 0.98310470581055 0.01919984817505 0
vt 0.97981661558151 0.01946175098419 0
vt 0.97823202610016 0.01924288272858 0
vt 0.97662287950516 0.01880359649658 0
vt 0.97484821081162 0.01825594902039 0
vt 0.97092598676682 0.01905977725983 0
vt 0.9728410243988 0.01895248889923 0
vt 0.96915400028229 0.01951861381531 0
vt 0.98142248392105 0.02083551883698 0
vt 0.98309600353241 0.02059185504913 0
vt 0.97976887226105 0.02083671092987 0
vt 0.97812652587891 0.02053415775299 0
vt 0.97647070884705 0.01996695995331 0
vt 0.97473692893982 0.01929473876953 0
vt 0.97106009721756 0.02183222770691 0
vt 0.97276318073273 0.02184581756592 0
vt 0.96938812732697 0.02200818061829 0
vt 0.98136478662491 0.02366745471954 0
vt 0.98304921388626 0.02354145050049 0
vt 0.97965562343597 0.02361857891083 0
vt 0.97792637348175 0.02328217029572 0
vt 0.97620129585266 0.02272975444794 0
vt 0.9744827747345 0.02217090129852 0
vt 0.97084218263626 0.0276198387146 0
vt 0.97251290082932 0.02764558792114 0
vt 0.96915030479431 0.0277795791626 0
vt 0.98124527931213 0.02946376800537 0
vt 0.98300850391388 0.0291862487793 0
vt 0.97937560081482 0.02956402301788 0
vt 0.97753888368607 0.02914261817932 0
vt 0.97582858800888 0.02849400043488 0
vt 0.97417771816254 0.02794337272644 0
vt 0.9708446264267 0.02868807315826 0
vt 0.97244161367416 0.02874898910522 0
vt 0.96912240982056 0.02872908115387 0
vt 0.9812844991684 0.02991485595703 0
vt 0.98311948776245 0.02983856201172 0
vt 0.9793673157692 0.02989149093628 0
vt 0.97747260332108 0.02962219715118 0
vt 0.9756994843483 0.0292454957962 0
vt 0.9740297794342 0.02894186973572 0
vt 0.97077482938766 0.02978909015656 0
vt 0.97238367795944 0.02988576889038 0
vt 0.96909821033478 0.02969634532928 0
vt 0.98127859830856 0.03037106990814 0
vt 0.98308718204498 0.03053939342499 0
vt 0.97935831546783 0.03020906448364 0
vt 0.97744351625442 0.03011667728424 0
vt 0.97565281391144 0.03004789352417 0
vt 0.97398787736893 0.0299756526947 0
vt 0.97070109844208 0.03087878227234 0
vt 0.9723442196846 0.03098380565643 0
vt 0.96903967857361 0.03072357177734 0
vt 0.98121917247772 0.03100323677063 0
vt 0.98296451568604 0.03129839897156 0
vt 0.97934180498123 0.03078305721283 0
vt 0.97744989395142 0.03080332279205 0
vt 0.97567188739777 0.03092539310455 0
vt 0.97398942708969 0.03100144863129 0
vt 0.97062760591507 0.03200876712799 0
vt 0.97231507301331 0.03210377693176 0
vt 0.96898859739304 0.03183507919312 0
vt 0.9811292886734 0.03181314468384 0
vt 0.98279577493668 0.03213441371918 0
vt 0.97931987047195 0.03158974647522 0
vt 0.97747808694839 0.03167164325714 0
vt 0.97571551799774 0.03190100193024 0
vt 0.9740064740181 0.03206968307495 0
vt 0.97057318687439 0.0337723493576 0
vt 0.97229731082916 0.03382623195648 0
vt 0.96886467933655 0.03365707397461 0
vt 0.98097270727158 0.03341674804688 0
vt 0.98266190290451 0.03365659713745 0
vt 0.97925060987473 0.03326117992401 0
vt 0.97750252485275 0.03334891796112 0
vt 0.97576457262039 0.03357326984406 0
vt 0.97403067350388 0.03375995159149 0
vt 0.97054159641266 0.03707337379456 0
vt 0.97228127717972 0.03707492351532 0
vt 0.96881079673767 0.0370397567749 0
vt 0.9808583855629 0.03680598735809 0
vt 0.98256987333298 0.03691327571869 0
vt 0.9791601896286 0.03674471378326 0
vt 0.97746151685715 0.03678917884827 0
vt 0.97575002908707 0.03690552711487 0
vt 0.97402131557465 0.03701722621918 0
vt 0.97051012516022 0.04247546195984 0
vt 0.97224122285843 0.04250872135162 0
vt 0.96878719329834 0.04237496852875 0
vt 0.98080271482468 0.04220485687256 0
vt 0.98251289129257 0.04233396053314 0
vt 0.97909992933273 0.04214298725128 0
vt 0.97739708423614 0.04219019412994 0
vt 0.97568941116333 0.04231905937195 0
vt 0.97397071123123 0.04244899749756 0
vt 0.97037839889526 0.05763971805573 0
vt 0.97210538387299 0.05763387680054 0
vt 0.96866089105606 0.05774176120758 0
vt 0.98061567544937 0.05828845500946 0
vt 0.98232048749924 0.05813407897949 0
vt 0.97891700267792 0.05833303928375 0
vt 0.97722309827805 0.05820965766907 0
vt 0.97553169727325 0.05797946453094 0
vt 0.97382801771164 0.05775761604309 0
vt 0.97030878067017 0.06202948093414 0
vt 0.97203481197357 0.06206035614014 0
vt 0.96858978271484 0.06203830242157 0
vt 0.98058617115021 0.06250131130219 0
vt 0.98228180408478 0.06232523918152 0
vt 0.97888761758804 0.06260097026825 0
vt 0.97718280553818 0.0625239610672 0
vt 0.97547441720963 0.06234002113342 0
vt 0.9737588763237 0.0621680021286 0
vt 0.9702987074852 0.06454038619995 0
vt 0.97200220823288 0.0645272731781 0
vt 0.96859049797058 0.06461429595947 0
vt 0.98071348667145 0.06485104560852 0
vt 0.9824275970459 0.06452071666718 0
vt 0.97892278432846 0.06506729125977 0
vt 0.97714251279831 0.06501734256744 0
vt 0.975406229496 0.06480693817139 0
vt 0.97370332479477 0.06462240219116 0
vt 0.970343708992 0.0662614107132 0
vt 0.97200381755829 0.06621921062469 0
vt 0.96863800287247 0.06636810302734 0
vt 0.98087191581726 0.06621384620667 0
vt 0.98264491558075 0.06584799289703 0
vt 0.97898238897324 0.06649303436279 0
vt 0.97707438468933 0.06649720668793 0
vt 0.97532087564468 0.06637728214264 0
vt 0.97366350889206 0.06626403331757 0
vt 0.97040820121765 0.06741988658905 0
vt 0.97202229499817 0.06738889217377 0
vt 0.96868020296097 0.06746733188629 0
vt 0.98094350099564 0.06686162948608 0
vt 0.98277509212494 0.06663846969604 0
vt 0.97901117801666 0.06707394123077 0
vt 0.97708290815353 0.0672208070755 0
vt 0.97529917955399 0.06730973720551 0
vt 0.97362530231476 0.0673588514328 0
vt 0.97045028209686 0.06851923465729 0
vt 0.97206628322601 0.06849682331085 0
vt 0.96879410743713 0.06851327419281 0
vt 0.98098731040955 0.06746792793274 0
vt 0.98281282186508 0.06739854812622 0
vt 0.97904008626938 0.06761956214905 0
vt 0.97710078954697 0.06789863109589 0
vt 0.97530788183212 0.06818723678589 0
vt 0.97366100549698 0.06839001178741 0
vt 0.97048717737198 0.06920218467712 0
vt 0.9720938205719 0.06921696662903 0
vt 0.96879529953003 0.06903910636902 0
vt 0.98098337650299 0.0676017999649 0
vt 0.98280149698257 0.06776762008667 0
vt 0.97904187440872 0.06763637065887 0
vt 0.97711849212646 0.06804227828979 0
vt 0.97535389661789 0.06861579418182 0
vt 0.97370141744614 0.06903052330017 0
vt 0.97048377990723 0.07031846046448 0
vt 0.97216218709946 0.0703147649765 0
vt 0.96880060434341 0.07013177871704 0
vt 0.98092639446259 0.06828045845032 0
vt 0.98266512155533 0.06850183010101 0
vt 0.97907680273056 0.06827282905579 0
vt 0.97723287343979 0.06873691082001 0
vt 0.97549951076508 0.06945013999939 0
vt 0.97382670640945 0.07002449035645 0
vt 0.9707847237587 0.07846617698669 0
vt 0.97263038158417 0.07842290401459 0
vt 0.96906971931458 0.07824218273163 0
vt 0.98115819692612 0.0763875246048 0
vt 0.98283332586288 0.07656109333038 0
vt 0.97949212789536 0.07637715339661 0
vt 0.97783118486404 0.07664465904236 0
vt 0.97616529464722 0.0772078037262 0
vt 0.97446101903915 0.0779447555542 0
vt 0.97075760364532 0.0788676738739 0
vt 0.97265440225601 0.07874381542206 0
vt 0.96902477741241 0.07871961593628 0
vt 0.98117810487747 0.07720255851746 0
vt 0.98282110691071 0.07732391357422 0
vt 0.97952860593796 0.0771951675415 0
vt 0.97788751125336 0.07742321491241 0
vt 0.97625571489334 0.07785165309906 0
vt 0.9745414853096 0.07840692996979 0
vt 0.97071421146393 0.07965672016144 0
vt 0.97270452976227 0.07958674430847 0
vt 0.96886938810349 0.07937788963318 0
vt 0.98117071390152 0.07810628414154 0
vt 0.98283088207245 0.07831656932831 0
vt 0.9795795083046 0.07809555530548 0
vt 0.97800439596176 0.07829165458679 0
vt 0.97640162706375 0.07871329784393 0
vt 0.97465819120407 0.0793331861496 0
vt 0.97070759534836 0.07973492145538 0
vt 0.97270631790161 0.07962763309479 0
vt 0.96881592273712 0.07964372634888 0
vt 0.98116552829742 0.0786224603653 0
vt 0.9828222990036 0.07870376110077 0
vt 0.97961068153381 0.07865309715271 0
vt 0.97806757688522 0.07878410816193 0
vt 0.97645717859268 0.07905328273773 0
vt 0.9746732711792 0.07945239543915 0
vt 0.97070807218552 0.07977879047394 0
vt 0.97271287441254 0.07973563671112 0
vt 0.96881240606308 0.07992470264435 0
vt 0.98119008541107 0.07918012142181 0
vt 0.9828252196312 0.0791050195694 0
vt 0.97964471578598 0.07924437522888 0
vt 0.97809910774231 0.07930946350098 0
vt 0.97648698091507 0.07939600944519 0
vt 0.97468000650406 0.07952094078064 0
vt 0.97071450948715 0.07986032962799 0
vt 0.97271662950516 0.07978975772858 0
vt 0.96885120868683 0.08021581172943 0
vt 0.9812343120575 0.07973229885101 0
vt 0.98287737369537 0.0795214176178 0
vt 0.97966402769089 0.07982814311981 0
vt 0.9781054854393 0.07982909679413 0
vt 0.97648668289185 0.0797530412674 0
vt 0.974684715271 0.07963109016418 0
vt 0.97076547145844 0.0801864862442 0
vt 0.97272622585297 0.08002614974976 0
vt 0.96895778179169 0.08068299293518 0
vt 0.98130011558533 0.08047771453857 0
vt 0.98299610614777 0.08019292354584 0
vt 0.97967338562012 0.08058619499207 0
vt 0.97808468341827 0.08052444458008 0
vt 0.97645002603531 0.08031952381134 0
vt 0.97467958927155 0.08002150058746 0
vt 0.97087919712067 0.08084750175476 0
vt 0.97275549173355 0.0806599855423 0
vt 0.96915459632874 0.08134126663208 0
vt 0.98138290643692 0.08144950866699 0
vt 0.98308420181274 0.08118295669556 0
vt 0.97969752550125 0.08155071735382 0
vt 0.97801947593689 0.08144998550415 0
vt 0.97636938095093 0.0811505317688 0
vt 0.97464567422867 0.08077251911163 0
vt 0.97106629610062 0.08219420909882 0
vt 0.97280311584473 0.08206105232239 0
vt 0.96938180923462 0.0824556350708 0
vt 0.9814493060112 0.08294308185577 0
vt 0.98316717147827 0.08282470703125 0
vt 0.9797061085701 0.08298027515411 0
vt 0.97796332836151 0.08285689353943 0
vt 0.97624439001083 0.08258092403412 0
vt 0.97453832626343 0.08224081993103 0
vt 0.97123539447784 0.09153258800507 0
vt 0.97290050983429 0.09154450893402 0
vt 0.96955049037933 0.09159398078918 0
vt 0.98150360584259 0.09187936782837 0
vt 0.98322319984436 0.09182965755463 0
vt 0.97976589202881 0.09189713001251 0
vt 0.97802138328552 0.09185421466827 0
vt 0.97628682851791 0.09175324440002 0
vt 0.97457838058472 0.09163081645966 0
vt 0.97127068042755 0.09350728988647 0
vt 0.9728924036026 0.09350538253784 0
vt 0.96960371732712 0.09360027313232 0
vt 0.98157888650894 0.09398949146271 0
vt 0.98331791162491 0.09388339519501 0
vt 0.97979462146759 0.09403514862061 0
vt 0.97799760103226 0.09397113323212 0
vt 0.97623288631439 0.09381031990051 0
vt 0.97453212738037 0.09362387657166 0
vt 0.51868349313736 0.0089955329895 0
vt 0.51988649368286 0.00778925418854 0
vt 0.51697999238968 0.0089955329895 0
vt 0.51988649368286 0.00608575344086 0
vt 0.51868027448654 0.0048828125 0
vt 0.51697671413422 0.0048828125 0
vt 0.51577377319336 0.00608897209167 0
vt 0.51577377319336 0.00779259204865 0
vt 0.78837782144547 0.02484405040741 0
vt 0.78717482089996 0.02605032920837 0
vt 0.78547132015228 0.02605032920837 0
vt 0.78426510095596 0.02314376831055 0
vt 0.78717160224915 0.02193760871887 0
vt 0.78837782144547 0.02314054965973 0
vt 0.78426510095596 0.02484738826752 0
vt 0.78546798229218 0.02193760871887 0
# 358 texture coordinates

o Hend_right
usemtl default
f 1602/2413/1319 1603/2412/1318 1595/2411/1317 1594/2410/1316
f 1603/2412/1318 1604/2415/1321 1596/2414/1320 1595/2411/1317
f 1604/2419/1321 1605/2418/1323 1597/2417/1322 1596/2416/1320
f 1605/2418/1323 1606/2421/1325 1598/2420/1324 1597/2417/1322
f 1606/2421/1325 1607/2423/1327 1599/2422/1326 1598/2420/1324
f 1607/2423/1327 1608/2425/1329 1600/2424/1328 1599/2422/1326
f 1608/2425/1329 1609/2427/1331 1601/2426/1330 1600/2424/1328
f 1609/2427/1331 1602/2413/1319 1594/2410/1316 1601/2426/1330
f 1610/2429/1333 1611/2428/1332 1603/2412/1318 1602/2413/1319
f 1611/2428/1332 1612/2430/1334 1604/2415/1321 1603/2412/1318
f 1612/2432/1334 1613/2431/1335 1605/2418/1323 1604/2419/1321
f 1613/2431/1335 1614/2433/1336 1606/2421/1325 1605/2418/1323
f 1614/2433/1336 1615/2434/1337 1607/2423/1327 1606/2421/1325
f 1615/2434/1337 1616/2435/1338 1608/2425/1329 1607/2423/1327
f 1616/2435/1338 1617/2436/1339 1609/2427/1331 1608/2425/1329
f 1617/2436/1339 1610/2429/1333 1602/2413/1319 1609/2427/1331
f 1618/2438/1341 1619/2437/1340 1611/2428/1332 1610/2429/1333
f 1619/2437/1340 1620/2439/1342 1612/2430/1334 1611/2428/1332
f 1620/2441/1342 1621/2440/1343 1613/2431/1335 1612/2432/1334
f 1621/2440/1343 1622/2442/1344 1614/2433/1336 1613/2431/1335
f 1622/2442/1344 1623/2443/1345 1615/2434/1337 1614/2433/1336
f 1623/2443/1345 1624/2444/1346 1616/2435/1338 1615/2434/1337
f 1624/2444/1346 1625/2445/1347 1617/2436/1339 1616/2435/1338
f 1625/2445/1347 1618/2438/1341 1610/2429/1333 1617/2436/1339
f 1626/2447/1349 1627/2446/1348 1619/2437/1340 1618/2438/1341
f 1627/2446/1348 1628/2448/1350 1620/2439/1342 1619/2437/1340
f 1628/2450/1350 1629/2449/1351 1621/2440/1343 1620/2441/1342
f 1629/2449/1351 1630/2451/1352 1622/2442/1344 1621/2440/1343
f 1630/2451/1352 1631/2452/1353 1623/2443/1345 1622/2442/1344
f 1631/2452/1353 1632/2453/1354 1624/2444/1346 1623/2443/1345
f 1632/2453/1354 1633/2454/1355 1625/2445/1347 1624/2444/1346
f 1633/2454/1355 1626/2447/1349 1618/2438/1341 1625/2445/1347
f 1634/2456/1357 1635/2455/1356 1627/2446/1348 1626/2447/1349
f 1635/2455/1356 1636/2457/1358 1628/2448/1350 1627/2446/1348
f 1636/2459/1358 1637/2458/1359 1629/2449/1351 1628/2450/1350
f 1637/2458/1359 1638/2460/1360 1630/2451/1352 1629/2449/1351
f 1638/2460/1360 1639/2461/1361 1631/2452/1353 1630/2451/1352
f 1639/2461/1361 1640/2462/1362 1632/2453/1354 1631/2452/1353
f 1640/2462/1362 1641/2463/1363 1633/2454/1355 1632/2453/1354
f 1641/2463/1363 1634/2456/1357 1626/2447/1349 1633/2454/1355
f 1642/2465/1364 1643/2464/1364 1635/2455/1364 1634/2456/1364
f 1643/2464/1366 1644/2466/1365 1636/2457/1358 1635/2455/1356
f 1644/2468/1365 1645/2467/1367 1637/2458/1359 1636/2459/1358
f 1645/2467/1367 1646/2469/1368 1638/2460/1360 1637/2458/1359
f 1646/2469/1368 1647/2470/1369 1639/2461/1361 1638/2460/1360
f 1647/2470/1369 1648/2471/1370 1640/2462/1362 1639/2461/1361
f 1648/2471/1370 1649/2472/1371 1641/2463/1363 1640/2462/1362
f 1649/2472/1372 1642/2465/1372 1634/2456/1372 1641/2463/1372
f 1650/2474/1373 1651/2473/1374 1643/2464/1374 1642/2465/1373
f 1651/2473/1375 1652/2475/1375 1644/2466/1375 1643/2464/1375
f 1652/2477/1377 1653/2476/1376 1645/2467/1367 1644/2468/1365
f 1653/2476/1376 1654/2478/1378 1646/2469/1368 1645/2467/1367
f 1654/2478/1378 1655/2479/1379 1647/2470/1369 1646/2469/1368
f 1655/2479/1379 1656/2480/1380 1648/2471/1370 1647/2470/1369
f 1656/2480/1381 1657/2481/1381 1649/2472/1381 1648/2471/1381
f 1657/2481/1382 1650/2474/1373 1642/2465/1373 1649/2472/1382
f 1658/2483/1383 1659/2482/1383 1651/2473/1383 1650/2474/1383
f 1659/2482/1386 1660/2484/1385 1652/2475/1377 1651/2473/1384
f 1660/2486/1385 1661/2485/1387 1653/2476/1376 1652/2477/1377
f 1661/2485/1387 1662/2487/1388 1654/2478/1378 1653/2476/1376
f 1662/2487/1388 1663/2488/1389 1655/2479/1379 1654/2478/1378
f 1663/2488/1389 1664/2489/1390 1656/2480/1380 1655/2479/1379
f 1664/2489/1390 1665/2490/1392 1657/2481/1391 1656/2480/1380
f 1665/2490/1393 1658/2483/1393 1650/2474/1393 1657/2481/1393
f 1666/2492/1396 1667/2491/1395 1659/2482/1386 1658/2483/1394
f 1667/2491/1395 1668/2493/1397 1660/2484/1385 1659/2482/1386
f 1668/2495/1397 1669/2494/1398 1661/2485/1387 1660/2486/1385
f 1669/2494/1398 1670/2496/1399 1662/2487/1388 1661/2485/1387
f 1670/2496/1399 1671/2497/1400 1663/2488/1389 1662/2487/1388
f 1671/2497/1400 1672/2498/1401 1664/2489/1390 1663/2488/1389
f 1672/2498/1401 1673/2499/1402 1665/2490/1392 1664/2489/1390
f 1673/2499/1402 1666/2492/1396 1658/2483/1394 1665/2490/1392
f 1674/2501/1404 1675/2500/1403 1667/2491/1395 1666/2492/1396
f 1675/2500/1403 1676/2502/1405 1668/2493/1397 1667/2491/1395
f 1676/2504/1405 1677/2503/1406 1669/2494/1398 1668/2495/1397
f 1677/2503/1406 1678/2505/1407 1670/2496/1399 1669/2494/1398
f 1678/2505/1407 1679/2506/1408 1671/2497/1400 1670/2496/1399
f 1679/2506/1408 1680/2507/1409 1672/2498/1401 1671/2497/1400
f 1680/2507/1409 1681/2508/1410 1673/2499/1402 1672/2498/1401
f 1681/2508/1410 1674/2501/1404 1666/2492/1396 1673/2499/1402
f 1682/2510/1412 1683/2509/1411 1675/2500/1403 1674/2501/1404
f 1683/2509/1411 1684/2511/1413 1676/2502/1405 1675/2500/1403
f 1684/2513/1413 1685/2512/1414 1677/2503/1406 1676/2504/1405
f 1685/2512/1414 1686/2514/1415 1678/2505/1407 1677/2503/1406
f 1686/2514/1415 1687/2515/1416 1679/2506/1408 1678/2505/1407
f 1687/2515/1416 1688/2516/1417 1680/2507/1409 1679/2506/1408
f 1688/2516/1417 1689/2517/1418 1681/2508/1410 1680/2507/1409
f 1689/2517/1418 1682/2510/1412 1674/2501/1404 1681/2508/1410
f 1690/2519/1420 1691/2518/1419 1683/2509/1411 1682/2510/1412
f 1691/2518/1419 1692/2520/1421 1684/2511/1413 1683/2509/1411
f 1692/2522/1421 1693/2521/1422 1685/2512/1414 1684/2513/1413
f 1693/2521/1422 1694/2523/1423 1686/2514/1415 1685/2512/1414
f 1694/2523/1423 1695/2524/1424 1687/2515/1416 1686/2514/1415
f 1695/2524/1424 1696/2525/1425 1688/2516/1417 1687/2515/1416
f 1696/2525/1425 1697/2526/1426 1689/2517/1418 1688/2516/1417
f 1697/2526/1426 1690/2519/1420 1682/2510/1412 1689/2517/1418
f 1698/2528/1428 1699/2527/1427 1691/2518/1419 1690/2519/1420
f 1699/2527/1427 1700/2529/1429 1692/2520/1421 1691/2518/1419
f 1700/2531/1429 1701/2530/1430 1693/2521/1422 1692/2522/1421
f 1701/2530/1430 1702/2532/1431 1694/2523/1423 1693/2521/1422
f 1702/2532/1431 1703/2533/1432 1695/2524/1424 1694/2523/1423
f 1703/2533/1432 1704/2534/1433 1696/2525/1425 1695/2524/1424
f 1704/2534/1433 1705/2535/1434 1697/2526/1426 1696/2525/1425
f 1705/2535/1434 1698/2528/1428 1690/2519/1420 1697/2526/1426
f 1706/2537/1436 1707/2536/1435 1699/2527/1427 1698/2528/1428
f 1707/2536/1435 1708/2538/1429 1700/2529/1429 1699/2527/1427
f 1708/2540/1429 1709/2539/1437 1701/2530/1430 1700/2531/1429
f 1709/2539/1437 1710/2541/1438 1702/2532/1431 1701/2530/1430
f 1710/2541/1438 1711/2542/1439 1703/2533/1432 1702/2532/1431
f 1711/2542/1439 1712/2543/1433 1704/2534/1433 1703/2533/1432
f 1712/2543/1433 1713/2544/1440 1705/2535/1434 1704/2534/1433
f 1713/2544/1440 1706/2537/1436 1698/2528/1428 1705/2535/1434
f 1714/2546/1442 1715/2545/1441 1707/2536/1435 1706/2537/1436
f 1715/2545/1441 1716/2547/1413 1708/2538/1429 1707/2536/1435
f 1716/2549/1413 1717/2548/1443 1709/2539/1437 1708/2540/1429
f 1717/2548/1443 1718/2550/1444 1710/2541/1438 1709/2539/1437
f 1718/2550/1444 1719/2551/1445 1711/2542/1439 1710/2541/1438
f 1719/2551/1445 1720/2552/1417 1712/2543/1433 1711/2542/1439
f 1720/2552/1417 1721/2553/1446 1713/2544/1440 1712/2543/1433
f 1721/2553/1446 1714/2546/1442 1706/2537/1436 1713/2544/1440
f 1722/2555/1448 1723/2554/1447 1715/2545/1441 1714/2546/1442
f 1723/2554/1447 1724/2556/1449 1716/2547/1413 1715/2545/1441
f 1724/2558/1449 1725/2557/1450 1717/2548/1443 1716/2549/1413
f 1725/2557/1450 1726/2559/1451 1718/2550/1444 1717/2548/1443
f 1726/2559/1451 1727/2560/1452 1719/2551/1445 1718/2550/1444
f 1727/2560/1452 1728/2561/1453 1720/2552/1417 1719/2551/1445
f 1728/2561/1453 1729/2562/1454 1721/2553/1446 1720/2552/1417
f 1729/2562/1454 1722/2555/1448 1714/2546/1442 1721/2553/1446
f 1730/2564/1456 1731/2563/1455 1723/2554/1447 1722/2555/1448
f 1731/2563/1455 1732/2565/1457 1724/2556/1449 1723/2554/1447
f 1732/2567/1457 1733/2566/1458 1725/2557/1450 1724/2558/1449
f 1733/2566/1458 1734/2568/1459 1726/2559/1451 1725/2557/1450
f 1734/2568/1459 1735/2569/1460 1727/2560/1452 1726/2559/1451
f 1735/2569/1460 1736/2570/1461 1728/2561/1453 1727/2560/1452
f 1736/2570/1461 1737/2571/1462 1729/2562/1454 1728/2561/1453
f 1737/2571/1462 1730/2564/1456 1722/2555/1448 1729/2562/1454
f 1738/2573/1464 1739/2572/1463 1731/2563/1455 1730/2564/1456
f 1739/2572/1463 1740/2574/1465 1732/2565/1457 1731/2563/1455
f 1740/2576/1465 1741/2575/1466 1733/2566/1458 1732/2567/1457
f 1741/2575/1466 1742/2577/1467 1734/2568/1459 1733/2566/1458
f 1742/2577/1467 1743/2578/1468 1735/2569/1460 1734/2568/1459
f 1743/2578/1468 1744/2579/1469 1736/2570/1461 1735/2569/1460
f 1744/2579/1469 1745/2580/1470 1737/2571/1462 1736/2570/1461
f 1745/2580/1470 1738/2573/1464 1730/2564/1456 1737/2571/1462
f 1746/2582/1472 1747/2581/1471 1739/2572/1463 1738/2573/1464
f 1747/2581/1471 1748/2583/1473 1740/2574/1465 1739/2572/1463
f 1748/2585/1473 1749/2584/1474 1741/2575/1466 1740/2576/1465
f 1749/2584/1474 1750/2586/1475 1742/2577/1467 1741/2575/1466
f 1750/2586/1475 1751/2587/1476 1743/2578/1468 1742/2577/1467
f 1751/2587/1476 1752/2588/1477 1744/2579/1469 1743/2578/1468
f 1752/2588/1477 1753/2589/1478 1745/2580/1470 1744/2579/1469
f 1753/2589/1478 1746/2582/1472 1738/2573/1464 1745/2580/1470
f 1754/2591/1480 1755/2590/1479 1747/2581/1471 1746/2582/1472
f 1755/2590/1479 1756/2592/1481 1748/2583/1473 1747/2581/1471
f 1756/2594/1481 1757/2593/1482 1749/2584/1474 1748/2585/1473
f 1757/2593/1482 1758/2595/1483 1750/2586/1475 1749/2584/1474
f 1758/2595/1483 1759/2596/1484 1751/2587/1476 1750/2586/1475
f 1759/2596/1484 1760/2597/1485 1752/2588/1477 1751/2587/1476
f 1760/2597/1485 1761/2598/1486 1753/2589/1478 1752/2588/1477
f 1761/2598/1486 1754/2591/1480 1746/2582/1472 1753/2589/1478
f 1762/2600/1488 1763/2599/1487 1755/2590/1479 1754/2591/1480
f 1763/2599/1487 1764/2601/1489 1756/2592/1481 1755/2590/1479
f 1764/2603/1489 1765/2602/1490 1757/2593/1482 1756/2594/1481
f 1765/2602/1490 1766/2604/1491 1758/2595/1483 1757/2593/1482
f 1766/2604/1491 1767/2605/1492 1759/2596/1484 1758/2595/1483
f 1767/2605/1492 1768/2606/1493 1760/2597/1485 1759/2596/1484
f 1768/2606/1493 1769/2607/1494 1761/2598/1486 1760/2597/1485
f 1769/2607/1494 1762/2600/1488 1754/2591/1480 1761/2598/1486
f 1770/2609/1496 1771/2608/1495 1763/2599/1487 1762/2600/1488
f 1771/2608/1495 1772/2610/1497 1764/2601/1489 1763/2599/1487
f 1772/2612/1497 1773/2611/1498 1765/2602/1490 1764/2603/1489
f 1773/2611/1498 1774/2613/1499 1766/2604/1491 1765/2602/1490
f 1774/2613/1499 1775/2614/1500 1767/2605/1492 1766/2604/1491
f 1775/2614/1500 1776/2615/1501 1768/2606/1493 1767/2605/1492
f 1776/2615/1501 1777/2616/1502 1769/2607/1494 1768/2606/1493
f 1777/2616/1502 1770/2609/1496 1762/2600/1488 1769/2607/1494
f 1778/2618/1504 1779/2617/1503 1771/2608/1495 1770/2609/1496
f 1779/2617/1503 1780/2619/1505 1772/2610/1497 1771/2608/1495
f 1780/2621/1505 1781/2620/1506 1773/2611/1498 1772/2612/1497
f 1781/2620/1506 1782/2622/1507 1774/2613/1499 1773/2611/1498
f 1782/2622/1507 1783/2623/1508 1775/2614/1500 1774/2613/1499
f 1783/2623/1508 1784/2624/1509 1776/2615/1501 1775/2614/1500
f 1784/2624/1509 1785/2625/1510 1777/2616/1502 1776/2615/1501
f 1785/2625/1510 1778/2618/1504 1770/2609/1496 1777/2616/1502
f 1786/2627/1512 1787/2626/1511 1779/2617/1503 1778/2618/1504
f 1787/2626/1511 1788/2628/1513 1780/2619/1505 1779/2617/1503
f 1788/2630/1513 1789/2629/1514 1781/2620/1506 1780/2621/1505
f 1789/2629/1514 1790/2631/1515 1782/2622/1507 1781/2620/1506
f 1790/2631/1515 1791/2632/1516 1783/2623/1508 1782/2622/1507
f 1791/2632/1516 1792/2633/1517 1784/2624/1509 1783/2623/1508
f 1792/2633/1517 1793/2634/1518 1785/2625/1510 1784/2624/1509
f 1793/2634/1518 1786/2627/1512 1778/2618/1504 1785/2625/1510
f 1794/2636/1520 1795/2635/1519 1787/2626/1511 1786/2627/1512
f 1795/2635/1519 1796/2637/1521 1788/2628/1513 1787/2626/1511
f 1796/2639/1521 1797/2638/1522 1789/2629/1514 1788/2630/1513
f 1797/2638/1523 1798/2640/1523 1790/2631/1523 1789/2629/1523
f 1798/2640/1524 1799/2641/1524 1791/2632/1524 1790/2631/1524
f 1799/2641/1526 1800/2642/1525 1792/2633/1517 1791/2632/1516
f 1800/2642/1525 1801/2643/1527 1793/2634/1518 1792/2633/1517
f 1801/2643/1527 1794/2636/1520 1786/2627/1512 1793/2634/1518
f 1802/2645/1529 1803/2644/1528 1795/2635/1519 1794/2636/1520
f 1803/2644/1528 1804/2646/1530 1796/2637/1521 1795/2635/1519
f 1804/2648/1530 1805/2647/1531 1797/2638/1522 1796/2639/1521
f 1805/2647/1531 1806/2649/1533 1798/2640/1532 1797/2638/1522
f 1806/2649/1533 1807/2650/1534 1799/2641/1526 1798/2640/1532
f 1807/2650/1534 1808/2651/1535 1800/2642/1525 1799/2641/1526
f 1808/2651/1535 1809/2652/1536 1801/2643/1527 1800/2642/1525
f 1809/2652/1536 1802/2645/1529 1794/2636/1520 1801/2643/1527
f 1810/2654/1538 1811/2653/1537 1803/2644/1528 1802/2645/1529
f 1811/2653/1537 1812/2655/1539 1804/2646/1530 1803/2644/1528
f 1812/2657/1539 1813/2656/1540 1805/2647/1531 1804/2648/1530
f 1813/2656/1540 1814/2658/1541 1806/2649/1533 1805/2647/1531
f 1814/2658/1541 1815/2659/1542 1807/2650/1534 1806/2649/1533
f 1815/2659/1542 1816/2660/1543 1808/2651/1535 1807/2650/1534
f 1816/2660/1543 1817/2661/1544 1809/2652/1536 1808/2651/1535
f 1817/2661/1544 1810/2654/1538 1802/2645/1529 1809/2652/1536
f 1818/2663/1546 1819/2662/1545 1811/2653/1537 1810/2654/1538
f 1819/2662/1545 1820/2664/1547 1812/2655/1539 1811/2653/1537
f 1820/2666/1547 1821/2665/1548 1813/2656/1540 1812/2657/1539
f 1821/2665/1548 1822/2667/1549 1814/2658/1541 1813/2656/1540
f 1822/2667/1549 1823/2668/1550 1815/2659/1542 1814/2658/1541
f 1823/2668/1550 1824/2669/1551 1816/2660/1543 1815/2659/1542
f 1824/2669/1551 1825/2670/1552 1817/2661/1544 1816/2660/1543
f 1825/2670/1552 1818/2663/1546 1810/2654/1538 1817/2661/1544
f 1826/2672/1554 1827/2671/1553 1819/2662/1545 1818/2663/1546
f 1827/2671/1553 1828/2673/1555 1820/2664/1547 1819/2662/1545
f 1828/2675/1555 1829/2674/1556 1821/2665/1548 1820/2666/1547
f 1829/2674/1556 1830/2676/1557 1822/2667/1549 1821/2665/1548
f 1830/2676/1557 1831/2677/1558 1823/2668/1550 1822/2667/1549
f 1831/2677/1558 1832/2678/1559 1824/2669/1551 1823/2668/1550
f 1832/2678/1559 1833/2679/1560 1825/2670/1552 1824/2669/1551
f 1833/2679/1560 1826/2672/1554 1818/2663/1546 1825/2670/1552
f 1834/2681/1561 1835/2680/1561 1827/2671/1561 1826/2672/1561
f 1835/2680/1563 1836/2682/1562 1828/2673/1555 1827/2671/1553
f 1836/2684/1562 1837/2683/1564 1829/2674/1556 1828/2675/1555
f 1837/2683/1564 1838/2685/1565 1830/2676/1557 1829/2674/1556
f 1838/2685/1565 1839/2686/1566 1831/2677/1558 1830/2676/1557
f 1839/2686/1566 1840/2687/1567 1832/2678/1559 1831/2677/1558
f 1840/2687/1567 1841/2688/1568 1833/2679/1560 1832/2678/1559
f 1841/2688/1569 1834/2681/1569 1826/2672/1569 1833/2679/1569
f 1842/2690/1570 1843/2689/1570 1835/2680/1570 1834/2681/1570
f 1843/2689/1572 1844/2691/1571 1836/2682/1562 1835/2680/1563
f 1844/2693/1571 1845/2692/1573 1837/2683/1564 1836/2684/1562
f 1845/2692/1573 1846/2694/1574 1838/2685/1565 1837/2683/1564
f 1846/2694/1574 1847/2695/1575 1839/2686/1566 1838/2685/1565
f 1847/2695/1575 1848/2696/1576 1840/2687/1567 1839/2686/1566
f 1848/2696/1576 1849/2697/1577 1841/2688/1568 1840/2687/1567
f 1849/2697/1578 1842/2690/1578 1834/2681/1578 1841/2688/1578
f 1850/2699/1579 1851/2698/1579 1843/2689/1579 1842/2690/1579
f 1851/2698/1581 1852/2700/1580 1844/2691/1571 1843/2689/1572
f 1852/2702/1580 1853/2701/1582 1845/2692/1573 1844/2693/1571
f 1853/2701/1582 1854/2703/1583 1846/2694/1574 1845/2692/1573
f 1854/2703/1583 1855/2704/1584 1847/2695/1575 1846/2694/1574
f 1855/2704/1584 1856/2705/1585 1848/2696/1576 1847/2695/1575
f 1856/2705/1585 1857/2706/1586 1849/2697/1577 1848/2696/1576
f 1857/2706/1587 1850/2699/1587 1842/2690/1587 1849/2697/1587
f 1858/2708/1590 1859/2707/1589 1851/2698/1581 1850/2699/1588
f 1859/2707/1589 1860/2709/1591 1852/2700/1580 1851/2698/1581
f 1860/2711/1591 1861/2710/1592 1853/2701/1582 1852/2702/1580
f 1861/2710/1592 1862/2712/1593 1854/2703/1583 1853/2701/1582
f 1862/2712/1593 1863/2713/1594 1855/2704/1584 1854/2703/1583
f 1863/2713/1594 1864/2714/1595 1856/2705/1585 1855/2704/1584
f 1864/2714/1595 1865/2715/1596 1857/2706/1586 1856/2705/1585
f 1865/2715/1596 1858/2708/1590 1850/2699/1588 1857/2706/1586
f 1866/2717/1598 1867/2716/1597 1859/2707/1589 1858/2708/1590
f 1867/2716/1597 1868/2718/1599 1860/2709/1591 1859/2707/1589
f 1868/2720/1599 1869/2719/1600 1861/2710/1592 1860/2711/1591
f 1869/2719/1600 1870/2721/1601 1862/2712/1593 1861/2710/1592
f 1870/2721/1601 1871/2722/1602 1863/2713/1594 1862/2712/1593
f 1871/2722/1602 1872/2723/1603 1864/2714/1595 1863/2713/1594
f 1872/2723/1603 1873/2724/1604 1865/2715/1596 1864/2714/1595
f 1873/2724/1604 1866/2717/1598 1858/2708/1590 1865/2715/1596
f 1874/2726/1606 1875/2725/1605 1867/2716/1597 1866/2717/1598
f 1875/2725/1605 1876/2727/1607 1868/2718/1599 1867/2716/1597
f 1876/2729/1607 1877/2728/1608 1869/2719/1600 1868/2720/1599
f 1877/2728/1608 1878/2730/1609 1870/2721/1601 1869/2719/1600
f 1878/2730/1609 1879/2731/1610 1871/2722/1602 1870/2721/1601
f 1879/2731/1610 1880/2732/1611 1872/2723/1603 1871/2722/1602
f 1880/2732/1611 1881/2733/1612 1873/2724/1604 1872/2723/1603
f 1881/2733/1612 1874/2726/1606 1866/2717/1598 1873/2724/1604
f 1882/2735/1614 1883/2734/1613 1875/2725/1605 1874/2726/1606
f 1883/2734/1613 1884/2736/1615 1876/2727/1607 1875/2725/1605
f 1884/2738/1615 1885/2737/1616 1877/2728/1608 1876/2729/1607
f 1885/2737/1616 1886/2739/1617 1878/2730/1609 1877/2728/1608
f 1886/2739/1617 1887/2740/1618 1879/2731/1610 1878/2730/1609
f 1887/2740/1618 1888/2741/1619 1880/2732/1611 1879/2731/1610
f 1888/2741/1619 1889/2742/1620 1881/2733/1612 1880/2732/1611
f 1889/2742/1620 1882/2735/1614 1874/2726/1606 1881/2733/1612
f 1890/2744/1622 1891/2743/1621 1883/2734/1613 1882/2735/1614
f 1891/2743/1621 1892/2745/1623 1884/2736/1615 1883/2734/1613
f 1892/2747/1623 1893/2746/1624 1885/2737/1616 1884/2738/1615
f 1893/2746/1624 1894/2748/1625 1886/2739/1617 1885/2737/1616
f 1894/2748/1625 1895/2749/1626 1887/2740/1618 1886/2739/1617
f 1895/2749/1626 1896/2750/1627 1888/2741/1619 1887/2740/1618
f 1896/2750/1627 1897/2751/1628 1889/2742/1620 1888/2741/1619
f 1897/2751/1628 1890/2744/1622 1882/2735/1614 1889/2742/1620
f 1594/2754/1629 1600/2753/1629 1601/2752/1629
f 1598/2756/1629 1599/2755/1629 1600/2753/1629
f 1594/2754/1629 1598/2756/1629 1600/2753/1629
f 1596/2758/1629 1597/2757/1629 1598/2756/1629
f 1594/2754/1629 1596/2758/1629 1598/2756/1629
f 1594/2754/1629 1595/2759/1629 1596/2758/1629
f 1892/2762/1630 1891/2761/1630 1890/2760/1630
f 1894/2763/1630 1892/2762/1630 1890/2760/1630
f 1896/2764/1630 1894/2763/1630 1890/2760/1630
f 1897/2765/1630 1896/2764/1630 1890/2760/1630
f 1894/2763/1630 1893/2766/1630 1892/2762/1630
f 1896/2764/1630 1895/2767/1630 1894/2763/1630

v 18.31744003295898 32.95351028442383 18.69463920593262
v 18.31744003295898 32.95349884033203 26.19442939758301
v -18.31744003295898 32.95352172851562 18.69463920593262
v -18.31744003295898 32.95352935791016 26.19442939758301
v -16.06015014648438 37.89628982543945 18.69463920593262
v -16.06015968322754 37.89627838134766 26.19442939758301
v -12.50177955627441 42.00286865234375 18.69463920593262
v -12.50177955627441 42.00286865234375 26.19442939758301
v -7.93057584762573 44.94058990478516 18.69463920593262
v -7.93057107925415 44.94060134887695 26.19442939758301
v -2.71688890457153 46.47146987915039 18.69463920593262
v -2.71688389778137 46.47146987915039 26.19442939758301
v 2.71690392494202 46.47146987915039 18.69463920593262
v 2.71689701080322 46.47146987915039 26.19442939758301
v 7.9305911064148 44.94058990478516 18.69463920593262
v 7.93059492111206 44.94058990478516 26.19442939758301
v 12.50179958343506 42.00284957885742 18.69463920593262
v 12.50177955627441 42.00286102294922 26.19442939758301
v 16.0601692199707 37.89625930786133 18.69463920593262
v 16.0601692199707 37.89625930786133 26.19442939758301
v 18.31744003295898 32.95351028442383 -3.55476498603821
v 16.0601692199707 37.89627075195312 -3.55476498603821
v 12.50179004669189 42.00286102294922 -3.55476498603821
v 7.93059206008911 44.94058990478516 -3.55476593971252
v 2.71690201759338 46.47146987915039 -3.55476498603821
v -2.7168869972229 46.47146987915039 -3.55476498603821
v -7.9305739402771 44.94060134887695 -3.55476498603821
v -12.50177955627441 42.00286865234375 -3.55476498603821
v -16.06015014648438 37.89628982543945 -3.55476498603821
v -18.31744003295898 32.95352935791016 -3.55476498603821
v 18.31744003295898 32.95351028442383 3.44504189491272
v 16.0601692199707 37.89627075195312 3.44504189491272
v 12.50177955627441 42.00286102294922 3.44504189491272
v 7.93059301376343 44.94058990478516 3.4450409412384
v 2.71690011024475 46.47146987915039 3.44504189491272
v -2.71688604354858 46.47146987915039 3.44504189491272
v -7.93057298660278 44.94060134887695 3.44504189491272
v -12.50177955627441 42.00286865234375 3.44504189491272
v -16.06015014648438 37.89628982543945 3.44504189491272
v -18.31744003295898 32.95352172851562 3.44504189491272
v 19.18987083435059 33.20967864990234 -29.67906951904297
v 18.82539939880371 33.10512161254883 -30.05402946472168
v 16.82508087158203 38.38785171508789 -29.67906951904297
v 16.50639915466309 38.18304061889648 -30.05402946472168
v 13.0972204208374 42.69002151489258 -29.67906951904297
v 12.84914970397949 42.40372848510742 -30.05402946472168
v 8.30831146240234 45.76768112182617 -29.67906951904297
v 8.15094470977783 45.42309188842773 -30.05402946472168
v 2.84630799293518 47.3714714050293 -29.67906951904297
v 2.79239702224731 46.99650955200195 -30.05402946472168
v -2.8462860584259 47.3714714050293 -29.67906951904297
v -2.79237508773804 46.99650955200195 -30.05402946472168
v -8.3082914352417 45.7676887512207 -29.67906951904297
v -8.15092468261719 45.42309951782227 -30.05402946472168
v -13.09720993041992 42.69004058837891 -29.67906951904297
v -12.84914016723633 42.40375137329102 -30.05402946472168
v -16.82506942749023 38.38785934448242 -29.67906951904297
v -16.50638961791992 38.18305969238281 -30.05402946472168
v -19.18985939025879 33.20970153808594 -29.67906951904297
v -18.82539939880371 33.10514068603516 -30.05402946472168
v -20 27.02965927124023 -29.67906951904297
v -19.62504005432129 27.00518989562988 -30.05402946472168
v 20 27.02964973449707 -29.67906951904297
v 19.62504005432129 27.00518035888672 -30.05402946472168
v 18.82539939880371 33.10512161254883 29.94430923461914
v 19.18987083435059 33.20967864990234 29.56934928894043
v 16.50639915466309 38.18304061889648 29.94430923461914
v 16.82508087158203 38.38785171508789 29.56934928894043
v 12.84914970397949 42.40372848510742 29.94430923461914
v 13.0972204208374 42.69002151489258 29.56934928894043
v 8.15094470977783 45.42309188842773 29.94430923461914
v 8.30831146240234 45.76768112182617 29.56934928894043
v 2.79239702224731 46.99650955200195 29.94430923461914
v 2.84630799293518 47.3714714050293 29.56934928894043
v -2.79237508773804 46.99650955200195 29.94430923461914
v -2.8462860584259 47.3714714050293 29.56934928894043
v -8.15092468261719 45.42309951782227 29.94430923461914
v -8.3082914352417 45.7676887512207 29.56934928894043
v -12.84914016723633 42.40375137329102 29.94430923461914
v -13.09720993041992 42.69004058837891 29.56934928894043
v -16.50638961791992 38.18305969238281 29.94430923461914
v -16.82506942749023 38.38785934448242 29.56934928894043
v -18.82539939880371 33.10514068603516 29.94430923461914
v -19.18985939025879 33.20970153808594 29.56934928894043
v -19.62504005432129 27.00518989562988 29.94430923461914
v -20 27.02965927124023 29.56934928894043
v 19.62504005432129 27.00518035888672 29.94430923461914
v 20 27.02964973449707 29.56934928894043
v -20 23.43288993835449 -29.67906951904297
v -19.62504005432129 23.43288993835449 -30.05402946472168
v -19.62504005432129 23.05792999267578 -29.67906951904297
v -19.62504005432129 23.05792999267578 29.56934928894043
v -19.62504005432129 23.43288993835449 29.94430923461914
v -20 23.43288993835449 29.56934928894043
v 19.62504005432129 23.05792045593262 -29.67906951904297
v 19.62504005432129 23.43288993835449 -30.05402946472168
v 20 23.43288993835449 -29.67906951904297
v 19.62504005432129 23.05792999267578 29.56934928894043
v 20 23.43288993835449 29.56934928894043
v 19.62504005432129 23.43288993835449 29.94430923461914
v -17.5 23.43292045593262 -30.05402946472168
v -17.49264907836914 23.05792045593262 -29.67910003662109
v 17.5 23.43318939208984 -30.05402946472168
v 17.47853088378906 23.05792045593262 -29.67938041687012
v 20 23.43288993835449 -26.3077392578125
v 19.62504005432129 23.05792045593262 -26.3005199432373
v 19.63529968261719 23.18258094787598 -18.80368041992188
v 20 23.56753921508789 -18.8078498840332
v 19.63529968261719 23.18258094787598 -15.05611038208008
v 20 23.56752967834473 -15.05443954467773
v 19.63529968261719 23.18258094787598 -3.55271196365356
v 20 23.56753921508789 -3.55476498603821
v 19.63529968261719 23.18258094787598 3.44708108901978
v 20 23.56753921508789 3.44504189491272
v 19.63529968261719 23.18258094787598 14.94768047332764
v 20 23.56753921508789 14.94474029541016
v 19.63529968261719 23.18258094787598 18.69515037536621
v 20 23.56753921508789 18.69815063476562
v 20 23.43292045593262 26.19803047180176
v 19.625 23.05792999267578 26.19803047180176
v 17.5 23.43321990966797 29.94430923461914
v 17.47771072387695 23.05792999267578 29.56967926025391
v -17.5 23.43292999267578 29.94430923461914
v -17.49237060546875 23.05792999267578 29.56938934326172
v -20 23.43288993835449 26.19803047180176
v -19.62504005432129 23.05792999267578 26.19082069396973
v -19.6357593536377 23.18174934387207 18.69397926330566
v -20 23.56714057922363 18.69815063476562
v -19.6357593536377 23.18174934387207 14.9463996887207
v -20 23.56714057922363 14.94474029541016
v -19.6357593536377 23.18176078796387 3.4429919719696
v -20 23.56714057922363 3.44504189491272
v -19.6357593536377 23.18176078796387 -3.55679988861084
v -20 23.56714057922363 -3.55476498603821
v -19.6357593536377 23.18176078796387 -15.05737972259521
v -20 23.56714057922363 -15.05443954467773
v -19.63574981689453 23.18174934387207 -18.80484962463379
v -20 23.5671501159668 -18.8078498840332
v -20 23.43292045593262 -26.3077392578125
v -19.62500953674316 23.05792999267578 -26.3077392578125
v 7.25909280776978 43.47021865844727 -29.97002983093262
v 7.29434490203857 43.54740142822266 -30.05402946472168
v 2.48686099052429 44.8714714050293 -29.97002983093262
v 2.49893808364868 44.95545959472656 -30.05402946472168
v -7.25907611846924 43.47021865844727 -29.97002983093262
v -7.29432821273804 43.54740905761719 -30.05402946472168
v -2.48684191703796 44.8714714050293 -29.97002983093262
v -2.49891901016235 44.95547103881836 -30.05402946472168
v 11.44324016571045 40.78121948242188 -29.97002983093262
v 11.49880981445312 40.84535980224609 -30.05402946472168
v -11.4432201385498 40.7812385559082 -29.97002983093262
v -11.49878978729248 40.84537124633789 -30.05402946472168
v 14.70032024383545 37.0223503112793 -29.97002983093262
v 14.77171039581299 37.06822967529297 -30.05402946472168
v -14.70030975341797 37.02236175537109 -29.97002983093262
v -14.77169036865234 37.06824111938477 -30.05402946472168
v 16.76646041870117 32.49811172485352 -29.97002983093262
v 16.84812927246094 32.52148056030273 -30.05402946472168
v -16.76646041870117 32.49811935424805 -29.97002983093262
v -16.84811973571777 32.52149963378906 -30.05402946472168
v 17.5 26.76684951782227 -30.05402946472168
v 17.41600036621094 26.85084915161133 -29.97002983093262
v 17.48841094970703 26.94009017944336 -29.96404075622559
v 17.58383941650391 26.8569393157959 -30.05402946472168
v -17.5 26.76685905456543 -30.05402946472168
v -17.58390998840332 26.8569507598877 -30.05402946472168
v -17.48917961120605 26.93415069580078 -29.97002983093262
v -17.41000938415527 26.85086059570312 -29.96404075622559
v 17.5 26.76684951782227 29.94430923461914
v 17.58390998840332 26.8569393157959 29.94430923461914
v 17.48917961120605 26.93415069580078 29.86031913757324
v 17.41000938415527 26.85084915161133 29.85432052612305
v -17.5 26.76685905456543 29.94430923461914
v -17.4160099029541 26.85086059570312 29.86031913757324
v -17.48841094970703 26.94009971618652 29.85432052612305
v -17.58383941650391 26.8569393157959 29.94430923461914
v 16.76646041870117 32.49811172485352 29.86031913757324
v 16.84812927246094 32.52148056030273 29.94430923461914
v -16.76646041870117 32.49811935424805 29.86031913757324
v -16.84811973571777 32.52149963378906 29.94430923461914
v 14.70032024383545 37.0223503112793 29.86031913757324
v 14.77171039581299 37.06822967529297 29.94430923461914
v -14.70030975341797 37.02236175537109 29.86031913757324
v -14.77169036865234 37.06824111938477 29.94430923461914
v 11.44324016571045 40.78121948242188 29.86031913757324
v 11.49880981445312 40.84535980224609 29.94430923461914
v -11.4432201385498 40.7812385559082 29.86031913757324
v -11.49878978729248 40.84537124633789 29.94430923461914
v 7.25909280776978 43.47021865844727 29.86031913757324
v 7.29434490203857 43.54740142822266 29.94430923461914
v -7.25907611846924 43.47021865844727 29.86031913757324
v -7.29432821273804 43.54740905761719 29.94430923461914
v 2.48686099052429 44.8714714050293 29.86031913757324
v 2.49893808364868 44.95545959472656 29.94430923461914
v -2.48684191703796 44.8714714050293 29.86031913757324
v -2.49891901016235 44.95547103881836 29.94430923461914
v 7.22384214401245 43.39302062988281 -29.15402984619141
v 7.25909280776978 43.47021865844727 -29.23802947998047
v 2.48686099052429 44.8714714050293 -29.23802947998047
v 2.4747850894928 44.78747177124023 -29.15402984619141
v -7.25907611846924 43.47021865844727 -29.23802947998047
v -7.22382497787476 43.39302825927734 -29.15402984619141
v -2.47476506233215 44.78747940063477 -29.15402984619141
v -2.48684191703796 44.8714714050293 -29.23802947998047
v 11.38766956329346 40.71709060668945 -29.15402984619141
v 11.44324016571045 40.78121948242188 -29.23802947998047
v -11.4432201385498 40.7812385559082 -29.23802947998047
v -11.38764953613281 40.71710968017578 -29.15402984619141
v 14.62893009185791 36.97647094726562 -29.15402984619141
v 14.70032024383545 37.0223503112793 -29.23802947998047
v -14.70030975341797 37.02236175537109 -29.23802947998047
v -14.62891960144043 36.97647857666016 -29.15402984619141
v 16.68479919433594 32.4747314453125 -29.15402984619141
v 16.76646041870117 32.49811172485352 -29.23802947998047
v -16.76646041870117 32.49811935424805 -29.23802947998047
v -16.68479919433594 32.47475051879883 -29.15402984619141
v 17.40439033508301 26.93485069274902 -29.15402984619141
v 17.48917961120605 26.93415069580078 -29.23802947998047
v 17.41600036621094 26.85084915161133 -29.23802947998047
v -17.40439033508301 26.93485069274902 -29.15402984619141
v -17.4160099029541 26.85086059570312 -29.23802947998047
v -17.48917961120605 26.93415069580078 -29.23802947998047
v 17.41600036621094 26.85084915161133 29.12830924987793
v 17.48841094970703 26.94009017944336 29.13430976867676
v 17.40439033508301 26.93485069274902 29.04431915283203
v 16.68479919433594 32.4747314453125 29.04431915283203
v 16.76646041870117 32.49811172485352 29.12830924987793
v -17.40439033508301 26.93485069274902 29.04431915283203
v -17.48917961120605 26.93415069580078 29.12830924987793
v -17.4160099029541 26.85086059570312 29.12830924987793
v -16.76646041870117 32.49811935424805 29.12830924987793
v -16.68479919433594 32.47475051879883 29.04431915283203
v 14.62893009185791 36.97647094726562 29.04431915283203
v 14.70032024383545 37.0223503112793 29.12830924987793
v -14.70030975341797 37.02236175537109 29.12830924987793
v -14.62891960144043 36.97647857666016 29.04431915283203
v 11.38766956329346 40.71709060668945 29.04431915283203
v 11.44324016571045 40.78121948242188 29.12830924987793
v -11.4432201385498 40.7812385559082 29.12830924987793
v -11.38764953613281 40.71710968017578 29.04431915283203
v 7.22384214401245 43.39302062988281 29.04431915283203
v 7.25909280776978 43.47021865844727 29.12830924987793
v -7.25907611846924 43.47021865844727 29.12830924987793
v -7.22382497787476 43.39302825927734 29.04431915283203
v 2.4747850894928 44.78747177124023 29.04431915283203
v 2.48686099052429 44.8714714050293 29.12830924987793
v -2.47476506233215 44.78747940063477 29.04431915283203
v -2.48684191703796 44.8714714050293 29.12830924987793
v -20 26.9621696472168 -15.05443954467773
v -19.93320083618164 27.02005958557129 -14.9869499206543
v -19.93000030517578 27.08275032043457 -15.05443954467773
v -20 27.02965927124023 -15.11695003509521
v -19.93320083618164 27.02005958557129 -3.55476498603821
v -20 26.9621696472168 -3.55476498603821
v 20 26.96216011047363 -15.05443954467773
v 20 27.02964973449707 -15.11695003509521
v 19.93000030517578 27.08274078369141 -15.05443954467773
v 19.93812942504883 27.02075958251953 -14.99193954467773
v 19.93318939208984 27.02005004882812 -3.55476498603821
v 20 26.96216011047363 -3.55476498603821
v 19.18987083435059 33.20967864990234 -15.11695003509521
v 19.12911033630371 33.1922492980957 -15.05443954467773
v 16.82508087158203 38.38785171508789 -15.11695003509521
v 16.77194976806641 38.35371017456055 -15.05443954467773
v 13.0972204208374 42.69002151489258 -15.11695003509521
v 13.05587005615234 42.64229965209961 -15.05443954467773
v 8.30831146240234 45.76768112182617 -15.11695003509521
v 8.28207874298096 45.71023941040039 -15.05443954467773
v 2.84630799293518 47.3714714050293 -15.11695003509521
v 2.83732104301453 47.3089599609375 -15.05443954467773
v -2.8462860584259 47.3714714050293 -15.11695003509521
v -2.83729910850525 47.3089599609375 -15.05443954467773
v -8.3082914352417 45.7676887512207 -15.11695003509521
v -8.28205871582031 45.71023941040039 -15.05443954467773
v -13.09720993041992 42.69004058837891 -15.11695003509521
v -13.0558500289917 42.64231872558594 -15.05443954467773
v -16.82506942749023 38.38785934448242 -15.11695003509521
v -16.77194023132324 38.35372161865234 -15.05443954467773
v -19.18985939025879 33.20970153808594 -15.11695003509521
v -19.12910079956055 33.19226837158203 -15.05443954467773
v 19.18987083435059 33.20967864990234 15.00724983215332
v 19.12911033630371 33.1922492980957 14.94474029541016
v 16.82508087158203 38.38785171508789 15.00724983215332
v 16.77194976806641 38.35371017456055 14.94474029541016
v 13.0972204208374 42.69002151489258 15.00724983215332
v 13.05587005615234 42.64229965209961 14.94474029541016
v 8.30831146240234 45.76768112182617 15.00724983215332
v 8.28207874298096 45.71023941040039 14.94474029541016
v 2.84630799293518 47.3714714050293 15.00724983215332
v 2.83732104301453 47.3089599609375 14.94474029541016
v -2.8462860584259 47.3714714050293 15.00724983215332
v -2.83729910850525 47.3089599609375 14.94474029541016
v -8.3082914352417 45.7676887512207 15.00724983215332
v -8.28205871582031 45.71023941040039 14.94474029541016
v -13.09720993041992 42.69004058837891 15.00724983215332
v -13.0558500289917 42.64231872558594 14.94474029541016
v -16.82506942749023 38.38785934448242 15.00724983215332
v -16.77194023132324 38.35372161865234 14.94474029541016
v -19.18985939025879 33.20970153808594 15.00724983215332
v -19.12910079956055 33.19226837158203 14.94474029541016
v -20 26.9621696472168 14.94474029541016
v -20 27.02965927124023 15.00724983215332
v -19.93000030517578 27.08275032043457 14.94474029541016
v -19.93812942504883 27.0207691192627 14.88224029541016
v 20 26.96216011047363 14.94474029541016
v 19.93318939208984 27.02005004882812 14.8772497177124
v 19.93000030517578 27.08274078369141 14.94474029541016
v 20 27.02964973449707 15.00724983215332
v -20 26.9621696472168 -26.30419921875
v -19.93320083618164 27.02005958557129 -26.23664093017578
v -19.93000030517578 27.08275032043457 -26.30413055419922
v -20 27.02965927124023 -26.36664009094238
v -20 26.9621696472168 -18.80439949035645
v -20 27.02965927124023 -18.74183082580566
v -19.93000030517578 27.08275032043457 -18.80433082580566
v -19.93812942504883 27.0207691192627 -18.86684036254883
v 20 26.96216011047363 -26.30419921875
v 20 27.02964973449707 -26.36664009094238
v 19.93000030517578 27.08274078369141 -26.30413055419922
v 19.93812942504883 27.02075958251953 -26.24163055419922
v 20 26.96216011047363 -18.80439949035645
v 19.93318939208984 27.02005004882812 -18.87182998657227
v 19.93000030517578 27.08274078369141 -18.80433082580566
v 20 27.02964973449707 -18.74183082580566
v 19.12911033630371 33.1922492980957 -26.30413055419922
v 19.18987083435059 33.20967864990234 -26.36664009094238
v 16.77194976806641 38.35371017456055 -26.30413055419922
v 16.82508087158203 38.38785171508789 -26.36664009094238
v 13.05587005615234 42.64229965209961 -26.30413055419922
v 13.0972204208374 42.69002151489258 -26.36664009094238
v 8.28207874298096 45.71023941040039 -26.30413055419922
v 8.30831146240234 45.76768112182617 -26.36664009094238
v 2.83732104301453 47.3089599609375 -26.30413055419922
v 2.84630799293518 47.3714714050293 -26.36664009094238
v -2.83729910850525 47.3089599609375 -26.30413055419922
v -2.8462860584259 47.3714714050293 -26.36664009094238
v -8.28205871582031 45.71023941040039 -26.30413055419922
v -8.3082914352417 45.7676887512207 -26.36664009094238
v -13.0558500289917 42.64231872558594 -26.30413055419922
v -13.09720993041992 42.69004058837891 -26.36664009094238
v -16.77194023132324 38.35372161865234 -26.30413055419922
v -16.82506942749023 38.38785934448242 -26.36664009094238
v -19.12910079956055 33.19226837158203 -26.30413055419922
v -19.18985939025879 33.20970153808594 -26.36664009094238
v 19.18987083435059 33.20967864990234 -18.74183082580566
v 19.12911033630371 33.1922492980957 -18.80433082580566
v 16.82508087158203 38.38785171508789 -18.74183082580566
v 16.77194976806641 38.35371017456055 -18.80433082580566
v 13.0972204208374 42.69002151489258 -18.74183082580566
v 13.05587005615234 42.64229965209961 -18.80433082580566
v 8.30831146240234 45.76768112182617 -18.74183082580566
v 8.28207874298096 45.71023941040039 -18.80433082580566
v 2.84630799293518 47.3714714050293 -18.74183082580566
v 2.83732104301453 47.3089599609375 -18.80433082580566
v -2.8462860584259 47.3714714050293 -18.74183082580566
v -2.83729910850525 47.3089599609375 -18.80433082580566
v -8.3082914352417 45.7676887512207 -18.74183082580566
v -8.28205871582031 45.71023941040039 -18.80433082580566
v -13.09720993041992 42.69004058837891 -18.74183082580566
v -13.0558500289917 42.64231872558594 -18.80433082580566
v -16.82506942749023 38.38785934448242 -18.74183082580566
v -16.77194023132324 38.35372161865234 -18.80433082580566
v -19.18985939025879 33.20970153808594 -18.74183082580566
v -19.12910079956055 33.19226837158203 -18.80433082580566
v 20 26.96216011047363 18.69470024108887
v 20 27.02964973449707 18.63212966918945
v 19.93000030517578 27.08274078369141 18.69463920593262
v 19.93812942504883 27.02075958251953 18.75713920593262
v 20 26.96216011047363 26.19449043273926
v 19.93318939208984 27.02005004882812 26.12693023681641
v 19.93000030517578 27.08274078369141 26.19442939758301
v 20 27.02964973449707 26.25692939758301
v -20 26.9621696472168 18.69470024108887
v -19.93320083618164 27.02005958557129 18.76213073730469
v -19.93000030517578 27.08275032043457 18.69463920593262
v -20 27.02965927124023 18.63212966918945
v -20 26.9621696472168 26.19449043273926
v -20 27.02965927124023 26.25692939758301
v -19.93000030517578 27.08275032043457 26.19442939758301
v -19.93812942504883 27.0207691192627 26.13191986083984
v 19.18987083435059 33.20967864990234 18.63212966918945
v 19.12911033630371 33.1922492980957 18.69463920593262
v -19.18985939025879 33.20970153808594 18.63212966918945
v -19.12910079956055 33.19226837158203 18.69463920593262
v -16.82506942749023 38.38785934448242 18.63212966918945
v -16.77194023132324 38.35372161865234 18.69463920593262
v -13.09720993041992 42.69004058837891 18.63212966918945
v -13.0558500289917 42.64231872558594 18.69463920593262
v -8.3082914352417 45.7676887512207 18.63212966918945
v -8.28205871582031 45.71023941040039 18.69463920593262
v -2.8462860584259 47.3714714050293 18.63212966918945
v -2.83729910850525 47.3089599609375 18.69463920593262
v 2.84630799293518 47.3714714050293 18.63212966918945
v 2.83732104301453 47.3089599609375 18.69463920593262
v 8.30831146240234 45.76768112182617 18.63212966918945
v 8.28207874298096 45.71023941040039 18.69463920593262
v 13.0972204208374 42.69002151489258 18.63212966918945
v 13.05587005615234 42.64229965209961 18.69463920593262
v 16.82508087158203 38.38785171508789 18.63212966918945
v 16.77194976806641 38.35371017456055 18.69463920593262
v 19.12911033630371 33.1922492980957 26.19442939758301
v 19.18987083435059 33.20967864990234 26.25692939758301
v -19.12910079956055 33.19226837158203 26.19442939758301
v -19.18985939025879 33.20970153808594 26.25692939758301
v -16.77194023132324 38.35372161865234 26.19442939758301
v -16.82506942749023 38.38785934448242 26.25692939758301
v -13.0558500289917 42.64231872558594 26.19442939758301
v -13.09720993041992 42.69004058837891 26.25692939758301
v -8.28205871582031 45.71023941040039 26.19442939758301
v -8.3082914352417 45.7676887512207 26.25692939758301
v -2.83729910850525 47.3089599609375 26.19442939758301
v -2.8462860584259 47.3714714050293 26.25692939758301
v 2.83732104301453 47.3089599609375 26.19442939758301
v 2.84630799293518 47.3714714050293 26.25692939758301
v 8.28207874298096 45.71023941040039 26.19442939758301
v 8.30831146240234 45.76768112182617 26.25692939758301
v 13.05587005615234 42.64229965209961 26.19442939758301
v 13.0972204208374 42.69002151489258 26.25692939758301
v 16.77194976806641 38.35371017456055 26.19442939758301
v 16.82508087158203 38.38785171508789 26.25692939758301
v 18.37820053100586 32.97092819213867 -15.05443954467773
v 18.31744003295898 32.95351028442383 -14.99193954467773
v 16.0601692199707 37.89625930786133 -14.99193954467773
v 16.11330032348633 37.93040084838867 -15.05443954467773
v 16.11329078674316 37.930419921875 14.94474029541016
v 16.06015968322754 37.89627838134766 14.88224029541016
v 18.37820053100586 32.97092819213867 14.94474029541016
v 18.31744003295898 32.95351028442383 14.88224029541016
v 12.50179004669189 42.00284957885742 -14.99193954467773
v 12.54314041137695 42.05057907104492 -15.05443954467773
v 12.54314041137695 42.05059051513672 14.94474029541016
v 12.50177955627441 42.00286102294922 14.88224029541016
v 7.93059015274048 44.94058990478516 -14.99193954467773
v 7.95682287216187 44.99803161621094 -15.05443954467773
v 7.95682811737061 44.99803161621094 14.94474029541016
v 7.93059492111206 44.94058990478516 14.88224029541016
v 2.71690392494202 46.47146987915039 -14.99193954467773
v 2.72589111328125 46.53396987915039 -15.05443954467773
v 2.72588396072388 46.53398132324219 14.94474029541016
v 2.71689701080322 46.47146987915039 14.88224029541016
v -2.71688890457153 46.47146987915039 -14.99193954467773
v -2.72587609291077 46.53398132324219 -15.05443954467773
v -2.72587108612061 46.53398132324219 14.94474029541016
v -2.71688389778137 46.47146987915039 14.88224029541016
v -7.93057584762573 44.94058990478516 -14.99193954467773
v -7.95680999755859 44.99803924560547 -15.05443954467773
v -7.95680379867554 44.99803924560547 14.94474029541016
v -7.93057107925415 44.94060134887695 14.88224029541016
v -12.50177955627441 42.00286865234375 -14.99193954467773
v -12.54312992095947 42.05059051513672 -15.05443954467773
v -12.54312992095947 42.05059051513672 14.94474029541016
v -12.50177955627441 42.00286865234375 14.88224029541016
v -16.06015014648438 37.89630126953125 -14.99193954467773
v -16.1132698059082 37.93043899536133 -15.05443954467773
v -16.11327934265137 37.9304313659668 14.94474029541016
v -16.06015014648438 37.89628982543945 14.88224029541016
v -18.31744003295898 32.95352935791016 -14.99193954467773
v -18.37820053100586 32.97095108032227 -15.05443954467773
v -18.37820053100586 32.97095108032227 14.94474029541016
v -18.31744003295898 32.95352935791016 14.88224029541016
v -19.10099983215332 26.96394920349121 -14.99153995513916
v -19.16292953491211 26.97245979309082 -15.05443954467773
v -19.17143058776855 26.91053009033203 -14.99153995513916
v -19.17143058776855 26.91053009033203 14.88183975219727
v -19.16292953491211 26.97245979309082 14.94474029541016
v -19.10099983215332 26.96394920349121 14.88183975219727
v -19.10099983215332 26.96394920349121 -3.55476498603821
v -19.17143058776855 26.91053009033203 -3.55476498603821
v 19.17143058776855 26.91052055358887 -14.99153995513916
v 19.16292953491211 26.97245025634766 -15.05443954467773
v 19.10099983215332 26.96394920349121 -14.99153995513916
v 19.10099983215332 26.96394920349121 14.88183975219727
v 19.16292953491211 26.97245025634766 14.94474029541016
v 19.17143058776855 26.91052055358887 14.88183975219727
v 19.17143058776855 26.91052055358887 -3.55476498603821
v 19.10099983215332 26.96394920349121 -3.55476498603821
v 18.37820053100586 32.97093963623047 -26.30413055419922
v 18.31744003295898 32.95351028442383 -26.24163055419922
v 16.0601692199707 37.89625930786133 -26.24163055419922
v 16.11329078674316 37.9304084777832 -26.30413055419922
v 16.11329078674316 37.930419921875 -18.80433082580566
v 16.06015968322754 37.89627838134766 -18.86684036254883
v 18.31744003295898 32.95351028442383 -18.86684036254883
v 18.37820053100586 32.97092819213867 -18.80433082580566
v 12.50179004669189 42.00284957885742 -26.24163055419922
v 12.54314994812012 42.05057907104492 -26.30413055419922
v 12.54314041137695 42.05057907104492 -18.80433082580566
v 12.50179004669189 42.00286102294922 -18.86684036254883
v 7.93058109283447 44.94058990478516 -26.24163055419922
v 7.95681381225586 44.99803924560547 -26.30413055419922
v 7.95682811737061 44.99803161621094 -18.80433082580566
v 7.93059492111206 44.94058990478516 -18.86684036254883
v 2.71690392494202 46.47146987915039 -26.24163055419922
v 2.72589111328125 46.53396987915039 -26.30413055419922
v 2.72588396072388 46.53398132324219 -18.80433082580566
v 2.71689701080322 46.47146987915039 -18.86684036254883
v -2.71688890457153 46.47146987915039 -26.24163055419922
v -2.72587609291077 46.53398132324219 -26.30413055419922
v -2.72587108612061 46.53398132324219 -18.80433082580566
v -2.71688389778137 46.47146987915039 -18.86684036254883
v -7.93057584762573 44.94058990478516 -26.24163055419922
v -7.95680999755859 44.99803924560547 -26.30413055419922
v -7.95680379867554 44.99803924560547 -18.80433082580566
v -7.93057107925415 44.94060134887695 -18.86684036254883
v -12.50177955627441 42.00286865234375 -26.24163055419922
v -12.54312992095947 42.05059051513672 -26.30413055419922
v -12.54312992095947 42.05059814453125 -18.80433082580566
v -12.50177001953125 42.00286865234375 -18.86684036254883
v -16.06015014648438 37.89628982543945 -26.24163055419922
v -16.11327934265137 37.9304313659668 -26.30413055419922
v -16.11327934265137 37.930419921875 -18.80433082580566
v -16.06015014648438 37.89627838134766 -18.86684036254883
v -18.31744003295898 32.95352935791016 -26.24163055419922
v -18.37820053100586 32.97095108032227 -26.30413055419922
v -18.37820053100586 32.97095108032227 -18.80433082580566
v -18.31744003295898 32.95352935791016 -18.86684036254883
v -19.16292953491211 26.97245979309082 -26.30413055419922
v -19.10915946960449 26.90158081054688 -26.24163055419922
v -19.10915946960449 26.90158081054688 -18.86684036254883
v -19.16292953491211 26.97245979309082 -18.80433082580566
v 19.17143058776855 26.91052055358887 -26.24122047424316
v 19.16292953491211 26.97245025634766 -26.30413055419922
v 19.10099983215332 26.96394920349121 -26.24122047424316
v 19.10099983215332 26.96394920349121 -18.86724090576172
v 19.16292953491211 26.97245025634766 -18.80433082580566
v 19.17143058776855 26.91052055358887 -18.86724090576172
v 19.10915946960449 26.90156936645508 18.75713920593262
v 19.10104942321777 26.96355056762695 18.69463920593262
v 19.10915946960449 26.90156936645508 26.13191986083984
v 19.10104942321777 26.96355056762695 26.19442939758301
v -19.10915946960449 26.90158081054688 18.75713920593262
v -19.10104942321777 26.96356010437012 18.69463920593262
v -19.10104942321777 26.96356010437012 26.19442939758301
v -19.10915946960449 26.90158081054688 26.13191986083984
v -19.93320083618164 27.02005958557129 3.44504189491272
v -20 26.9621696472168 3.44504189491272
v 19.93318939208984 27.02005004882812 3.44504189491272
v 20 26.96216011047363 3.44504189491272
v 19.17143058776855 26.91052055358887 3.44504189491272
v 19.10099983215332 26.96393966674805 3.44504189491272
v -19.10099983215332 26.96394920349121 3.44504189491272
v -19.17143058776855 26.91053009033203 3.44504189491272
v 16.62615013122559 27.81179046630859 -26.95509910583496
v 16.49114036560059 27.77182960510254 -27.09450912475586
v 14.57042026519775 32.3132209777832 -26.95509910583496
v 14.45193958282471 32.23707962036133 -27.09450912475586
v 11.32975959777832 36.05313873291016 -26.95509910583496
v 11.23752975463867 35.94670104980469 -27.09450912475586
v 7.16671180725098 38.72858047485352 -26.95509910583496
v 7.10820579528809 38.60047149658203 -27.09450912475586
v 2.39849495887756 39.98336029052734 -27.09450912475586
v 2.41853809356689 40.12276840209961 -26.95509910583496
v -2.51004695892334 39.98336029052734 -27.09450912475586
v -2.53009009361267 40.12276840209961 -26.95509910583496
v -7.27826404571533 38.72858047485352 -26.95509910583496
v -7.21975803375244 38.60047149658203 -27.09450912475586
v -11.44132041931152 36.05315017700195 -26.95509910583496
v -11.34908962249756 35.94672012329102 -27.09450912475586
v -14.68198013305664 32.31322860717773 -26.95509910583496
v -14.56350040435791 32.23709106445312 -27.09450912475586
v -16.60271072387695 27.7718505859375 -27.09450912475586
v -16.73772048950195 27.81180000305176 -26.95509910583496
v -17.41382026672363 23.24806022644043 -26.95536041259766
v -17.27314949035645 23.24806022644043 -27.09450912475586
v -17.73670959472656 23.05792999267578 -27.24637031555176
v -17.6346492767334 23.05792999267578 -27.40015983581543
v -17.49625015258789 23.05792999267578 -27.29375076293945
v -17.64125061035156 23.05792999267578 -27.1590690612793
v 17.16156005859375 23.24806022644043 -27.09450912475586
v 17.3022403717041 23.24806022644043 -26.9553394317627
v 17.61337089538574 23.05792999267578 -27.23422050476074
v 17.51556968688965 23.05792999267578 -27.14496994018555
v 17.37055969238281 23.05792999267578 -27.27968978881836
v 17.51387023925781 23.05792999267578 -27.38747978210449
v 16.35614013671875 27.73188018798828 27.09450912475586
v 16.62615013122559 27.81179046630859 26.81570053100586
v 14.33345985412598 32.16093063354492 27.09450912475586
v 14.57042026519775 32.3132209777832 26.81570053100586
v 11.14529991149902 35.84025955200195 27.09450912475586
v 11.32975959777832 36.05313873291016 26.81570053100586
v 7.0496997833252 38.47235870361328 27.09450912475586
v 7.16671180725098 38.72858047485352 26.81570053100586
v 2.3784511089325 39.84395980834961 27.09450912475586
v 2.41853809356689 40.12276840209961 26.81570053100586
v -2.49000406265259 39.84395980834961 27.09450912475586
v -2.53009009361267 40.12276840209961 26.81570053100586
v -7.16125106811523 38.47235870361328 27.09450912475586
v -7.27826404571533 38.72858047485352 26.81570053100586
v -11.25685977935791 35.84027862548828 27.09450912475586
v -11.44132041931152 36.05315017700195 26.81570053100586
v -14.44501972198486 32.16094970703125 27.09450912475586
v -14.68198013305664 32.31322860717773 26.81570053100586
v -16.46769905090332 27.73188972473145 27.09450912475586
v -16.73772048950195 27.81180000305176 26.81570053100586
v -17.13245010375977 23.24806022644043 27.09450912475586
v -17.41382026672363 23.24806022644043 26.8161792755127
v -17.81340980529785 23.05792045593262 27.1781005859375
v -17.6271800994873 23.05792045593262 27.01030921936035
v -17.33716011047363 23.05792045593262 27.27975082397461
v -17.61463928222656 23.05792045593262 27.49143981933594
v 17.02090072631836 23.24806022644043 27.09450912475586
v 17.3022403717041 23.24806022644043 26.81620025634766
v 17.52963066101074 23.05792999267578 27.02433013916016
v 17.71944999694824 23.05792999267578 27.19457054138184
v 17.52482032775879 23.05792999267578 27.50787925720215
v 17.23963928222656 23.05792999267578 27.2936897277832
# 606 vertices

vn -0.96363514661789 0.26722154021263 0
vn -0.41541039943695 0.90963411331177 0
vn -0.14231380820274 0.98982161283493 0
vn 0.14231380820274 0.98982161283493 0
vn 0.41541039943695 0.90963411331177 0
vn 0.96363514661789 0.26722154021263 0
vn 0.96342605352402 0.26797425746918 0
vn -0.96342605352402 0.26797425746918 0
vn 0.59180510044098 0.38032782077789 -0.71071618795395
vn 0.67726463079453 0.18912908434868 -0.71101534366608
vn 0.70401287078857 0.05825106427073 -0.70779424905777
vn 0.46067789196968 0.53164994716644 -0.71072089672089
vn 0.29222625494003 0.63992267847061 -0.71070581674576
vn 0.1000964269042 0.69633108377457 -0.71070647239685
vn -0.1000964269042 0.69633108377457 -0.71070647239685
vn -0.29223209619522 0.63990426063538 -0.71072000265121
vn -0.46067789196968 0.53164994716644 -0.71072089672089
vn -0.59180510044098 0.38032782077789 -0.71071618795395
vn -0.67724770307541 0.18913309276104 -0.7110304236412
vn -0.70401287078857 0.05825106427073 -0.70779424905777
vn 0.59180510044098 0.38032782077789 0.71071618795395
vn 0.67724770307541 0.18913309276104 0.7110304236412
vn 0.70399713516235 0.0582523457706 0.70780980587006
vn 0.46067789196968 0.53164994716644 0.71072089672089
vn 0.29222625494003 0.63992267847061 0.71070581674576
vn 0.1000964269042 0.69633108377457 0.71070647239685
vn -0.1000964269042 0.69633108377457 0.71070647239685
vn -0.29222625494003 0.63992267847061 0.71070581674576
vn -0.46067789196968 0.53164994716644 0.71072089672089
vn -0.59180510044098 0.38032782077789 0.71071618795395
vn -0.67724770307541 0.18913309276104 0.7110304236412
vn -0.70401287078857 0.05825106427073 0.70779424905777
vn -0.71395725011826 -0.70014429092407 0.00793771911412
vn -0.71392661333084 -0.70017623901367 0.0078752245754
vn 0 -0.70679420232773 -0.70741921663284
vn 0 -0.70707553625107 -0.70713806152344
vn -0.71400344371796 -0.70009714365005 -0.00793753936887
vn -0.71395760774612 -0.70014464855194 -0.00787522178143
vn 0 -0.7067785859108 0.70743483304977
vn 0 -0.70707553625107 0.70713806152344
vn 0.71370923519135 -0.70039635896683 0.00800024438649
vn 0.71367865800858 -0.70042824745178 0.00793774984777
vn 0 -0.70682549476624 -0.70738798379898
vn 0 -0.70676290988922 0.70745044946671
vn 0 -0.70679420232773 0.70741921663284
vn 0.71367847919464 -0.70042806863785 -0.00796899851412
vn 0.71364772319794 -0.70045977830887 -0.00793775264174
vn 0.71976727247238 -0.69417285919189 0.00768768461421
vn 0.72594285011292 -0.68775504827499 0
vn 0.7259584069252 -0.68773859739304 0
vn 0.71970587968826 -0.69423651695251 -0.0076876967214
vn 0.71972095966339 -0.69422090053558 -0.00768752396107
vn -0.72030448913574 -0.69361609220505 -0.00762524595484
vn -0.72030431032181 -0.69361597299576 -0.00765649508685
vn -0.72676354646683 -0.68688774108887 0
vn -0.7202582359314 -0.69366413354874 0.00762508669868
vn -0.72027385234833 -0.69364792108536 0.0076252524741
vn -0.46067789196968 -0.53164994716644 -0.71072089672089
vn -0.29222562909126 -0.63989007472992 -0.71073549985886
vn -0.1000964269042 -0.69633108377457 -0.71070647239685
vn 0.1000964269042 -0.69633108377457 -0.71070647239685
vn 0.29222625494003 -0.63992267847061 -0.71070581674576
vn 0.46069484949112 -0.53166472911835 -0.71069884300232
vn -0.59180510044098 -0.38032782077789 -0.71071618795395
vn 0.59180510044098 -0.38032782077789 -0.71071618795395
vn -0.68480432033539 -0.18719381093979 -0.70427370071411
vn -0.68480032682419 -0.18722397089005 -0.70426958799362
vn 0.67780768871307 -0.18700730800629 -0.7110590338707
vn -0.71358406543732 -0.09303406625986 -0.69436478614807
vn 0.70122516155243 -0.09106333553791 -0.70710027217865
vn -0.00003125061266 0.71938908100128 -0.69460731744766
vn -0.7643409371376 0.64480519294739 0.00303136277944
vn 0.73790264129639 0.67490035295486 0.00303136371076
vn -0.67780768871307 -0.18700730800629 0.7110590338707
vn -0.70120924711227 -0.09106533229351 0.70711570978165
vn -0.75125879049301 0.66000771522522 0
vn 0.00003125061266 0.71938908100128 0.69460731744766
vn 0.76432555913925 0.64482355117798 -0.00300005124882
vn 0.68480032682419 -0.18722397089005 0.70426958799362
vn 0.68480432033539 -0.18719381093979 0.70427370071411
vn 0.71358406543732 -0.09303406625986 0.69436478614807
vn -0.59180510044098 -0.38032782077789 0.71071618795395
vn 0.59180510044098 -0.38032782077789 0.71071618795395
vn -0.46067789196968 -0.53164994716644 0.71072089672089
vn 0.46069484949112 -0.53166472911835 0.71069884300232
vn -0.29222562909126 -0.63989007472992 0.71073549985886
vn 0.29222625494003 -0.63992267847061 0.71070581674576
vn -0.1000964269042 -0.69633108377457 0.71070647239685
vn 0.1000964269042 -0.69633108377457 0.71070647239685
vn -0.46070250868797 -0.53164231777191 -0.71071070432663
vn -0.29222625494003 -0.63992267847061 -0.71070581674576
vn 0.46067789196968 -0.53164994716644 -0.71072089672089
vn 0.59179198741913 -0.38031938672066 -0.71073162555695
vn -0.67773431539536 -0.18731679022312 -0.7110475897789
vn 0.67773431539536 -0.18731679022312 -0.7110475897789
vn -0.70122516155243 -0.09106333553791 -0.70710027217865
vn 0.70124065876007 -0.09106534719467 -0.70708459615707
vn -0.68465399742126 -0.18713290989399 0.70443606376648
vn -0.68467462062836 -0.18709875643253 0.70442509651184
vn -0.71344846487045 -0.09228266775608 0.69460439682007
vn 0.67773431539536 -0.18731679022312 0.7110475897789
vn 0.70122516155243 -0.09106333553791 0.70710027217865
vn 0.59179198741913 -0.38031938672066 0.71073162555695
vn 0.46067789196968 -0.53164994716644 0.71072089672089
vn -0.29222625494003 -0.63992267847061 0.71070581674576
vn -0.14231380820274 -0.98982161283493 0
vn -0.41541039943695 -0.90963411331177 0
vn 0.41541039943695 -0.90963411331177 0
vn 0.14231380820274 -0.98982161283493 0
vn -0.96375662088394 -0.26678305864334 0
vn -0.96374636888504 -0.26682013273239 0
vn 0.96385157108307 -0.26643967628479 0
vn -0.99167275428772 -0.12878338992596 0
vn 0.99167275428772 -0.12878338992596 0
vn 0.96375662088394 -0.26678305864334 0
vn 0.96374636888504 -0.26682013273239 0
vn 0.65486627817154 -0.7557447552681 0
vn -0.42248070240021 0.39538618922234 -0.81558555364609
vn 0.43538215756416 0.38128754496574 -0.81551343202591
vn -0.43538215756416 0.38128754496574 0.81551343202591
vn 0.42250639200211 0.39538097381592 0.81557476520538
vn -0.59704083204269 0.52444589138031 -0.60704100131989
vn 0.5970521569252 0.52445584535599 -0.60702127218246
vn -0.65139728784561 0.48954799771309 0.57967609167099
vn 0.59702223539352 0.52448832988739 0.60702258348465
vn 0.10475280880928 0.71426916122437 0.69198727607727
vn -0.67714881896973 0.18950667977333 0.71102505922318
vn -0.70316684246063 0.09693896770477 0.70438569784164
vn -0.70539730787277 0.10247198492289 0.70136594772339
vn -0.66494941711426 0.74688839912415 -0.00009375168156
vn 0.67714881896973 0.18950667977333 0.71102505922318
vn 0.70545345544815 0.10212731361389 0.70135968923569
vn 0.70311439037323 0.09656532853842 0.70448940992355
vn -0.10059597343206 0.70104676485062 0.70598435401916
vn 0.66494941711426 0.74688839912415 0.00009375168156
vn 0.67114078998566 0.74132990837097 0.00015625366359
vn 0.65485084056854 0.75575816631317 0
vn 0.46067023277283 0.53167241811752 0.71070909500122
vn 0.29222562909126 0.63989007472992 0.71073549985886
vn 0.10009638220072 0.69629955291748 0.71073740720749
vn -0.10009420663118 0.69631564617157 0.71072196960449
vn -0.29222562909126 0.63989007472992 0.71073549985886
vn -0.4606676697731 0.53163814544678 0.71073633432388
vn 0.67714881896973 0.18950667977333 -0.71102505922318
vn 0.70316684246063 0.09693896770477 -0.70438569784164
vn 0.70539730787277 0.10247198492289 -0.70136594772339
vn 0.29222562909126 0.63989007472992 -0.71073549985886
vn 0.10009638220072 0.69629955291748 -0.71073740720749
vn -0.10009420663118 0.69631564617157 -0.71072196960449
vn -0.29222562909126 0.63989007472992 -0.71073549985886
vn -0.59182542562485 0.38032078742981 -0.71070301532745
vn -0.67714881896973 0.18950667977333 -0.71102505922318
vn -0.70545345544815 0.10212731361389 -0.70135968923569
vn -0.70311439037323 0.09656532853842 -0.70448940992355
vn 0.10059597343206 0.70104676485062 -0.70598435401916
vn -0.67114078998566 0.74132990837097 -0.00015625366359
vn -0.10475280880928 0.71426916122437 -0.69198727607727
vn -0.67110806703568 0.74135953187942 -0.00025000533788
vn 0.10478265583515 0.71372836828232 0.69254052639008
vn -0.67713379859924 0.18950247764587 0.71104049682617
vn -0.67713379859924 0.18950247764587 -0.71104049682617
vn 0.10062842071056 0.69989877939224 -0.70711779594421
vn 0.67110806703568 0.74135953187942 0.00025000533788
vn 0.67713379859924 0.18950247764587 -0.71104049682617
vn 0.70315110683441 0.09694109857082 -0.70440113544464
vn 0.59182542562485 0.38032078742981 0.71070301532745
vn -0.10009638220072 0.69629955291748 0.71073740720749
vn 0.59179198741913 0.38031938672066 -0.71073162555695
vn 0.4606676697731 0.53163814544678 -0.71073633432388
vn -0.10009638220072 0.69629955291748 -0.71073740720749
vn -0.4606676697731 0.53163814544678 -0.71073633432388
vn -0.59179198741913 0.38031938672066 -0.71073162555695
vn -0.10062620043755 0.69988334178925 0.70713341236114
vn -0.10462699830532 0.71320116519928 -0.69310700893402
vn 0.70541298389435 0.10246972739697 -0.70135045051575
vn 0.10462699830532 0.71320116519928 0.69310700893402
vn -0.70539504289627 0.10250290483236 0.70136368274689
vn -0.70548468828201 0.10212729871273 -0.70132827758789
vn 0.10062620043755 0.69988334178925 -0.70713341236114
vn 0.59179198741913 0.38031938672066 0.71073162555695
vn 0.4606676697731 0.53163814544678 0.71073633432388
vn 0.70223838090897 0.09187757223845 0.70598846673965
vn 0.67804199457169 0.18847174942493 0.71044874191284
vn 0.46069484949112 0.53166472911835 -0.71069884300232
vn 0.67804199457169 0.18847174942493 -0.71044874191284
vn 0.70226973295212 0.09187757968903 -0.70595735311508
vn -0.29222625494003 0.63992267847061 -0.71070581674576
vn -0.46069484949112 0.53166472911835 0.71069884300232
vn -0.59182542562485 0.38032078742981 0.71070301532745
vn -0.67805707454681 0.18847592175007 0.71043330430984
vn -0.67804199457169 0.18847174942493 -0.71044874191284
vn -0.70223838090897 0.09187757223845 0.70598846673965
vn -0.70225423574448 0.0918755531311 -0.70597296953201
vn -0.60436117649078 0.79671043157578 0
vn 0.6043461561203 0.79672187566757 0
vn 0.60436117649078 0.79671043157578 0
vn 0.70225423574448 0.0918755531311 0.70597296953201
vn 0.10009420663118 0.69631564617157 0.71072196960449
vn 0.10009420663118 0.69631564617157 -0.71072196960449
vn -0.46067023277283 0.53167241811752 0.71070909500122
vn -0.59179198741913 0.38031938672066 0.71073162555695
vn -0.67748779058456 0.18819276988506 0.71105116605759
vn -0.67748779058456 0.18819276988506 -0.71105116605759
vn -0.70113545656204 0.09172011166811 0.70710432529449
vn -0.70113545656204 0.09172011166811 -0.70710432529449
vn 0.96308594942093 0.26919406652451 0
vn -0.96308594942093 0.26919406652451 0
vn -0.99751389026642 0.07046973705292 0
vn 0.99751389026642 0.07046973705292 0
vn -0.99155449867249 0.12969054281712 0
vn 0.99155449867249 0.12969054281712 0
vn -0.99756449460983 0.06975013762712 0
vn -0.99662971496582 0.08203163743019 0
vn 0.99756449460983 0.06975013762712 0
vn 0.99662971496582 0.08203163743019 0
vn -0.77919977903366 0.45235088467598 0.43385061621666
vn 0.7845750451088 0.4554760158062 0.42069420218468
vn -0.78458619117737 0.45545125007629 -0.42070019245148
vn 0.77921038866043 0.45235702395439 -0.43382522463799
vn -0.77929216623306 0.45216256380081 0.43388104438782
vn -0.78445994853973 0.4556693136692 -0.42069953680038
vn 0.78465574979782 0.45529907941818 0.4207352399826
vn 0.77911800146103 0.45254534482956 -0.43379473686218
vn 0.78448230028152 0.45566409826279 0.42066350579262
vn 0.77930271625519 0.45216870307922 -0.43385571241379
vn -0.7791074514389 0.45253920555115 0.43382012844086
vn -0.78464543819427 0.4552931189537 -0.4207609295845
vn -0.49452182650566 0.65187245607376 0.57490038871765
vn -0.49447923898697 0.65188884735107 -0.57491844892502
vn 0.49451175332069 0.65189045667648 0.57488864660263
vn 0.49451175332069 0.65189045667648 -0.57488864660263
vn -0.69947475194931 -0.10365714132786 0.70709985494614
vn -0.67364233732224 -0.20306773483753 0.71061205863953
vn 0.10009420663118 -0.69631564617157 0.71072196960449
vn 0.29223209619522 -0.63990426063538 0.71072000265121
vn 0.46067023277283 -0.53167241811752 0.71070909500122
vn 0.67364233732224 -0.20306773483753 0.71061205863953
vn 0.69947475194931 -0.10365714132786 0.70709985494614
vn 0.00493761990219 -0.71401727199554 0.70011067390442
vn 0.65179497003555 -0.7583909034729 0.00256255385466
vn 0.65251868963242 -0.75777173042297 0.00118753407151
vn 0.0017187744379 -0.7120726108551 0.70210373401642
vn -0.65206462144852 -0.7581587433815 0.0026562588755
vn -0.00515639735386 -0.71361410617828 0.70052003860474
vn -0.00200007436797 -0.71193271875381 0.70224487781525
vn -0.65267008543015 -0.75764101743698 0.00137502909638
vn -0.05196998268366 -0.99864864349365 0
vn -0.04837580770254 -0.99882918596268 0
vn 0.0495635420084 -0.99877095222473 0
vn 0.0462822727859 -0.99892842769623 0
vn -0.69945657253265 -0.10369032621384 -0.70711302757263
vn -0.67363381385803 -0.20312765240669 -0.71060305833817
vn 0.67363381385803 -0.20312765240669 -0.71060305833817
vn 0.69945657253265 -0.10369032621384 -0.70711302757263
vn 0.65076148509979 -0.75926339626312 -0.00534384464845
vn 0.00996892433614 -0.71616876125336 -0.69785594940186
vn 0.00393758015707 -0.71295201778412 -0.70120179653168
vn 0.65201330184937 -0.75820297002792 -0.00262505351566
vn -0.00984399486333 -0.71698665618896 -0.69701737165451
vn -0.6503911614418 -0.75958132743835 -0.00525013031438
vn -0.65191340446472 -0.75828951597214 -0.00243752659298
vn -0.00362506555393 -0.7132316827774 -0.70091897249222
vn -0.95747035741806 -0.28853172063828 0
vn 0.95747035741806 -0.28853172063828 0
vn 0.98920565843582 -0.14653395116329 0
vn -0.98920565843582 -0.14653395116329 0
vn -0.05193881317973 -0.99865025281906 0
vn -0.04831345379353 -0.99883222579956 0
vn 0.0462510921061 -0.9989298582077 0
vn 0.04953236877918 -0.9987725019455 0
vn -0.05056260898709 -0.99872088432312 0
vn 0.04821991920471 -0.99883675575256 0
vn -0.05046909675002 -0.9987256526947 0
vn 0.04809520766139 -0.99884277582169 0
# 274 normals

vt 0.60835701227188 0.94377261400223 0
vt 0.60835701227188 0.96795469522476 0
vt 0.64173340797424 0.96795469522476 0
vt 0.64173340797424 0.94377249479294 0
vt 0.60835701227188 0.91959047317505 0
vt 0.64173340797424 0.91959047317505 0
vt 0.60835701227188 0.89540839195251 0
vt 0.64173340797424 0.8954085111618 0
vt 0.60835701227188 0.87122642993927 0
vt 0.64173340797424 0.87122642993927 0
vt 0.60835701227188 0.84704440832138 0
vt 0.64173340797424 0.84704440832138 0
vt 0.60835701227188 0.8228622674942 0
vt 0.64173340797424 0.8228622674942 0
vt 0.60835701227188 0.79868030548096 0
vt 0.64173340797424 0.79868018627167 0
vt 0.60835701227188 0.77449822425842 0
vt 0.64173340797424 0.77449822425842 0
vt 0.60835701227188 0.75031614303589 0
vt 0.64173340797424 0.75031614303589 0
vt 0.89744740724564 0.69844353199005 0
vt 0.89744740724564 0.72262561321259 0
vt 0.92859870195389 0.72262561321259 0
vt 0.92859870195389 0.69844353199005 0
vt 0.89744740724564 0.74680769443512 0
vt 0.92859870195389 0.74680763483047 0
vt 0.89744740724564 0.77098971605301 0
vt 0.92859870195389 0.77098971605301 0
vt 0.89744740724564 0.79517179727554 0
vt 0.92859870195389 0.7951717376709 0
vt 0.89744740724564 0.81935381889343 0
vt 0.92859870195389 0.81935381889343 0
vt 0.89744740724564 0.84353578090668 0
vt 0.92859870195389 0.84353578090668 0
vt 0.89744740724564 0.86771792173386 0
vt 0.92859870195389 0.86771792173386 0
vt 0.89744740724564 0.8918998837471 0
vt 0.92859870195389 0.8918998837471 0
vt 0.89744740724564 0.91608208417892 0
vt 0.92859870195389 0.91608202457428 0
vt 0.91750401258469 0.44161880016327 0
vt 0.91622132062912 0.43961787223816 0
vt 0.89364147186279 0.44992566108704 0
vt 0.8942968249321 0.45221018791199 0
vt 0.86651957035065 0.45360887050629 0
vt 0.86668860912323 0.4559690952301 0
vt 0.93680691719055 0.42493200302124 0
vt 0.93501317501068 0.4233729839325 0
vt 0.95062899589539 0.40348052978516 0
vt 0.94846832752228 0.40249037742615 0
vt 0.9578366279602 0.3789998292923 0
vt 0.95548421144485 0.37865948677063 0
vt 0.95783931016922 0.35347986221313 0
vt 0.95548647642136 0.35381734371185 0
vt 0.95063561201096 0.32899737358093 0
vt 0.9484738111496 0.32998538017273 0
vt 0.93681460618973 0.30754458904266 0
vt 0.9350191950798 0.30910229682922 0
vt 0.91751092672348 0.29085886478424 0
vt 0.9162266254425 0.29285848140717 0
vt 0.8943036198616 0.28026723861694 0
vt 0.89364570379257 0.28255248069763 0
vt 0.86669301986694 0.27651166915894 0
vt 0.86652499437332 0.27887010574341 0
vt 0.85054171085358 0.27658271789551 0
vt 0.85068577528 0.27890706062317 0
vt 0.85068142414093 0.45357227325439 0
vt 0.85052907466888 0.45588231086731 0
vt 0.80233079195023 0.18492567539215 0
vt 0.80104672908783 0.18692564964294 0
vt 0.82425260543823 0.19751632213593 0
vt 0.82491087913513 0.19523108005524 0
vt 0.85186237096786 0.20127618312836 0
vt 0.852030813694 0.19891786575317 0
vt 0.78353381156921 0.16868817806244 0
vt 0.78173911571503 0.17024648189545 0
vt 0.77007037401199 0.14781033992767 0
vt 0.76790910959244 0.1487991809845 0
vt 0.76305109262466 0.123978972435 0
vt 0.76069837808609 0.12431681156158 0
vt 0.76305460929871 0.09913504123688 0
vt 0.76070231199265 0.09879434108734 0
vt 0.77007871866226 0.07530546188354 0
vt 0.76791840791702 0.07431447505951 0
vt 0.7835419178009 0.05442845821381 0
vt 0.78174871206284 0.05286872386932 0
vt 0.80233561992645 0.03818738460541 0
vt 0.80105268955231 0.03618657588959 0
vt 0.8249117732048 0.02787530422211 0
vt 0.82425582408905 0.02559101581573 0
vt 0.85203242301941 0.02418148517609 0
vt 0.85186272859573 0.02182126045227 0
vt 0.8678719997406 0.02421677112579 0
vt 0.86802399158478 0.02190661430359 0
vt 0.86801481246948 0.2012060880661 0
vt 0.86787062883377 0.19888198375702 0
vt 0.84178298711777 0.65030163526535 0
vt 0.83942300081253 0.65031749010086 0
vt 0.83940517902374 0.66533422470093 0
vt 0.8417661190033 0.66533559560776 0
vt 0.84823167324066 0.28835761547089 0
vt 0.8505933880806 0.28832793235779 0
vt 0.84841769933701 0.27864825725555 0
vt 0.83944571018219 0.41663408279419 0
vt 0.84180527925491 0.41661894321442 0
vt 0.84180337190628 0.40157914161682 0
vt 0.83944141864777 0.40157830715179 0
vt 0.86796379089355 0.03363955020905 0
vt 0.87032389640808 0.03366994857788 0
vt 0.87016552686691 0.02397286891937 0
vt 0.66464960575104 0.65014600753784 0
vt 0.66228991746902 0.65016150474548 0
vt 0.66229689121246 0.66520291566849 0
vt 0.66465908288956 0.66520303487778 0
vt 0.85059171915054 0.44414961338043 0
vt 0.84823167324066 0.4440575838089 0
vt 0.84838801622391 0.45381593704224 0
vt 0.87032389640808 0.18936407566071 0
vt 0.86796200275421 0.18946027755737 0
vt 0.87013930082321 0.19913947582245 0
vt 0.66229611635208 0.41647911071777 0
vt 0.66465622186661 0.41646385192871 0
vt 0.66468572616577 0.4014447927475 0
vt 0.66232472658157 0.40144169330597 0
vt 0.6645839214325 0.61677134037018 0
vt 0.66222357749939 0.61677271127701 0
vt 0.66458410024643 0.60009199380875 0
vt 0.66222417354584 0.60008460283279 0
vt 0.66458469629288 0.54889464378357 0
vt 0.66222470998764 0.54890382289886 0
vt 0.6645849943161 0.51774102449417 0
vt 0.66222500801086 0.51775014400482 0
vt 0.66458517313004 0.46655559539795 0
vt 0.66222548484802 0.46656882762909 0
vt 0.66458427906036 0.44987607002258 0
vt 0.66222357749939 0.44987964630127 0
vt 0.839510679245 0.45000815391541 0
vt 0.84187108278275 0.45000684261322 0
vt 0.83950817584991 0.46668863296509 0
vt 0.8418682217598 0.46669638156891 0
vt 0.83950299024582 0.51788979768753 0
vt 0.84186297655106 0.51788091659546 0
vt 0.83949971199036 0.54904562234879 0
vt 0.84185981750488 0.54903680086136 0
vt 0.8394947052002 0.60023432970047 0
vt 0.84185427427292 0.60022133588791 0
vt 0.83949381113052 0.61691439151764 0
vt 0.84185439348221 0.61691081523895 0
vt 0.8654317855835 0.44414484500885 0
vt 0.86543518304825 0.28833401203156 0
vt 0.44044658541679 0.70118653774261 0
vt 0.40707010030746 0.70118188858032 0
vt 0.407052308321 0.71688830852509 0
vt 0.44042909145355 0.71629351377487 0
vt 0.64070558547974 0.70122110843658 0
vt 0.60732930898666 0.70121610164642 0
vt 0.60734218358994 0.71632319688797 0
vt 0.6407191157341 0.71692728996277 0
vt 0.85312271118164 0.03364515304565 0
vt 0.85312169790268 0.18945419788361 0
vt 0.60733360052109 0.4171347618103 0
vt 0.64071011543274 0.41713929176331 0
vt 0.64072769880295 0.40143287181854 0
vt 0.60735100507736 0.40202581882477 0
vt 0.40707451105118 0.41710007190704 0
vt 0.44045090675354 0.4171050786972 0
vt 0.44043791294098 0.40199625492096 0
vt 0.40706101059914 0.40139389038086 0
vt 0.91832327842712 0.46100234985352 0
vt 0.91783672571182 0.46075570583344 0
vt 0.91030359268188 0.4837486743927 0
vt 0.91083371639252 0.48386943340302 0
vt 0.90714818239212 0.50760400295258 0
vt 0.90768992900848 0.50763893127441 0
vt 0.90720731019974 0.5316207408905 0
vt 0.90774869918823 0.53158318996429 0
vt 0.9104630947113 0.55546098947525 0
vt 0.91099262237549 0.55533874034882 0
vt 0.9180400967598 0.57843834161758 0
vt 0.91852629184723 0.57819223403931 0
vt 0.93237149715424 0.44137418270111 0
vt 0.93202638626099 0.44094967842102 0
vt 0.93218302726746 0.59828513860703 0
vt 0.93252962827682 0.59786313772202 0
vt 0.95426291227341 0.43163406848907 0
vt 0.95427751541138 0.43108904361725 0
vt 0.95438712835312 0.6082689166069 0
vt 0.95437157154083 0.60772413015366 0
vt 0.9777370095253 0.44260048866272 0
vt 0.97839391231537 0.44230687618256 0
vt 0.97839957475662 0.59682279825211 0
vt 0.97777497768402 0.59653478860855 0
vt 0.97834438085556 0.59515959024429 0
vt 0.97890371084213 0.59555679559708 0
vt 0.97890371084213 0.44358777999878 0
vt 0.97836357355118 0.44395840167999 0
vt 0.97500520944595 0.44412422180176 0
vt 0.97510600090027 0.44430458545685 0
vt 0.97511380910873 0.59484124183655 0
vt 0.97503739595413 0.59502422809601 0
vt 0.31476050615311 0.48723304271698 0
vt 0.31474539637566 0.48668813705444 0
vt 0.29071688652039 0.49810576438904 0
vt 0.29134130477905 0.49839437007904 0
vt 0.29399698972702 0.50008898973465 0
vt 0.29407671093941 0.49988830089569 0
vt 0.2907666862011 0.49977147579193 0
vt 0.29020738601685 0.65134733915329 0
vt 0.29074749350548 0.65097659826279 0
vt 0.29020738601685 0.49937427043915 0
vt 0.29410579800606 0.6508110165596 0
vt 0.29400509595871 0.65063071250916 0
vt 0.29137361049652 0.65233421325684 0
vt 0.31482699513435 0.66385650634766 0
vt 0.31484180688858 0.66331160068512 0
vt 0.29071658849716 0.65262740850449 0
vt 0.33659648895264 0.49710547924042 0
vt 0.33694329857826 0.49668371677399 0
vt 0.3370817899704 0.65400803089142 0
vt 0.33673688769341 0.65358352661133 0
vt 0.35059440135956 0.51677840948105 0
vt 0.35108059644699 0.51653242111206 0
vt 0.35127660632133 0.63420742750168 0
vt 0.35079011321068 0.63396072387695 0
vt 0.35812440514565 0.53963142633438 0
vt 0.35865381360054 0.5395091176033 0
vt 0.35881119966507 0.61121642589569 0
vt 0.35828110575676 0.61109572649002 0
vt 0.36136600375175 0.56338530778885 0
vt 0.36190739274025 0.56334781646729 0
vt 0.36196610331535 0.58736270666122 0
vt 0.36142438650131 0.58732783794403 0
vt 0.92176461219788 0.46274137496948 0
vt 0.921277821064 0.46249580383301 0
vt 0.91407412290573 0.48460817337036 0
vt 0.91460430622101 0.4847286939621 0
vt 0.91101229190826 0.50785332918167 0
vt 0.91155397891998 0.50788819789886 0
vt 0.911072909832 0.53135108947754 0
vt 0.9116142988205 0.53131353855133 0
vt 0.92149537801743 0.57668179273605 0
vt 0.92198157310486 0.57643663883209 0
vt 0.91476911306381 0.55446153879166 0
vt 0.91423970460892 0.55458378791809 0
vt 0.93480801582336 0.44432282447815 0
vt 0.93445992469788 0.44390153884888 0
vt 0.93463629484177 0.59530448913574 0
vt 0.93498718738556 0.59488689899445 0
vt 0.95422399044037 0.43539917469025 0
vt 0.95423060655594 0.43485379219055 0
vt 0.95428669452667 0.60458463430405 0
vt 0.95428150892258 0.60404044389725 0
vt 0.97457408905029 0.44439768791199 0
vt 0.9745836853981 0.5947499871254 0
vt 0.2945368885994 0.65053761005402 0
vt 0.29452678561211 0.50018060207367 0
vt 0.31484711170197 0.49091684818268 0
vt 0.31484270095825 0.49037265777588 0
vt 0.33413779735565 0.50008070468903 0
vt 0.33448880910873 0.49966335296631 0
vt 0.31487581133842 0.660091817379 0
vt 0.3148826956749 0.6595464348793 0
vt 0.33464959263802 0.65105539560318 0
vt 0.33430171012878 0.65063399076462 0
vt 0.34713879227638 0.51853311061859 0
vt 0.34762498736382 0.51828813552856 0
vt 0.34783589839935 0.6324667930603 0
vt 0.34734919667244 0.63222122192383 0
vt 0.35434779524803 0.54050803184509 0
vt 0.35487720370293 0.5403858423233 0
vt 0.35504078865051 0.61035692691803 0
vt 0.3545106947422 0.610236287117 0
vt 0.35750040411949 0.56365472078323 0
vt 0.35804179310799 0.56361722946167 0
vt 0.3581021130085 0.58711349964142 0
vt 0.35756048560143 0.58707851171494 0
vt 0.67232358455658 0.77171510457993 0
vt 0.67852932214737 0.79284989833832 0
vt 0.67852932214737 0.7285532951355 0
vt 0.67232358455658 0.74968808889389 0
vt 0.69043797254562 0.8113802075386 0
vt 0.69043809175491 0.71002298593521 0
vt 0.7070848941803 0.82580482959747 0
vt 0.70708501338959 0.69559842348099 0
vt 0.72711902856827 0.8349541425705 0
vt 0.72711908817291 0.68644911050797 0
vt 0.75177329778671 0.83815652132034 0
vt 0.75177329778671 0.68324673175812 0
vt 0.18584090471268 0.65109539031982 0
vt 0.21049520373344 0.64789301156998 0
vt 0.21049509942532 0.49938797950745 0
vt 0.18584090471268 0.49618566036224 0
vt 0.23052920401096 0.63874369859695 0
vt 0.23052920401096 0.50853729248047 0
vt 0.24717620015144 0.62431913614273 0
vt 0.24717609584332 0.52296191453934 0
vt 0.25908491015434 0.60578882694244 0
vt 0.25908479094505 0.54149222373962 0
vt 0.26529058814049 0.58465403318405 0
vt 0.26529058814049 0.56262701749802 0
vt 0.94640028476715 0.37735021114349 0
vt 0.94012302160263 0.39867091178894 0
vt 0.94012838602066 0.33380436897278 0
vt 0.94640249013901 0.35512554645538 0
vt 0.92808300256729 0.41735553741455 0
vt 0.92808967828751 0.3151193857193 0
vt 0.91126257181168 0.43189370632172 0
vt 0.91126900911331 0.30058109760284 0
vt 0.89102518558502 0.44113540649414 0
vt 0.89102989435196 0.29134440422058 0
vt 0.86583352088928 0.44451820850372 0
vt 0.86583721637726 0.28796017169952 0
vt 0.85271978378296 0.18982791900635 0
vt 0.82752752304077 0.18643939495087 0
vt 0.82753092050552 0.03666436672211 0
vt 0.85272097587585 0.03327167034149 0
vt 0.80728697776794 0.17720234394073 0
vt 0.80729407072067 0.04591143131256 0
vt 0.79046100378036 0.16266858577728 0
vt 0.79047030210495 0.06044805049896 0
vt 0.77841448783875 0.14398849010468 0
vt 0.77842277288437 0.07912826538086 0
vt 0.77213507890701 0.12266969680786 0
vt 0.77213847637177 0.10044610500336 0
vt 0.83617198467255 0.80965089797974 0
vt 0.8398922085762 0.80967772006989 0
vt 0.83992159366608 0.77685964107513 0
vt 0.83620637655258 0.77685916423798 0
vt 0.65700387954712 0.80053114891052 0
vt 0.65340369939804 0.80149400234222 0
vt 0.66190850734711 0.83316051959991 0
vt 0.66548657417297 0.83220899105072 0
vt 0.10332729667425 0.65523409843445 0
vt 0.10293389856815 0.65524512529373 0
vt 0.10481890290976 0.70642989873886 0
vt 0.10520110279322 0.70611500740051 0
vt 0.10861430317163 0.70633190870285 0
vt 0.1086248010397 0.70597243309021 0
vt 0.10516860336065 0.70655882358551 0
vt 0.10684210062027 0.73405301570892 0
vt 0.10722830146551 0.73396289348602 0
vt 0.10475389659405 0.70631659030914 0
vt 0.1029094979167 0.62403333187103 0
vt 0.10251600295305 0.62403291463852 0
vt 0.27726531028748 0.73827809095383 0
vt 0.27764341235161 0.7383975982666 0
vt 0.28203940391541 0.71094691753387 0
vt 0.28160530328751 0.71114552021027 0
vt 0.27820008993149 0.71052259206772 0
vt 0.27818870544434 0.71066492795944 0
vt 0.28164130449295 0.71067142486572 0
vt 0.28333470225334 0.65974861383438 0
vt 0.28294119238853 0.6597403883934 0
vt 0.28201249241829 0.71095150709152 0
vt 0.28372400999069 0.62854498624802 0
vt 0.28333041071892 0.62854331731796 0
vt 0.26612341403961 0.76096546649933 0
vt 0.26645061373711 0.76118922233582 0
vt 0.2490501999855 0.77959907054901 0
vt 0.24930149316788 0.7799054980278 0
vt 0.2274504005909 0.79271018505096 0
vt 0.22760610282421 0.79307460784912 0
vt 0.20305250585079 0.79927361011505 0
vt 0.20310039818287 0.79966700077057 0
vt 0.17779119312763 0.79875642061234 0
vt 0.17772689461708 0.79914748668671 0
vt 0.15369120240211 0.79115056991577 0
vt 0.15351890027523 0.79150760173798 0
vt 0.13274469971657 0.77699720859528 0
vt 0.13247729837894 0.77728986740112 0
vt 0.11676689982414 0.75739330053329 0
vt 0.11642590165138 0.75759571790695 0
vt 0.26956859230995 0.52667343616486 0
vt 0.26923450827599 0.52688652276993 0
vt 0.27969160676003 0.54988932609558 0
vt 0.28007289767265 0.54978060722351 0
vt 0.2832955121994 0.57712453603745 0
vt 0.28372400999069 0.5773349404335 0
vt 0.2530680000782 0.50739753246307 0
vt 0.25280579924583 0.50769460201263 0
vt 0.23190839588642 0.49340784549713 0
vt 0.23173770308495 0.49376547336578 0
vt 0.20773330330849 0.48573958873749 0
vt 0.20766679942608 0.48613035678864 0
vt 0.18238189816475 0.48497402667999 0
vt 0.18242500722408 0.48536789417267 0
vt 0.15779219567776 0.49121391773224 0
vt 0.15794250369072 0.4915806055069 0
vt 0.13590329885483 0.50405949354172 0
vt 0.13615049421787 0.50436931848526 0
vt 0.11853490024805 0.52258384227753 0
vt 0.11886029690504 0.52281010150909 0
vt 0.10723289847374 0.54533791542053 0
vt 0.10761120170355 0.54545730352402 0
vt 0.1029708981514 0.57282114028931 0
vt 0.10340390354395 0.57262021303177 0
vt 0.10681530088186 0.5732057094574 0
vt 0.10682520270348 0.57306283712387 0
vt 0.10337270051241 0.57310199737549 0
vt 0.10299690067768 0.57282799482346 0
vt 0.28369170427322 0.57732844352722 0
vt 0.28329938650131 0.57762122154236 0
vt 0.27986800670624 0.57751649618149 0
vt 0.279875010252 0.57765853404999 0
vt 0.26790431141853 0.80994421243668 0
vt 0.26752719283104 0.809679210186 0
vt 0.26753050088882 0.84304308891296 0
vt 0.26792159676552 0.84275549650192 0
vt 0.27134409546852 0.84309864044189 0
vt 0.27162730693817 0.84272837638855 0
vt 0.26789128780365 0.84323596954346 0
vt 0.26877298951149 0.87075257301331 0
vt 0.26916161179543 0.87067329883575 0
vt 0.26748248934746 0.84298956394196 0
vt 0.26916798949242 0.78204840421677 0
vt 0.2687793970108 0.78196883201599 0
vt 0.26748469471931 0.80973124504089 0
vt 0.26789370179176 0.80948501825333 0
vt 0.27162700891495 0.80999362468719 0
vt 0.27134591341019 0.80962240695953 0
vt 0.43360650539398 0.8707138299942 0
vt 0.43399500846863 0.87079411745071 0
vt 0.43536189198494 0.84303665161133 0
vt 0.43495219945908 0.84328138828278 0
vt 0.43151089549065 0.84277069568634 0
vt 0.43149548768997 0.84313368797302 0
vt 0.43494960665703 0.8428225517273 0
vt 0.43532139062881 0.80971646308899 0
vt 0.43493029475212 0.81000363826752 0
vt 0.4353266954422 0.84308815002441 0
vt 0.43149510025978 0.80967092514038 0
vt 0.43150889873505 0.8100334405899 0
vt 0.43495228886604 0.80952334403992 0
vt 0.43400019407272 0.78201007843018 0
vt 0.43361189961433 0.78209030628204 0
vt 0.43536189198494 0.80976843833923 0
vt 0.4246219098568 0.89436739683151 0
vt 0.42496711015701 0.89456242322922 0
vt 0.40899679064751 0.91427087783813 0
vt 0.40926820039749 0.91455990076065 0
vt 0.38816010951996 0.92862629890442 0
vt 0.38833341002464 0.92898279428482 0
vt 0.36400020122528 0.93614310026169 0
vt 0.36405968666077 0.93653500080109 0
vt 0.33869799971581 0.93614602088928 0
vt 0.33863839507103 0.93653792142868 0
vt 0.31453710794449 0.92863082885742 0
vt 0.31436368823051 0.92898732423782 0
vt 0.29370531439781 0.91426712274551 0
vt 0.2934336066246 0.91455578804016 0
vt 0.27810141444206 0.89434540271759 0
vt 0.2777558863163 0.89453989267349 0
vt 0.42498129606247 0.75823843479156 0
vt 0.42463609576225 0.75843322277069 0
vt 0.40929239988327 0.73823320865631 0
vt 0.40902090072632 0.7385219335556 0
vt 0.38836520910263 0.72379940748215 0
vt 0.38819169998169 0.7241558432579 0
vt 0.36409559845924 0.71623420715332 0
vt 0.36403578519821 0.71662610769272 0
vt 0.33867439627647 0.71621763706207 0
vt 0.33873361349106 0.71660959720612 0
vt 0.31439560651779 0.7237554192543 0
vt 0.31456869840622 0.72411203384399 0
vt 0.29345810413361 0.73817628622055 0
vt 0.29372951388359 0.73846518993378 0
vt 0.27777069807053 0.75818479061127 0
vt 0.27811598777771 0.75837939977646 0
vt 0.83965277671814 0.83752357959747 0
vt 0.84004431962967 0.83758616447449 0
vt 0.84031730890274 0.80981588363647 0
vt 0.83991920948029 0.81008398532867 0
vt 0.83618360757828 0.81003361940384 0
vt 0.84031730890274 0.7765622138977 0
vt 0.84027111530304 0.80995619297028 0
vt 0.8361918926239 0.77647697925568 0
vt 0.83990961313248 0.77643847465515 0
vt 0.84020227193832 0.74894338846207 0
vt 0.83981049060822 0.74900311231613 0
vt 0.84030401706696 0.77671194076538 0
vt 0.65296530723572 0.8013231754303 0
vt 0.66160517930984 0.83353841304779 0
vt 0.66557651758194 0.83258283138275 0
vt 0.66198879480362 0.83361542224884 0
vt 0.66907751560211 0.86017143726349 0
vt 0.66943919658661 0.86000919342041 0
vt 0.66153478622437 0.83346843719482 0
vt 0.66621917486191 0.71631360054016 0
vt 0.6658815741539 0.71610599756241 0
vt 0.6548238992691 0.74154502153397 0
vt 0.65529412031174 0.74145019054413 0
vt 0.6568990945816 0.80015194416046 0
vt 0.65329897403717 0.80111467838287 0
vt 0.83193719387054 0.86157840490341 0
vt 0.83229327201843 0.86175221204758 0
vt 0.68281280994415 0.88150429725647 0
vt 0.68311208486557 0.88124459981918 0
vt 0.70199751853943 0.89810448884964 0
vt 0.70221167802811 0.8977712392807 0
vt 0.7250589132309 0.90866339206696 0
vt 0.72517162561417 0.90828359127045 0
vt 0.75014042854309 0.91239422559738 0
vt 0.75014340877533 0.91199803352356 0
vt 0.77527272701263 0.90905278921127 0
vt 0.77516639232636 0.90867120027542 0
vt 0.79851138591766 0.8989143371582 0
vt 0.79830402135849 0.89857679605484 0
vt 0.81804370880127 0.88274037837982 0
vt 0.81775069236755 0.88247382640839 0
vt 0.83268040418625 0.72471922636032 0
vt 0.83232229948044 0.72488862276077 0
vt 0.68235260248184 0.69693440198898 0
vt 0.68208479881287 0.69664251804352 0
vt 0.70302617549896 0.68251150846481 0
vt 0.7028443813324 0.68215960264206 0
vt 0.7267410159111 0.6739861369133 0
vt 0.72665697336197 0.67359912395477 0
vt 0.75185370445251 0.67190378904343 0
vt 0.75187289714813 0.67150831222534 0
vt 0.7766489982605 0.6764160990715 0
vt 0.77677059173584 0.67603921890259 0
vt 0.7994030714035 0.68727213144302 0
vt 0.7996199131012 0.68694061040878 0
vt 0.81845772266388 0.70379960536957 0
vt 0.81875562667847 0.70353853702545 0
vt 0.27780640125275 0.71054339408875 0
vt 0.27357420325279 0.73707914352417 0
vt 0.27395269274712 0.73719853162766 0
vt 0.26291850209236 0.75877487659454 0
vt 0.26324570178986 0.75899851322174 0
vt 0.24658860266209 0.7765976190567 0
vt 0.24683980643749 0.77690398693085 0
vt 0.25049981474876 0.51030719280243 0
vt 0.25023749470711 0.51060432195663 0
vt 0.26596200466156 0.52897351980209 0
vt 0.26629608869553 0.52876043319702 0
vt 0.27596870064735 0.55098271369934 0
vt 0.27635011076927 0.55087429285049 0
vt 0.27948209643364 0.57762771844864 0
vt 0.2259249985218 0.78914082050323 0
vt 0.22608070075512 0.7895051240921 0
vt 0.23023630678654 0.49690997600555 0
vt 0.2300655990839 0.49726760387421 0
vt 0.20258389413357 0.79542028903961 0
vt 0.20263169705868 0.79581367969513 0
vt 0.2070818990469 0.48956561088562 0
vt 0.20701549947262 0.48995625972748 0
vt 0.17842119932175 0.79492610692978 0
vt 0.1783569008112 0.79531711339951 0
vt 0.18280419707298 0.48883235454559 0
vt 0.18284730613232 0.48922622203827 0
vt 0.15537869930267 0.78765439987183 0
vt 0.15520639717579 0.78801131248474 0
vt 0.15926559269428 0.49480545520782 0
vt 0.15941590070724 0.49517202377319 0
vt 0.13536310195923 0.77413040399551 0
vt 0.13509580492973 0.77442300319672 0
vt 0.13832570612431 0.50709372758865 0
vt 0.13857290148735 0.50740343332291 0
vt 0.12010599672794 0.755411028862 0
vt 0.11976510286331 0.75561332702637 0
vt 0.12172310054302 0.52480053901672 0
vt 0.12204849720001 0.52502679824829 0
vt 0.11100199818611 0.73305010795593 0
vt 0.11061570048332 0.73313981294632 0
vt 0.11092419922352 0.54653573036194 0
vt 0.11130280047655 0.54665493965149 0
vt 0.1090065985918 0.70629799365997 0
vt 0.10720869898796 0.57317990064621 0
vt 0.10714589804411 0.65512752532959 0
vt 0.10675249993801 0.65513849258423 0
vt 0.10901810228825 0.70595782995224 0
vt 0.10633599758148 0.62403631210327 0
vt 0.10672949999571 0.6240366101265 0
vt 0.27951529622078 0.65966874361038 0
vt 0.27912178635597 0.6596605181694 0
vt 0.27951049804688 0.62852698564529 0
vt 0.27990409731865 0.62852871417999 0
vt 0.96151089668274 0.0048828125 0
vt 0.96111702919006 0.00489914417267 0
vt 0.96157968044281 0.03205013275146 0
vt 0.96197259426117 0.03204143047333 0
vt 0.96153658628464 0.05621886253357 0
vt 0.961929500103 0.05621790885925 0
vt 0.96150851249695 0.08039236068726 0
vt 0.96190142631531 0.0803918838501 0
vt 0.92827612161636 0.08038353919983 0
vt 0.92866897583008 0.08038282394409 0
vt 0.928646504879 0.05619096755981 0
vt 0.92825359106064 0.05619144439697 0
vt 0.92858332395554 0.03199422359467 0
vt 0.9281901717186 0.0319881439209 0
vt 0.92878967523575 0.00539231300354 0
vt 0.92839539051056 0.00537955760956 0
vt 0.96149897575378 0.10457265377045 0
vt 0.96189188957214 0.10457217693329 0
vt 0.92827939987183 0.10456848144531 0
vt 0.92867231369019 0.10456776618958 0
vt 0.96149551868439 0.12875485420227 0
vt 0.9618883728981 0.12875425815582 0
vt 0.928278028965 0.12875139713287 0
vt 0.928671002388 0.12875080108643 0
vt 0.96149331331253 0.15293741226196 0
vt 0.96188622713089 0.15293681621552 0
vt 0.92827588319778 0.15293395519257 0
vt 0.92866879701614 0.15293335914612 0
vt 0.96149188280106 0.17712068557739 0
vt 0.96188479661942 0.17711997032166 0
vt 0.9282723069191 0.17711591720581 0
vt 0.9286652803421 0.17711544036865 0
vt 0.96149492263794 0.20130574703217 0
vt 0.96188771724701 0.20130491256714 0
vt 0.92826247215271 0.20129597187042 0
vt 0.92865550518036 0.20129549503326 0
vt 0.96151679754257 0.22549760341644 0
vt 0.96190971136093 0.22549712657928 0
vt 0.92823398113251 0.22546994686127 0
vt 0.92862689495087 0.22546887397766 0
vt 0.96157962083817 0.24969518184662 0
vt 0.96197259426117 0.24970102310181 0
vt 0.92818987369537 0.24964547157288 0
vt 0.92858278751373 0.24963688850403 0
vt 0.9613773226738 0.27657556533813 0
vt 0.96177238225937 0.27631139755249 0
vt 0.92864567041397 0.27680373191833 0
vt 0.92904299497604 0.27706944942474 0
vt 0.43111619353294 0.81003099679947 0
vt 0.43111810088158 0.84277307987213 0
vt 0.60705417394638 0.67317700386047 0
vt 0.60705602169037 0.64784294366837 0
vt 0.59092408418655 0.64784210920334 0
vt 0.59092229604721 0.67317551374435 0
vt 0.60705661773682 0.62250870466232 0
vt 0.59092479944229 0.62250870466232 0
vt 0.60705608129501 0.59717482328415 0
vt 0.59092432260513 0.59717524051666 0
vt 0.60705500841141 0.5718407034874 0
vt 0.59092319011688 0.57184171676636 0
vt 0.607053399086 0.54650694131851 0
vt 0.59092158079147 0.54650789499283 0
vt 0.60705208778381 0.52117329835892 0
vt 0.59092020988464 0.52117413282394 0
vt 0.60705107450485 0.49583983421326 0
vt 0.59091937541962 0.49584007263184 0
vt 0.60705107450485 0.47050642967224 0
vt 0.59091937541962 0.47050595283508 0
vt 0.60705232620239 0.44517302513123 0
vt 0.59092050790787 0.44517195224762 0
vt 0.60705500841141 0.41743505001068 0
vt 0.59092307090759 0.41743314266205 0
vt 0.60705077648163 0.70091569423676 0
vt 0.59091907739639 0.70091342926025 0
vt 0.45685970783234 0.67314940690994 0
vt 0.45686089992523 0.64781528711319 0
vt 0.44072899222374 0.64781492948532 0
vt 0.44072780013084 0.67314833402634 0
vt 0.45686089992523 0.62248122692108 0
vt 0.44072899222374 0.62248152494431 0
vt 0.45686000585556 0.59714722633362 0
vt 0.44072818756104 0.597148001194 0
vt 0.45685848593712 0.57181340456009 0
vt 0.44072669744492 0.57181429862976 0
vt 0.456856995821 0.5464796423912 0
vt 0.4407252073288 0.54648059606552 0
vt 0.45685589313507 0.52114599943161 0
vt 0.44072410464287 0.52114653587341 0
vt 0.45685538649559 0.49581265449524 0
vt 0.44072359800339 0.49581265449524 0
vt 0.45685601234436 0.47047924995422 0
vt 0.44072419404984 0.4704784154892 0
vt 0.4568578004837 0.44514584541321 0
vt 0.4407260119915 0.44514429569244 0
vt 0.4568609893322 0.41740787029266 0
vt 0.44072920084 0.41740560531616 0
vt 0.456856995821 0.70088821649551 0
vt 0.44072499871254 0.70088630914688 0
vt 0.84654831886292 0.69844353199005 0
vt 0.84654831886292 0.72262561321259 0
vt 0.84654831886292 0.74680769443512 0
vt 0.84654831886292 0.77098971605301 0
vt 0.84654831886292 0.79517179727554 0
vt 0.84654831886292 0.81935381889343 0
vt 0.84654831886292 0.84353578090668 0
vt 0.84654831886292 0.86771792173386 0
vt 0.84654831886292 0.8918998837471 0
vt 0.84654831886292 0.91608202457428 0
vt 0.84655010700226 0.94296461343765 0
vt 0.89744740724564 0.94296461343765 0
vt 0.84655010700226 0.67156100273132 0
vt 0.89744740724564 0.67156094312668 0
vt 0.43020150065422 0.86997747421265 0
vt 0.42158570885658 0.89265203475952 0
vt 0.42159950733185 0.76014804840088 0
vt 0.43020489811897 0.78282672166824 0
vt 0.40660870075226 0.91172969341278 0
vt 0.40663230419159 0.74106270074844 0
vt 0.38663521409035 0.92549014091492 0
vt 0.38666620850563 0.72729164361954 0
vt 0.36347550153732 0.93269562721252 0
vt 0.36351040005684 0.72007340192795 0
vt 0.33922100067139 0.93269830942154 0
vt 0.3392558991909 0.72005742788315 0
vt 0.31606140732765 0.92549443244934 0
vt 0.3160924911499 0.7272487282753 0
vt 0.29609450697899 0.91172683238983 0
vt 0.29611840844154 0.74100589752197 0
vt 0.28113979101181 0.89263379573822 0
vt 0.28115430474281 0.76009154319763 0
vt 0.27257010340691 0.86994391679764 0
vt 0.27257460355759 0.7827775478363 0
vt 0.83594042062759 0.83689785003662 0
vt 0.8360937833786 0.74960154294968 0
vt 0.67286062240601 0.85843950510025 0
vt 0.66940957307816 0.71831262111664 0
vt 0.65869241952896 0.74298089742661 0
vt 0.68595588207245 0.87877607345581 0
vt 0.68489652872086 0.6997082233429 0
vt 0.70424717664719 0.89460331201553 0
vt 0.70475262403488 0.68585532903671 0
vt 0.72624212503433 0.90467381477356 0
vt 0.72753870487213 0.67766338586807 0
vt 0.75017207860947 0.90823310613632 0
vt 0.75167059898376 0.67566210031509 0
vt 0.77415591478348 0.90504431724548 0
vt 0.77549248933792 0.67999690771103 0
vt 0.79633188247681 0.89536917209625 0
vt 0.79734247922897 0.69042122364044 0
vt 0.81496542692184 0.87993961572647 0
vt 0.81562662124634 0.70628011226654 0
vt 0.82855242490768 0.8599271774292 0
vt 0.82891929149628 0.72649890184402 0
vt 0.92859870195389 0.67156100273132 0
vt 0.97949761152267 0.69844353199005 0
vt 0.97949588298798 0.67156100273132 0
vt 0.97949761152267 0.7226254940033 0
vt 0.97949761152267 0.74680763483047 0
vt 0.97949761152267 0.77098971605301 0
vt 0.97949761152267 0.7951717376709 0
vt 0.97949761152267 0.81935381889343 0
vt 0.97949761152267 0.84353578090668 0
vt 0.97949761152267 0.86771792173386 0
vt 0.97949761152267 0.8918998837471 0
vt 0.97949761152267 0.91608202457428 0
vt 0.92859870195389 0.94296461343765 0
vt 0.97949582338333 0.94296461343765 0
vt 0.40679389238358 0.67314291000366 0
vt 0.40679460763931 0.64780873060226 0
vt 0.39205318689346 0.64780861139297 0
vt 0.39205259084702 0.67314219474792 0
vt 0.4067941904068 0.62247461080551 0
vt 0.39205288887024 0.62247502803802 0
vt 0.40679329633713 0.59714072942734 0
vt 0.39205199480057 0.59714132547379 0
vt 0.40679210424423 0.57180678844452 0
vt 0.3920507133007 0.57180750370026 0
vt 0.4067910015583 0.54647302627563 0
vt 0.39204970002174 0.54647362232208 0
vt 0.40679028630257 0.52113950252533 0
vt 0.39204889535904 0.52113962173462 0
vt 0.40679049491882 0.49580585956573 0
vt 0.3920491039753 0.49580538272858 0
vt 0.40679138898849 0.47047233581543 0
vt 0.39205008745193 0.47047138214111 0
vt 0.40679350495338 0.44513869285584 0
vt 0.39205220341682 0.44513738155365 0
vt 0.40679660439491 0.41740047931671 0
vt 0.39205530285835 0.41739857196808 0
vt 0.4067921936512 0.70088160037994 0
vt 0.3920507133007 0.70088028907776 0
vt 0.65572488307953 0.70092260837555 0
vt 0.65572792291641 0.67318403720856 0
vt 0.64098662137985 0.67318260669708 0
vt 0.64098352193832 0.70092082023621 0
vt 0.6557275056839 0.4451789855957 0
vt 0.65572929382324 0.41744101047516 0
vt 0.64098799228668 0.41743969917297 0
vt 0.64098620414734 0.44517838954926 0
vt 0.65572679042816 0.47051274776459 0
vt 0.64098560810089 0.4705126285553 0
vt 0.65572720766068 0.49584627151489 0
vt 0.64098578691483 0.49584662914276 0
vt 0.65572798252106 0.52117991447449 0
vt 0.64098680019379 0.52118062973022 0
vt 0.65572929382324 0.54651379585266 0
vt 0.64098799228668 0.5465145111084 0
vt 0.6557303071022 0.57184773683548 0
vt 0.64098912477493 0.57184833288193 0
vt 0.65573102235794 0.59718161821365 0
vt 0.64098972082138 0.59718179702759 0
vt 0.65573090314865 0.62251579761505 0
vt 0.64098960161209 0.62251549959183 0
vt 0.65572988986969 0.64785003662109 0
vt 0.64098852872849 0.64784902334213 0
vt 0.50831252336502 0.70119792222977 0
vt 0.45713520050049 0.70118850469589 0
vt 0.45713260769844 0.71629571914673 0
vt 0.50830960273743 0.7163051366806 0
vt 0.53946387767792 0.70120412111282 0
vt 0.53946089744568 0.71631121635437 0
vt 0.59064090251923 0.70121371746063 0
vt 0.59063822031021 0.71632081270218 0
vt 0.53946757316589 0.41712331771851 0
vt 0.59064501523972 0.41713273525238 0
vt 0.5906475186348 0.40202367305756 0
vt 0.53947049379349 0.40201437473297 0
vt 0.508316218853 0.41711711883545 0
vt 0.50831919908524 0.40200817584991 0
vt 0.45713931322098 0.41710758209229 0
vt 0.45714190602303 0.40199863910675 0
vt 0.10483360290527 0.70598351955414 0
vt 0.84022229909897 0.80949378013611 0
vt 0.84023869037628 0.77620792388916 0
vt 0.65355551242828 0.80113112926483 0
vt 0.65311449766159 0.80094200372696 0
vt 0.73816132545471 0.08029854297638 0
vt 0.73806869983673 0.07942199707031 0
vt 0.71762651205063 0.07942521572113 0
vt 0.71763002872467 0.08030128479004 0
vt 0.69560790061951 0.07941865921021 0
vt 0.69560790061951 0.08029568195343 0
vt 0.6735857129097 0.07941317558289 0
vt 0.6735857129097 0.08029019832611 0
vt 0.6515634059906 0.07940828800201 0
vt 0.6515634059906 0.08028542995453 0
vt 0.62952619791031 0.07940578460693 0
vt 0.62954169511795 0.08028280735016 0
vt 0.60757720470428 0.07940220832825 0
vt 0.60756158828735 0.08027875423431 0
vt 0.58553957939148 0.07939743995667 0
vt 0.58553951978683 0.08027470111847 0
vt 0.56351721286774 0.07939577102661 0
vt 0.56351727247238 0.08027279376984 0
vt 0.54149502515793 0.07939457893372 0
vt 0.54149508476257 0.08027160167694 0
vt 0.51947629451752 0.07939374446869 0
vt 0.51947277784348 0.08027052879333 0
vt 0.49903339147568 0.07938349246979 0
vt 0.4989404976368 0.08026158809662 0
vt 0.8299241065979 0.65472292900085 0
vt 0.83059507608414 0.65409618616104 0
vt 0.82927918434143 0.65318489074707 0
vt 0.82892441749573 0.65350013971329 0
vt 0.67403441667557 0.65389388799667 0
vt 0.67472368478775 0.65454322099686 0
vt 0.67566221952438 0.65336608886719 0
vt 0.67530298233032 0.65304589271545 0
vt 0.6504802107811 0.07325875759125 0
vt 0.58662700653076 0.07323563098907 0
vt 0.66885620355606 0.06145465373993 0
vt 0.5682600736618 0.06141471862793 0
vt 0.68316459655762 0.04494988918304 0
vt 0.55396509170532 0.04489684104919 0
vt 0.69224590063095 0.02507996559143 0
vt 0.54490000009537 0.02501857280731 0
vt 0.69523739814758 0.00494694709778 0
vt 0.54192531108856 0.0048828125 0
vt 0.83054208755493 0.65519559383392 0
vt 0.83101910352707 0.65448600053787 0
vt 0.67406672239304 0.65499323606491 0
vt 0.67359972000122 0.65429228544235 0
vt 0.73790228366852 0.32137656211853 0
vt 0.7380918264389 0.31961607933044 0
vt 0.71756148338318 0.31959211826324 0
vt 0.71755230426788 0.32134628295898 0
vt 0.69554311037064 0.31958496570587 0
vt 0.69554299116135 0.32134008407593 0
vt 0.67352491617203 0.3195788860321 0
vt 0.67352491617203 0.32133412361145 0
vt 0.65150660276413 0.31957268714905 0
vt 0.65150600671768 0.321328997612 0
vt 0.62948930263519 0.31956207752228 0
vt 0.62943762540817 0.32131457328796 0
vt 0.60754179954529 0.3195595741272 0
vt 0.60759431123734 0.32131457328796 0
vt 0.58552467823029 0.31956374645233 0
vt 0.58552587032318 0.32131934165955 0
vt 0.56350648403168 0.31956326961517 0
vt 0.56350702047348 0.32131850719452 0
vt 0.54148828983307 0.3195629119873 0
vt 0.54148900508881 0.32131791114807 0
vt 0.51946997642517 0.31956374645233 0
vt 0.51947897672653 0.32131505012512 0
vt 0.4989404976368 0.31958150863647 0
vt 0.49912971258163 0.32133567333221 0
vt 0.83055621385574 0.41299307346344 0
vt 0.82923018932343 0.41174757480621 0
vt 0.8283144235611 0.41292476654053 0
vt 0.82928568124771 0.41386115550995 0
vt 0.67531049251556 0.41157209873199 0
vt 0.67397391796112 0.41280734539032 0
vt 0.67529088258743 0.41373610496521 0
vt 0.67628800868988 0.41279637813568 0
vt 0.68259859085083 0.35554575920105 0
vt 0.55440682172775 0.35548996925354 0
vt 0.54540002346039 0.37519943714142 0
vt 0.69158798456192 0.37526452541351 0
vt 0.66842347383499 0.33916068077087 0
vt 0.56859582662582 0.33911955356598 0
vt 0.65021097660065 0.3274337053299 0
vt 0.58681750297546 0.32741165161133 0
vt 0.54243367910385 0.39515554904938 0
vt 0.69453662633896 0.39522361755371 0
vt 0.83048158884048 0.41083252429962 0
vt 0.83138459920883 0.4122451543808 0
vt 0.67403990030289 0.41061890125275 0
vt 0.67315477132797 0.41203022003174 0
vt 0.60863518714905 0.9951171875 0
vt 0.64145517349243 0.9951171875 0
vt 0.64173340797424 0.99483901262283 0
vt 0.60835701227188 0.99483901262283 0
vt 0.39204901456833 0.71688669919968 0
vt 0.65572261810303 0.71692943572998 0
vt 0.65573102235794 0.4014345407486 0
vt 0.39205750823021 0.40139186382294 0
vt 0.64173340797424 0.72343182563782 0
vt 0.64145517349243 0.72315359115601 0
vt 0.60863518714905 0.7231537103653 0
vt 0.60835701227188 0.72343182563782 0
vt 0.82993370294571 0.4015611410141 0
vt 0.67425537109375 0.40144276618958 0
vt 0.82990348339081 0.66533762216568 0
vt 0.67422932386398 0.6652193069458 0
# 922 texture coordinates

o Top1
usemtl default
f 1902/2771/559 1900/2770/1631 1901/2769/1631 1903/2768/559
f 1904/2773/557 1902/2771/559 1903/2768/559 1905/2772/557
f 1906/2775/1632 1904/2773/557 1905/2772/557 1907/2774/1632
f 1908/2777/1633 1906/2775/1632 1907/2774/1632 1909/2776/1633
f 1910/2779/1634 1908/2777/1633 1909/2776/1633 1911/2778/1634
f 1912/2781/1635 1910/2779/1634 1911/2778/1634 1913/2780/1635
f 1914/2783/626 1912/2781/1635 1913/2780/1635 1915/2782/626
f 1916/2785/624 1914/2783/626 1915/2782/626 1917/2784/624
f 1898/2787/1636 1916/2785/624 1917/2784/624 1899/2786/1636
f 1918/2791/1637 1919/2790/624 1929/2789/624 1928/2788/1637
f 1919/2790/624 1920/2793/626 1930/2792/626 1929/2789/624
f 1920/2793/626 1921/2795/1635 1931/2794/1635 1930/2792/626
f 1921/2795/1635 1922/2797/1634 1932/2796/1634 1931/2794/1635
f 1922/2797/1634 1923/2799/1633 1933/2798/1633 1932/2796/1634
f 1923/2799/1633 1924/2801/1632 1934/2800/1632 1933/2798/1633
f 1924/2801/1632 1925/2803/557 1935/2802/557 1934/2800/1632
f 1925/2803/557 1926/2805/559 1936/2804/559 1935/2802/557
f 1926/2805/559 1927/2807/1638 1937/2806/1638 1936/2804/559
f 1938/2811/1640 1939/2810/1640 1941/2809/1639 1940/2808/1639
f 1939/2810/1640 1938/2811/1640 1960/2813/1641 1961/2812/1641
f 1940/2808/1639 1941/2809/1639 1943/2815/1642 1942/2814/1642
f 1942/2814/1642 1943/2815/1642 1945/2817/1643 1944/2816/1643
f 1944/2816/1643 1945/2817/1643 1947/2819/1644 1946/2818/1644
f 1946/2818/1644 1947/2819/1644 1949/2821/1645 1948/2820/1645
f 1948/2820/1645 1949/2821/1645 1951/2823/1646 1950/2822/1646
f 1950/2822/1646 1951/2823/1646 1953/2825/1647 1952/2824/1647
f 1952/2824/1647 1953/2825/1647 1955/2827/1648 1954/2826/1648
f 1954/2826/1648 1955/2827/1648 1957/2829/1649 1956/2828/1649
f 1956/2828/1649 1957/2829/1649 1959/2831/1650 1958/2830/1650
f 1958/2830/1650 1959/2831/1650 1987/2833/90 1986/2832/90
f 1961/2812/1641 1960/2813/1641 1994/2835/100 1993/2834/100
f 1962/2839/1652 1963/2838/1652 1965/2837/1651 1964/2836/1651
f 1963/2838/1652 1962/2839/1652 1984/2841/1653 1985/2840/1653
f 1964/2836/1651 1965/2837/1651 1967/2843/1654 1966/2842/1654
f 1966/2842/1654 1967/2843/1654 1969/2845/1655 1968/2844/1655
f 1968/2844/1655 1969/2845/1655 1971/2847/1656 1970/2846/1656
f 1970/2846/1656 1971/2847/1656 1973/2849/1657 1972/2848/1657
f 1972/2848/1657 1973/2849/1657 1975/2851/1658 1974/2850/1658
f 1974/2850/1658 1975/2851/1658 1977/2853/1659 1976/2852/1659
f 1976/2852/1659 1977/2853/1659 1979/2855/1660 1978/2854/1660
f 1978/2854/1660 1979/2855/1660 1981/2857/1661 1980/2856/1661
f 1980/2856/1661 1981/2857/1661 1983/2859/1662 1982/2858/1662
f 1982/2858/1662 1983/2859/1662 1991/2861/98 1990/2860/98
f 1985/2840/1653 1984/2841/1653 1997/2863/88 1996/2862/88
f 1986/2867/122 1988/2866/122 2037/2865/1664 2036/2864/1663
f 1988/2870/1666 1987/2833/1666 1998/2869/1665 1999/2868/1665
f 1989/2874/122 1991/2873/122 2022/2872/1668 2023/2871/1667
f 1990/2860/1670 1989/2877/1670 2021/2876/1669 2020/2875/1669
f 1992/2881/123 1994/2880/123 2002/2879/1672 2003/2878/1671
f 1993/2834/1673 1992/2884/1673 2001/2883/1665 2000/2882/1665
f 1995/2887/1675 1997/2863/1675 2018/2886/1674 2019/2885/1674
f 1996/2891/123 1995/2890/123 2017/2889/1677 2016/2888/1676
f 1999/2868/1665 1998/2869/1665 2000/2882/1665 2001/2883/1665
f 2003/2878/1671 2002/2879/1672 2005/2893/1678 2004/2892/1678
f 2004/2892/1678 2005/2893/1678 2007/2895/1679 2006/2894/1679
f 2006/2894/1679 2007/2895/1679 2009/2897/1679 2008/2896/1679
f 2008/2896/1679 2009/2897/1679 2011/2899/1680 2010/2898/1680
f 2010/2898/1680 2011/2899/1680 2013/2901/1680 2012/2900/1680
f 2012/2900/1680 2013/2901/1680 2015/2903/1682 2014/2902/1681
f 2014/2902/1681 2015/2903/1682 2016/2888/1676 2017/2889/1677
f 2019/2885/1674 2018/2886/1674 2020/2875/1669 2021/2876/1669
f 2023/2871/1667 2022/2872/1668 2025/2905/1684 2024/2904/1683
f 2024/2904/1683 2025/2905/1684 2027/2907/1685 2026/2906/1685
f 2026/2906/1685 2027/2907/1685 2029/2909/1685 2028/2908/1685
f 2028/2908/1685 2029/2909/1685 2031/2911/1685 2030/2910/1685
f 2030/2910/1685 2031/2911/1685 2033/2913/1685 2032/2912/1685
f 2032/2912/1685 2033/2913/1685 2035/2915/1687 2034/2914/1686
f 2034/2914/1686 2035/2915/1687 2036/2864/1663 2037/2865/1664
f 2062/2917/45 2058/2916/45 2000/2882/45 1998/2869/45
f 2005/2921/2 2002/2920/2 2214/2919/2 2218/2918/2
f 2016/2925/2 2015/2924/2 2262/2923/2 2266/2922/2
f 2020/2875/46 2018/2886/46 2066/2927/46 2070/2926/46
f 2025/2931/1 2022/2930/1 2274/2929/1 2270/2928/1
f 2036/2935/1 2035/2934/1 2210/2933/1 2206/2932/1
f 1986/2832/245 1987/2833/245 1988/2870/245
f 1989/2877/246 1990/2860/246 1991/2861/246
f 1992/2884/209 1993/2834/209 1994/2835/209
f 1995/2887/203 1996/2862/203 1997/2863/203
f 2038/2939/1689 2039/2938/1689 2047/2937/1688 2046/2936/1688
f 2039/2938/1689 2038/2939/1689 2040/2941/1690 2041/2940/1690
f 2041/2940/1690 2040/2941/1690 2044/2943/1691 2045/2942/1691
f 2042/2945/1692 2043/2944/1692 2045/2942/1691 2044/2943/1691
f 2043/2944/1692 2042/2945/1692 2048/2947/1693 2049/2946/1693
f 2046/2936/1688 2047/2937/1688 2051/2949/1694 2050/2948/1694
f 2049/2946/1693 2048/2947/1693 2052/2951/1695 2053/2950/1695
f 2050/2948/1694 2051/2949/1694 2055/2953/1697 2054/2952/1696
f 2053/2950/1695 2052/2951/1695 2056/2955/1698 2057/2954/1698
f 2054/2952/1696 2055/2953/1697 2061/2957/1699 2060/2956/1699
f 2057/2954/1698 2056/2955/1698 2064/2959/1700 2063/2958/1700
f 2059/2963/1701 2058/2962/1701 2062/2961/1701 2065/2960/1701
f 2060/2956/1702 2059/2963/1702 2116/2965/1702 2115/2964/1702
f 2065/2960/1703 2064/2959/1703 2119/2967/1703 2118/2966/1703
f 2068/2971/1705 2067/2970/1705 2075/2969/1704 2074/2968/1704
f 2069/2974/1706 2068/2971/1706 2121/2973/1706 2120/2972/1706
f 2066/2977/1707 2069/2974/1707 2071/2976/1707 2070/2975/1707
f 2072/2980/1708 2071/2976/1708 2127/2979/1708 2126/2978/1708
f 2073/2983/1711 2072/2980/1711 2076/2982/1710 2077/2981/1709
f 2074/2968/1704 2075/2969/1704 2079/2985/1712 2078/2984/1712
f 2077/2981/1709 2076/2982/1710 2080/2987/1713 2081/2986/1713
f 2078/2984/1712 2079/2985/1712 2083/2989/1714 2082/2988/1714
f 2081/2986/1713 2080/2987/1713 2084/2991/1715 2085/2990/1715
f 2082/2988/1714 2083/2989/1714 2087/2993/1716 2086/2992/1716
f 2085/2990/1715 2084/2991/1715 2088/2995/1717 2089/2994/1717
f 2086/2992/1716 2087/2993/1716 2091/2997/1718 2090/2996/1718
f 2089/2994/1717 2088/2995/1717 2092/2999/1719 2093/2998/1719
f 2090/2996/1718 2091/2997/1718 2093/2998/1719 2092/2999/1719
f 2094/3003/1721 2095/3002/1721 2103/3001/1720 2102/3000/1720
f 2095/3002/1721 2094/3003/1721 2097/3005/1690 2096/3004/1690
f 2096/3004/1690 2097/3005/1690 2100/3007/1691 2101/3006/1691
f 2098/3011/1692 2099/3010/1692 2105/3009/1722 2104/3008/1722
f 2099/3010/1692 2098/3011/1692 2101/3006/1691 2100/3007/1691
f 2102/3000/1720 2103/3001/1720 2107/3013/1694 2106/3012/1694
f 2104/3008/1722 2105/3009/1722 2109/3015/1723 2108/3014/1723
f 2106/3012/1694 2107/3013/1694 2111/3017/1724 2110/3016/1724
f 2108/3014/1723 2109/3015/1723 2113/3019/1725 2112/3018/1725
f 2110/3016/1724 2111/3017/1724 2115/2964/1726 2114/3020/1726
f 2112/3018/1725 2113/3019/1725 2117/3021/1727 2119/2967/1727
f 2114/3020/155 2116/2965/155 2118/2966/155 2117/3021/155
f 2120/2972/150 2122/3023/150 2125/3022/150 2127/2979/150
f 2122/3023/1730 2121/2973/1730 2124/3025/1729 2123/3024/1728
f 2123/3024/1728 2124/3025/1729 2131/3027/1712 2130/3026/1712
f 2126/2978/1732 2125/3022/1732 2129/3029/1731 2128/3028/1731
f 2128/3028/1731 2129/3029/1731 2133/3031/1733 2132/3030/1733
f 2130/3026/1712 2131/3027/1712 2135/3033/1714 2134/3032/1714
f 2132/3030/1733 2133/3031/1733 2137/3035/1734 2136/3034/1734
f 2134/3032/1714 2135/3033/1714 2139/3037/1735 2138/3036/1735
f 2136/3034/1734 2137/3035/1734 2141/3039/1717 2140/3038/1717
f 2138/3036/1735 2139/3037/1735 2143/3041/1718 2142/3040/1718
f 2140/3038/1717 2141/3039/1717 2144/3043/1719 2145/3042/1719
f 2142/3040/1718 2143/3041/1718 2145/3042/1719 2144/3043/1719
f 2097/3047/45 2094/3046/45 2099/3045/45 2100/3044/45
f 2094/3046/45 2102/3049/45 2105/3048/45 2099/3045/45
f 2102/3049/45 2106/3051/45 2109/3050/45 2105/3048/45
f 2106/3051/45 2110/3053/45 2113/3052/45 2109/3050/45
f 2110/3053/45 2114/3055/45 2117/3054/45 2113/3052/45
f 2122/3059/46 2123/3058/46 2129/3057/46 2125/3056/46
f 2123/3058/46 2130/3061/46 2133/3060/46 2129/3057/46
f 2130/3061/46 2134/3063/46 2137/3062/46 2133/3060/46
f 2134/3063/46 2138/3065/46 2141/3064/46 2137/3062/46
f 2138/3065/46 2142/3067/46 2144/3066/46 2141/3064/46
f 2040/2941/1736 2038/2939/1737 2095/3002/1737 2096/3004/1736
f 2042/2945/1738 2044/2943/1739 2101/3006/1739 2098/3011/1738
f 2044/2943/1739 2040/2941/1736 2096/3004/1736 2101/3006/1739
f 2038/2939/1737 2046/2936/547 2103/3001/547 2095/3002/1737
f 2048/2947/631 2042/2945/1738 2098/3011/1738 2104/3008/631
f 2046/2936/547 2050/2948/545 2107/3013/545 2103/3001/547
f 2052/2951/632 2048/2947/631 2104/3008/631 2108/3014/632
f 2050/2948/545 2054/2952/1741 2111/3017/1740 2107/3013/545
f 2056/2955/1742 2052/2951/632 2108/3014/632 2112/3018/1742
f 2054/2952/1741 2060/2956/1743 2115/2964/1743 2111/3017/1740
f 2119/2967/1744 2064/2959/1744 2056/2955/1742 2112/3018/1742
f 2121/2973/1743 2068/2971/1743 2074/2968/1740 2124/3025/1741
f 2076/2982/1746 2072/2980/1744 2126/2978/1744 2128/3028/1745
f 2074/2968/1740 2078/2984/545 2131/3027/545 2124/3025/1741
f 2080/2987/632 2076/2982/1746 2128/3028/1745 2132/3030/632
f 2078/2984/545 2082/2988/547 2135/3033/547 2131/3027/545
f 2084/2991/1747 2080/2987/632 2132/3030/632 2136/3034/1747
f 2082/2988/547 2086/2992/1737 2139/3037/1737 2135/3033/547
f 2088/2995/1738 2084/2991/1747 2136/3034/1747 2140/3038/1738
f 2086/2992/1737 2090/2996/1736 2143/3041/1736 2139/3037/1737
f 2090/2996/1736 2092/2999/1739 2145/3042/1739 2143/3041/1736
f 2092/2999/1739 2088/2995/1738 2140/3038/1738 2145/3042/1739
f 1947/2819/45 1945/2817/45 2039/3069/45 2041/3068/45
f 1951/2823/45 1949/2821/45 2045/3071/45 2043/3070/45
f 1949/2821/45 1947/2819/45 2041/3068/45 2045/3071/45
f 1945/2817/45 1943/2815/45 2047/3072/45 2039/3069/45
f 1953/2825/45 1951/2823/45 2043/3070/45 2049/3073/45
f 1943/2815/45 1941/2809/45 2051/3074/45 2047/3072/45
f 1955/2827/45 1953/2825/45 2049/3073/45 2053/3075/45
f 1941/2809/45 1939/2810/45 2055/3076/45 2051/3074/45
f 1957/2829/96 1955/2827/45 2053/3075/45 2057/3077/96
f 1939/2810/45 1961/2812/45 2061/3078/45 2055/3076/45
f 1959/2831/96 1957/2829/96 2057/3077/96 2063/3079/96
f 1984/2841/46 1962/2839/46 2075/3081/46 2067/3080/46
f 1980/2856/46 1982/2858/46 2073/3083/46 2077/3082/46
f 1962/2839/46 1964/2836/102 2079/3084/102 2075/3081/46
f 1978/2854/46 1980/2856/46 2077/3082/46 2081/3085/46
f 1964/2836/102 1966/2842/46 2083/3086/46 2079/3084/102
f 1976/2852/102 1978/2854/46 2081/3085/46 2085/3087/102
f 1966/2842/46 1968/2844/46 2087/3088/46 2083/3086/46
f 1974/2850/46 1976/2852/102 2085/3087/102 2089/3089/46
f 1968/2844/46 1970/2846/46 2091/3090/46 2087/3088/46
f 1970/2846/46 1972/2848/46 2093/3091/46 2091/3090/46
f 1972/2848/46 1974/2850/46 2089/3089/46 2093/3091/46
f 2116/2965/3 2059/2963/3 2065/2960/3 2118/2966/3
f 2127/2979/3 2071/2976/3 2069/2974/3 2120/2972/3
f 2058/2962/1748 2059/2963/1748 2060/2956/1748 2061/2957/1748
f 2062/2961/1749 2063/2958/1749 2064/2959/1749 2065/2960/1749
f 2066/2977/1750 2067/2970/1750 2068/2971/1750 2069/2974/1750
f 2070/2975/1751 2071/2976/1751 2072/2980/1751 2073/2983/1751
f 2114/3020/1752 2115/2964/1752 2116/2965/1752
f 2117/3021/1753 2118/2966/1753 2119/2967/1753
f 2120/2972/1754 2121/2973/1754 2122/3023/1754
f 2125/3022/1755 2126/2978/1755 2127/2979/1755
f 2426/3095/1633 2267/3094/1633 2265/3093/1633 2424/3092/1633
f 2428/3099/1634 2271/3098/1634 2277/3097/1634 2431/3096/1634
f 2147/3103/557 2146/3102/557 2151/3101/557 2150/3100/557
f 2148/3106/1756 2147/3103/1756 2360/3105/1756 2359/3104/1756
f 2149/3109/1759 2148/3106/1758 2177/3108/1757 2176/3107/1757
f 2150/3100/557 2151/3101/557 2433/3111/1760 2432/3110/1760
f 2154/3115/1763 2153/3114/1762 2158/3113/1761 2159/3112/1761
f 2155/3118/1764 2154/3115/1764 2367/3117/1764 2366/3116/1764
f 2152/3121/1766 2155/3118/1766 2156/3120/1765 2157/3119/1765
f 2157/3119/1765 2156/3120/1765 2434/3123/1767 2435/3122/1767
f 2159/3112/1761 2158/3113/1761 2160/3125/1651 2161/3124/1651
f 2161/3124/1651 2160/3125/1651 2162/3127/1768 2163/3126/1768
f 2163/3126/1768 2162/3127/1768 2164/3129/1769 2165/3128/1769
f 2165/3128/1769 2164/3129/1769 2166/3131/1770 2167/3130/1770
f 2167/3130/1770 2166/3131/1770 2168/3133/1771 2169/3132/1771
f 2169/3132/1771 2168/3133/1771 2170/3135/1772 2171/3134/1772
f 2171/3134/1772 2170/3135/1772 2172/3137/1773 2173/3136/1773
f 2173/3136/1773 2172/3137/1773 2174/3139/1660 2175/3138/1660
f 2175/3138/1660 2174/3139/1660 2176/3107/1757 2177/3108/1757
f 2178/3143/1774 2179/3142/1774 2181/3141/1639 2180/3140/1639
f 2179/3142/1774 2178/3143/1774 2205/3145/1776 2204/3144/1775
f 2180/3140/1639 2181/3141/1639 2183/3147/1642 2182/3146/1642
f 2182/3146/1642 2183/3147/1642 2185/3149/1777 2184/3148/1777
f 2184/3148/1777 2185/3149/1777 2187/3151/1778 2186/3150/1778
f 2186/3150/1778 2187/3151/1778 2189/3153/1779 2188/3152/1779
f 2188/3152/1779 2189/3153/1779 2191/3155/1780 2190/3154/1780
f 2190/3154/1780 2191/3155/1780 2193/3157/1647 2192/3156/1647
f 2192/3156/1647 2193/3157/1647 2195/3159/1781 2194/3158/1781
f 2194/3158/1781 2195/3159/1781 2197/3161/1782 2196/3160/1782
f 2196/3160/1782 2197/3161/1782 2200/3163/1784 2199/3162/1783
f 2201/3166/1785 2200/3163/1785 2362/3165/1785 2361/3164/1785
f 2198/3167/1786 2201/3166/1786 2432/3110/1760 2433/3111/1760
f 2203/3169/1767 2202/3168/1767 2435/3122/1767 2434/3123/1767
f 2204/3144/1787 2203/3169/1787 2371/3171/1787 2370/3170/1787
f 2207/3175/1788 2206/3174/1788 2210/3173/1788 2213/3172/1788
f 2208/3178/1789 2207/3175/1789 2415/3177/1789 2414/3176/1789
f 2209/3181/1759 2208/3178/1758 2240/3180/1790 2241/3179/1790
f 2212/3185/1784 2211/3184/1783 2260/3183/1791 2261/3182/1791
f 2213/3172/1792 2212/3185/1792 2417/3187/1792 2416/3186/1792
f 2216/3191/1763 2215/3190/1762 2223/3189/1761 2222/3188/1761
f 2217/3194/1764 2216/3191/1764 2419/3193/1764 2418/3192/1764
f 2214/3197/1793 2217/3194/1793 2219/3196/1793 2218/3195/1793
f 2220/3200/1787 2219/3196/1787 2423/3199/1787 2422/3198/1787
f 2221/3203/1776 2220/3200/1795 2243/3202/1794 2242/3201/1794
f 2222/3188/1761 2223/3189/1761 2225/3205/1651 2224/3204/1796
f 2224/3204/1796 2225/3205/1651 2227/3207/1654 2226/3206/1654
f 2226/3206/1654 2227/3207/1654 2229/3209/1769 2228/3208/1769
f 2228/3208/1769 2229/3209/1769 2231/3211/1770 2230/3210/1770
f 2230/3210/1770 2231/3211/1770 2233/3213/1797 2232/3212/1797
f 2232/3212/1797 2233/3213/1797 2235/3215/1772 2234/3214/1772
f 2234/3214/1772 2235/3215/1772 2237/3217/1773 2236/3216/1773
f 2236/3216/1773 2237/3217/1773 2239/3219/1660 2238/3218/1660
f 2238/3218/1660 2239/3219/1660 2241/3179/1790 2240/3180/1790
f 2242/3201/1794 2243/3202/1794 2245/3221/1798 2244/3220/1798
f 2244/3220/1798 2245/3221/1798 2247/3223/1799 2246/3222/1799
f 2246/3222/1799 2247/3223/1799 2249/3225/1777 2248/3224/1777
f 2248/3224/1777 2249/3225/1777 2251/3227/1778 2250/3226/1778
f 2250/3226/1778 2251/3227/1778 2253/3229/1800 2252/3228/1800
f 2252/3228/1800 2253/3229/1800 2255/3231/1780 2254/3230/1780
f 2254/3230/1780 2255/3231/1780 2257/3233/1801 2256/3232/1801
f 2256/3232/1801 2257/3233/1801 2259/3235/1802 2258/3234/1802
f 2258/3234/1802 2259/3235/1802 2261/3182/1791 2260/3183/1791
f 2264/3239/1763 2263/3238/1762 2278/3237/1761 2279/3236/1761
f 2265/3093/1803 2264/3239/1803 2425/3240/1803 2424/3092/1803
f 2262/3242/1793 2265/3093/1793 2267/3094/1793 2266/3241/1793
f 2268/3244/1804 2267/3094/1804 2426/3095/1804 2427/3243/1804
f 2269/3247/1805 2268/3244/1775 2298/3246/1774 2299/3245/1774
f 2271/3098/1788 2270/3249/1788 2274/3248/1788 2277/3097/1788
f 2272/3251/1806 2271/3098/1806 2428/3099/1806 2429/3250/1806
f 2273/3254/1807 2272/3251/1758 2281/3253/1757 2280/3252/1757
f 2276/3258/1784 2275/3257/1808 2301/3256/1791 2300/3255/1791
f 2277/3097/1809 2276/3260/1809 2430/3259/1809 2431/3096/1809
f 2279/3236/1761 2278/3237/1761 2296/3262/1810 2297/3261/1810
f 2280/3252/1757 2281/3253/1757 2283/3264/1660 2282/3263/1660
f 2282/3263/1660 2283/3264/1660 2285/3266/1773 2284/3265/1773
f 2284/3265/1773 2285/3266/1773 2287/3268/1772 2286/3267/1772
f 2286/3267/1772 2287/3268/1772 2289/3270/1797 2288/3269/1797
f 2288/3269/1797 2289/3270/1797 2291/3272/1770 2290/3271/1770
f 2290/3271/1770 2291/3272/1770 2293/3274/1769 2292/3273/1769
f 2292/3273/1769 2293/3274/1769 2295/3276/1811 2294/3275/1811
f 2294/3275/1811 2295/3276/1811 2297/3261/1810 2296/3262/1810
f 2299/3245/1774 2298/3246/1774 2316/3278/1798 2317/3277/1798
f 2300/3255/1791 2301/3256/1791 2303/3280/1802 2302/3279/1802
f 2302/3279/1802 2303/3280/1802 2305/3282/1801 2304/3281/1801
f 2304/3281/1801 2305/3282/1801 2307/3284/1780 2306/3283/1780
f 2306/3283/1780 2307/3284/1780 2309/3286/1800 2308/3285/1800
f 2308/3285/1800 2309/3286/1800 2311/3288/1778 2310/3287/1778
f 2310/3287/1778 2311/3288/1778 2313/3290/1777 2312/3289/1777
f 2312/3289/1777 2313/3290/1777 2315/3292/1642 2314/3291/1642
f 2314/3291/1642 2315/3292/1642 2317/3277/1798 2316/3278/1798
f 2318/3295/1813 2319/3294/1813 2368/3293/1812 2367/3117/1812
f 2319/3294/1813 2318/3295/1813 2321/3297/1810 2320/3296/1810
f 2320/3296/1810 2321/3297/1810 2327/3299/1811 2326/3298/1811
f 2322/3303/1639 2323/3302/1639 2329/3301/1814 2328/3300/1814
f 2323/3302/1639 2322/3303/1639 2324/3305/1815 2325/3304/1815
f 2325/3304/1815 2324/3305/1815 2370/3170/1816 2369/3306/1816
f 2326/3298/1811 2327/3299/1811 2331/3308/1655 2330/3307/1655
f 2328/3300/1814 2329/3301/1814 2333/3310/1777 2332/3309/1777
f 2330/3307/1655 2331/3308/1655 2335/3312/1656 2334/3311/1656
f 2332/3309/1777 2333/3310/1777 2337/3314/1644 2336/3313/1644
f 2334/3311/1656 2335/3312/1656 2339/3316/1771 2338/3315/1797
f 2336/3313/1644 2337/3314/1644 2341/3318/1645 2340/3317/1645
f 2338/3315/1797 2339/3316/1771 2343/3320/1658 2342/3319/1658
f 2340/3317/1645 2341/3318/1645 2345/3322/1817 2344/3321/1817
f 2342/3319/1658 2343/3320/1658 2347/3324/1818 2346/3323/1818
f 2344/3321/1817 2345/3322/1817 2349/3326/1647 2348/3325/1647
f 2346/3323/1818 2347/3324/1818 2351/3328/1819 2350/3327/1819
f 2348/3325/1647 2349/3326/1647 2353/3330/1802 2352/3329/1802
f 2350/3327/1819 2351/3328/1819 2355/3332/1820 2354/3331/1820
f 2352/3329/1802 2353/3330/1802 2357/3334/1821 2356/3333/1821
f 2354/3331/1820 2355/3332/1820 2359/3104/1822 2358/3335/1822
f 2356/3333/1821 2357/3334/1821 2363/3336/1823 2362/3165/1823
f 2358/3339/1824 2360/3105/1824 2365/3338/1824 2364/3337/1824
f 2361/3164/1824 2363/3336/1824 2438/3341/1824 2439/3340/1824
f 2364/3337/1824 2365/3338/1824 2439/3340/1824 2438/3341/1824
f 2366/3116/1826 2368/3293/1826 2373/3343/1826 2372/3342/1825
f 2369/3306/1826 2371/3171/1826 2436/3345/1826 2437/3344/1826
f 2372/3342/1825 2373/3343/1826 2437/3344/1826 2436/3345/1826
f 2374/3349/1813 2375/3348/1813 2420/3347/1827 2419/3346/1827
f 2375/3348/1813 2374/3349/1813 2377/3351/1810 2376/3350/1810
f 2376/3350/1810 2377/3351/1810 2383/3353/1768 2382/3352/1768
f 2378/3357/1798 2379/3356/1798 2385/3355/1799 2384/3354/1799
f 2379/3356/1798 2378/3357/1798 2381/3359/1815 2380/3358/1815
f 2380/3358/1815 2381/3359/1815 2422/3361/1816 2421/3360/1816
f 2382/3352/1768 2383/3353/1768 2387/3363/1655 2386/3362/1655
f 2384/3354/1799 2385/3355/1799 2389/3365/1777 2388/3364/1777
f 2386/3362/1655 2387/3363/1655 2391/3367/1828 2390/3366/1828
f 2388/3364/1777 2389/3365/1777 2393/3369/1829 2392/3368/1829
f 2390/3366/1828 2391/3367/1828 2395/3371/1797 2394/3370/1797
f 2392/3368/1829 2393/3369/1829 2397/3373/1645 2396/3372/1645
f 2394/3370/1797 2395/3371/1797 2399/3375/1772 2398/3374/1772
f 2396/3372/1645 2397/3373/1645 2401/3377/1780 2400/3376/1780
f 2398/3374/1772 2399/3375/1772 2403/3379/1830 2402/3378/1830
f 2400/3376/1780 2401/3377/1780 2405/3381/1647 2404/3380/1647
f 2402/3378/1830 2403/3379/1830 2407/3383/1831 2406/3382/1831
f 2404/3380/1647 2405/3381/1647 2409/3385/1802 2408/3384/1802
f 2406/3382/1831 2407/3383/1831 2411/3387/1832 2410/3386/1832
f 2408/3384/1802 2409/3385/1802 2413/3389/1833 2412/3388/1833
f 2410/3386/1832 2411/3387/1832 2414/3391/1834 2415/3390/1834
f 2412/3388/1833 2413/3389/1833 2416/3393/1835 2417/3392/1835
f 2418/3192/1825 2420/3395/1825 2421/3394/1825 2423/3199/1825
f 2178/3399/1836 2180/3398/624 2296/3397/624 2278/3396/1836
f 2180/3398/624 2182/3401/626 2294/3400/626 2296/3397/624
f 2182/3401/626 2184/3403/1635 2292/3402/1635 2294/3400/626
f 2184/3403/1635 2186/3405/1634 2290/3404/1634 2292/3402/1635
f 2186/3405/1634 2188/3407/1633 2288/3406/1633 2290/3404/1634
f 2188/3407/1633 2190/3409/1632 2286/3408/1632 2288/3406/1633
f 2190/3409/1632 2192/3411/557 2284/3410/557 2286/3408/1632
f 2192/3411/557 2194/3413/559 2282/3412/559 2284/3410/557
f 2194/3413/559 2196/3415/1837 2280/3414/1837 2282/3412/559
f 2196/3415/1837 2199/3417/1838 2273/3416/1838 2280/3414/1837
f 2205/3419/1839 2178/3399/1836 2278/3396/1836 2263/3418/1839
f 2242/3423/1836 2244/3422/624 2160/3421/624 2158/3420/1836
f 2244/3422/624 2246/3425/626 2162/3424/626 2160/3421/624
f 2246/3425/626 2248/3427/1635 2164/3426/1635 2162/3424/626
f 2248/3427/1635 2250/3429/1634 2166/3428/1634 2164/3426/1635
f 2250/3429/1634 2252/3431/1633 2168/3430/1633 2166/3428/1634
f 2252/3431/1633 2254/3433/1632 2170/3432/1632 2168/3430/1633
f 2254/3433/1632 2256/3435/557 2172/3434/557 2170/3432/1632
f 2256/3435/557 2258/3437/559 2174/3436/559 2172/3434/557
f 2258/3437/559 2260/3439/1837 2176/3438/1837 2174/3436/559
f 2260/3439/1837 2211/3441/1838 2149/3440/1838 2176/3438/1837
f 2221/3443/1839 2242/3423/1836 2158/3420/1836 2153/3442/1839
f 1928/2788/1637 1929/2789/624 2323/3445/624 2325/3444/1637
f 1929/2789/624 1930/2792/626 2329/3446/626 2323/3445/624
f 1930/2792/626 1931/2794/1635 2333/3447/1635 2329/3446/626
f 1931/2794/1635 1932/2796/1634 2337/3448/1634 2333/3447/1635
f 1932/2796/1634 1933/2798/1633 2341/3449/1633 2337/3448/1634
f 1933/2798/1633 1934/2800/1632 2345/3450/1632 2341/3449/1633
f 1934/2800/1632 1935/2802/557 2349/3451/557 2345/3450/1632
f 1935/2802/557 1936/2804/559 2353/3452/559 2349/3451/557
f 1936/2804/559 1937/2806/1638 2357/3453/1638 2353/3452/559
f 1937/2806/1638 2438/3455/1840 2363/3454/1840 2357/3453/1638
f 2437/3457/1841 1928/2788/1637 2325/3444/1637 2369/3456/1841
f 2375/3348/1637 2376/3350/624 2379/3356/624 2380/3358/1637
f 2376/3350/624 2382/3352/626 2385/3355/626 2379/3356/624
f 2382/3352/626 2386/3362/1635 2389/3365/1635 2385/3355/626
f 2386/3362/1635 2390/3366/1634 2393/3369/1634 2389/3365/1635
f 2390/3366/1634 2394/3370/1633 2397/3373/1633 2393/3369/1634
f 2394/3370/1633 2398/3374/1632 2401/3377/1632 2397/3373/1633
f 2398/3374/1632 2402/3378/557 2405/3381/557 2401/3377/1632
f 2402/3378/557 2406/3382/559 2409/3385/559 2405/3381/557
f 2406/3382/559 2410/3386/1631 2413/3389/1631 2409/3385/559
f 2410/3386/1631 2415/3390/1840 2416/3393/1840 2413/3389/1631
f 2420/3347/1841 2375/3348/1637 2380/3358/1637 2421/3360/1841
f 2159/3112/46 2161/3124/102 2321/3297/102 2318/3295/46
f 2181/3141/45 2179/3142/96 2324/3305/96 2322/3303/45
f 2161/3124/102 2163/3126/46 2327/3299/46 2321/3297/102
f 2183/3147/45 2181/3141/45 2322/3303/45 2328/3300/45
f 2163/3126/46 2165/3128/102 2331/3308/102 2327/3299/46
f 2185/3149/96 2183/3147/45 2328/3300/45 2332/3309/96
f 2165/3128/102 2167/3130/46 2335/3312/46 2331/3308/102
f 2187/3151/45 2185/3149/96 2332/3309/96 2336/3313/45
f 2167/3130/46 2169/3132/46 2339/3316/46 2335/3312/46
f 2189/3153/45 2187/3151/45 2336/3313/45 2340/3317/45
f 2169/3132/46 2171/3134/46 2343/3320/46 2339/3316/46
f 2191/3155/45 2189/3153/45 2340/3317/45 2344/3321/45
f 2171/3134/46 2173/3136/46 2347/3324/46 2343/3320/46
f 2193/3157/45 2191/3155/45 2344/3321/45 2348/3325/45
f 2173/3136/46 2175/3138/102 2351/3328/102 2347/3324/46
f 2195/3159/45 2193/3157/45 2348/3325/45 2352/3329/45
f 2175/3138/102 2177/3108/46 2355/3332/46 2351/3328/102
f 2197/3161/45 2195/3159/45 2352/3329/45 2356/3333/45
f 2177/3108/46 2148/3106/102 2359/3104/102 2355/3332/46
f 2439/3340/1634 2432/3110/1634 2201/3166/1634 2361/3164/1634
f 2362/3165/45 2200/3163/45 2197/3161/45 2356/3333/45
f 2367/3117/46 2154/3115/46 2159/3112/46 2318/3295/46
f 2179/3142/96 2204/3144/96 2370/3170/96 2324/3305/96
f 2371/3171/1633 2203/3169/1633 2434/3123/1633 2436/3345/1633
f 2222/3188/46 2224/3204/102 2377/3459/102 2374/3458/46
f 2245/3221/96 2243/3202/96 2381/3461/96 2378/3460/96
f 2224/3204/102 2226/3206/46 2383/3462/46 2377/3459/102
f 2247/3223/45 2245/3221/96 2378/3460/96 2384/3463/45
f 2226/3206/46 2228/3208/46 2387/3464/46 2383/3462/46
f 2249/3225/96 2247/3223/45 2384/3463/45 2388/3465/96
f 2228/3208/46 2230/3210/46 2391/3466/46 2387/3464/46
f 2251/3227/45 2249/3225/96 2388/3465/96 2392/3467/45
f 2230/3210/46 2232/3212/46 2395/3468/46 2391/3466/46
f 2253/3229/45 2251/3227/45 2392/3467/45 2396/3469/45
f 2232/3212/46 2234/3214/46 2399/3470/46 2395/3468/46
f 2255/3231/45 2253/3229/45 2396/3469/45 2400/3471/45
f 2234/3214/46 2236/3216/46 2403/3472/46 2399/3470/46
f 2257/3233/96 2255/3231/45 2400/3471/45 2404/3473/96
f 2236/3216/46 2238/3218/46 2407/3474/46 2403/3472/46
f 2259/3235/45 2257/3233/96 2404/3473/96 2408/3475/45
f 2238/3218/46 2240/3180/102 2411/3476/102 2407/3474/46
f 2261/3182/96 2259/3235/45 2408/3475/45 2412/3477/96
f 2240/3180/102 2208/3178/102 2414/3176/102 2411/3476/102
f 2417/3187/96 2212/3185/96 2261/3182/96 2412/3477/96
f 2419/3193/46 2216/3191/46 2222/3188/46 2374/3458/46
f 2243/3202/96 2220/3200/45 2422/3198/45 2381/3461/96
f 2425/3240/46 2264/3239/46 2279/3236/46 1898/3478/46
f 2298/3246/96 2268/3244/96 2427/3243/96 1899/3479/96
f 2281/3253/102 2272/3251/102 2429/3250/102 1900/3480/102
f 2430/3482/45 2276/3258/45 2300/3255/96 1901/3481/96
f 2283/3264/102 2281/3253/102 1900/3480/102 1902/3483/102
f 2300/3255/96 2302/3279/96 1903/3484/96 1901/3481/96
f 2285/3266/46 2283/3264/102 1902/3483/102 1904/3485/46
f 2302/3279/96 2304/3281/45 1905/3486/45 1903/3484/96
f 2287/3268/46 2285/3266/46 1904/3485/46 1906/3487/46
f 2304/3281/45 2306/3283/45 1907/3488/45 1905/3486/45
f 2289/3270/46 2287/3268/46 1906/3487/46 1908/3489/46
f 2306/3283/45 2308/3285/45 1909/3490/45 1907/3488/45
f 2291/3272/46 2289/3270/46 1908/3489/46 1910/3491/46
f 2308/3285/45 2310/3287/45 1911/3492/45 1909/3490/45
f 2293/3274/46 2291/3272/46 1910/3491/46 1912/3493/46
f 2310/3287/45 2312/3289/45 1913/3494/45 1911/3492/45
f 2295/3276/102 2293/3274/46 1912/3493/46 1914/3495/102
f 2312/3289/45 2314/3291/96 1915/3496/96 1913/3494/45
f 2297/3261/46 2295/3276/102 1914/3495/102 1916/3497/46
f 2314/3291/96 2316/3278/96 1917/3498/96 1915/3496/96
f 2279/3236/46 2297/3261/46 1916/3497/46 1898/3478/46
f 2316/3278/96 2298/3246/96 1899/3479/96 1917/3498/96
f 2372/3342/1633 2156/3120/1633 2155/3118/1633 2366/3116/1633
f 2368/3501/1841 2319/3500/1637 1918/2791/1637 2373/3499/1841
f 2319/3500/1637 2320/3502/624 1919/2790/624 1918/2791/1637
f 2320/3502/624 2326/3503/626 1920/2793/626 1919/2790/624
f 2326/3503/626 2330/3504/1635 1921/2795/1635 1920/2793/626
f 2330/3504/1635 2334/3505/1634 1922/2797/1634 1921/2795/1635
f 2334/3505/1634 2338/3506/1633 1923/2799/1633 1922/2797/1634
f 2338/3506/1633 2342/3507/1632 1924/2801/1632 1923/2799/1633
f 2342/3507/1632 2346/3508/557 1925/2803/557 1924/2801/1632
f 2346/3508/557 2350/3509/559 1926/2805/559 1925/2803/557
f 2350/3509/559 2354/3510/1638 1927/2807/1638 1926/2805/559
f 2354/3510/1638 2358/3512/1840 2364/3511/1840 1927/2807/1638
f 2360/3105/1634 2147/3103/1634 2150/3100/1634 2365/3338/1634
f 2436/3345/1633 2434/3123/1633 2156/3120/1633 2372/3342/1633
f 2373/3499/1841 1918/2791/1637 1928/2788/1637 2437/3457/1841
f 1927/2807/1638 2364/3511/1840 2438/3455/1840 1937/2806/1638
f 2365/3338/1634 2150/3100/1634 2432/3110/1634 2439/3340/1634
f 1938/3516/1836 1940/3515/624 2225/3514/624 2223/3513/1836
f 1940/3515/624 1942/3518/626 2227/3517/626 2225/3514/624
f 1942/3518/626 1944/3520/1635 2229/3519/1635 2227/3517/626
f 1944/3520/1635 1946/3522/1634 2231/3521/1634 2229/3519/1635
f 1946/3522/1634 1948/3524/1633 2233/3523/1633 2231/3521/1634
f 1948/3524/1633 1950/3526/1632 2235/3525/1632 2233/3523/1633
f 1950/3526/1632 1952/3528/557 2237/3527/557 2235/3525/1632
f 1952/3528/557 1954/3530/559 2239/3529/559 2237/3527/557
f 1954/3530/559 1956/3532/1837 2241/3531/1837 2239/3529/559
f 1956/3532/1837 1958/3534/1843 2209/3533/1842 2241/3531/1837
f 1960/3536/1845 1938/3516/1836 2223/3513/1836 2215/3535/1844
f 2269/3540/1844 2299/3539/1836 1963/3538/1836 1985/3537/1845
f 2301/3544/1837 2275/3543/1842 1983/3542/1843 1981/3541/1837
f 2303/3546/559 2301/3544/1837 1981/3541/1837 1979/3545/559
f 2305/3548/557 2303/3546/559 1979/3545/559 1977/3547/557
f 2307/3550/1632 2305/3548/557 1977/3547/557 1975/3549/1632
f 2309/3552/1633 2307/3550/1632 1975/3549/1632 1973/3551/1633
f 2311/3554/1634 2309/3552/1633 1973/3551/1633 1971/3553/1634
f 2313/3556/1635 2311/3554/1634 1971/3553/1634 1969/3555/1635
f 2315/3558/626 2313/3556/1635 1969/3555/1635 1967/3557/626
f 2317/3560/624 2315/3558/626 1967/3557/626 1965/3559/624
f 2299/3539/1836 2317/3560/624 1965/3559/624 1963/3538/1836
f 2009/3564/2 2007/3563/2 2152/3562/2 2157/3561/2
f 2011/3566/2 2009/3564/2 2157/3561/2 2435/3565/2
f 2013/3568/2 2011/3566/2 2435/3565/2 2202/3567/2
f 2029/3572/1 2027/3571/1 2198/3570/1 2433/3569/1
f 2031/3574/1 2029/3572/1 2433/3569/1 2151/3573/1
f 2033/3576/1 2031/3574/1 2151/3573/1 2146/3575/1
f 2415/3177/1634 2207/3175/1634 2213/3172/1634 2416/3186/1634
f 2423/3199/1633 2219/3196/1633 2217/3194/1633 2418/3192/1633
f 2146/3577/1846 2147/3103/1846 2148/3106/1758 2149/3109/1759
f 2152/3121/1847 2153/3114/1762 2154/3115/1763 2155/3118/1847
f 2198/3167/1848 2199/3162/1783 2200/3163/1784 2201/3166/1848
f 2202/3168/1849 2203/3169/1849 2204/3144/1775 2205/3145/1776
f 2206/3174/1850 2207/3175/1850 2208/3178/1758 2209/3181/1759
f 2210/3173/1851 2211/3184/1783 2212/3185/1784 2213/3172/1851
f 2214/3197/1852 2215/3190/1762 2216/3191/1763 2217/3194/1852
f 2218/3195/1853 2219/3196/1853 2220/3200/1795 2221/3203/1776
f 2262/3578/1854 2263/3238/1762 2264/3239/1763 2265/3093/1854
f 2266/3241/1855 2267/3094/1855 2268/3244/1775 2269/3579/1805
f 2270/3249/1856 2271/3098/1856 2272/3251/1758 2273/3254/1807
f 2274/3248/1857 2275/3581/1808 2276/3580/1784 2277/3097/1857
f 2358/3335/1858 2359/3104/1858 2360/3105/1858
f 2361/3164/1859 2362/3165/1859 2363/3336/1859
f 2366/3116/1860 2367/3117/1860 2368/3293/1860
f 2369/3306/1861 2370/3170/1861 2371/3171/1861
f 2418/3192/1860 2419/3193/1860 2420/3395/1860
f 2421/3394/1861 2422/3198/1861 2423/3199/1861
f 2440/3585/1863 2441/3584/1863 2466/3583/1862 2467/3582/1862
f 2441/3584/1863 2440/3585/1863 2442/3587/1712 2443/3586/1712
f 2443/3586/1712 2442/3587/1712 2444/3589/1714 2445/3588/1714
f 2445/3588/1714 2444/3589/1714 2446/3591/1735 2447/3590/1735
f 2447/3590/1735 2446/3591/1735 2449/3593/1718 2448/3592/1718
f 2448/3592/1718 2449/3593/1718 2451/3595/1864 2450/3594/1864
f 2450/3594/1864 2451/3595/1864 2452/3597/1865 2453/3596/1865
f 2453/3596/1865 2452/3597/1865 2454/3599/1866 2455/3598/1866
f 2455/3598/1866 2454/3599/1866 2456/3601/1713 2457/3600/1713
f 2457/3600/1713 2456/3601/1713 2459/3603/1867 2458/3602/1867
f 2458/3602/1867 2459/3603/1867 2460/3605/1868 2461/3604/1868
f 2461/3609/1872 2460/3608/1871 2465/3607/1870 2464/3606/1869
f 2467/3613/1876 2466/3612/1875 2470/3611/1874 2469/3610/1873
f 2448/3592/46 2450/3594/46 2453/3615/46 2447/3614/46
f 2447/3614/46 2453/3615/46 2455/3617/46 2445/3616/46
f 2445/3616/46 2455/3617/46 2457/3619/46 2443/3618/46
f 2443/3618/46 2457/3619/46 2458/3621/46 2441/3620/46
f 2461/3609/1872 2464/3606/1869 2470/3611/1874 2466/3612/1875
f 2441/3620/46 2458/3621/46 2461/3623/46 2466/3622/46
f 2462/3625/1878 2463/3624/195 2464/3606/195 2465/3607/1877
f 2468/3627/1880 2469/3610/1879 2470/3611/195 2471/3626/195
f 2472/3631/1882 2473/3630/1882 2499/3629/1881 2498/3628/1881
f 2473/3630/1882 2472/3631/1882 2474/3633/1694 2475/3632/1694
f 2475/3632/1694 2474/3633/1694 2476/3635/1688 2477/3634/1688
f 2477/3634/1688 2476/3635/1688 2478/3637/1721 2479/3636/1721
f 2479/3636/1721 2478/3637/1721 2480/3639/1690 2481/3638/1690
f 2481/3638/1690 2480/3639/1690 2482/3641/1691 2483/3640/1691
f 2483/3640/1691 2482/3641/1691 2484/3643/1692 2485/3642/1692
f 2485/3642/1692 2484/3643/1692 2486/3645/1722 2487/3644/1722
f 2487/3644/1722 2486/3645/1722 2488/3647/1695 2489/3646/1695
f 2489/3646/1695 2488/3647/1695 2490/3649/1883 2491/3648/1883
f 2491/3648/1883 2490/3649/1883 2492/3651/1884 2493/3650/1884
f 2493/3655/1888 2492/3654/1887 2496/3653/1886 2495/3652/1885
f 2498/3659/1892 2499/3658/1891 2500/3657/1890 2503/3656/1889
f 2472/3663/45 2490/3662/45 2488/3661/45 2474/3660/45
f 2474/3660/45 2488/3661/45 2486/3665/45 2476/3664/45
f 2476/3664/45 2486/3665/45 2484/3667/45 2478/3666/45
f 2478/3666/45 2484/3667/45 2482/3641/45 2480/3639/45
f 2496/3653/1886 2492/3654/1887 2498/3659/1892 2503/3656/1889
f 2498/3669/45 2492/3668/45 2490/3662/45 2472/3663/45
f 2440/3585/1893 2473/3630/1893 2475/3632/545 2442/3587/545
f 2442/3587/545 2475/3632/545 2477/3634/547 2444/3589/547
f 2444/3589/547 2477/3634/547 2479/3636/1737 2446/3591/1737
f 2446/3591/1737 2479/3636/1737 2481/3638/1736 2449/3593/1736
f 2449/3593/1736 2481/3638/1736 2483/3640/1739 2451/3595/1739
f 2451/3595/1739 2483/3640/1739 2485/3642/1738 2452/3597/1738
f 2452/3597/1738 2485/3642/1738 2487/3644/631 2454/3599/631
f 2454/3599/631 2487/3644/631 2489/3646/632 2456/3601/632
f 2456/3601/632 2489/3646/632 2491/3648/1894 2459/3603/1894
f 2465/3607/1870 2460/3608/1871 2493/3655/1888 2495/3652/1885
f 2467/3613/1876 2469/3610/1873 2500/3657/1890 2499/3658/1891
f 2459/3603/1894 2491/3648/1894 2493/3650/1895 2460/3605/1895
f 2467/3582/1896 2499/3629/1896 2473/3630/1893 2440/3585/1893
f 2494/3671/1898 2495/3652/1897 2496/3653/4 2497/3670/4
f 2500/3657/1900 2501/3673/1899 2502/3672/4 2503/3656/4
f 1900/2770/1631 2429/3676/1840 2428/3675/1840 2431/3674/1840 2430/3677/1840 1901/2769/1631
f 1998/2869/45 1987/2833/45 1959/2831/96 2063/3079/96 2062/2917/45
f 1961/2812/45 1993/2834/96 2000/2882/45 2058/2916/45 2061/3078/45
f 1960/3536/1845 2215/3535/1844 2214/2919/2 2002/2920/2 1994/3678/2
f 2007/3563/2 2005/2921/2 2218/2918/2 2221/3443/1839 2153/3442/1839 2152/3562/2
f 2015/2924/2 2013/3568/2 2202/3567/2 2205/3419/1839 2263/3418/1839 2262/2923/2
f 1996/3679/2 2016/2925/2 2266/2922/2 2269/3540/1844 1985/3537/1845
f 2018/2886/46 1997/2863/102 1984/2841/46 2067/3080/46 2066/2927/46
f 1982/2858/46 1990/2860/102 2020/2875/46 2070/2926/46 2073/3083/46
f 1983/3542/1843 2275/3543/1842 2274/2929/1 2022/2930/1 1991/3680/1
f 2027/3571/1 2025/2931/1 2270/2928/1 2273/3416/1838 2199/3417/1838 2198/3570/1
f 2035/2934/1 2033/3576/1 2146/3575/1 2149/3440/1838 2211/3441/1838 2210/2933/1
f 1986/3681/1 2036/2935/1 2206/2932/1 2209/3533/1842 1958/3534/1843
f 2424/3683/1841 2425/3682/1841 1898/2787/1636 1899/2786/1636 2427/3685/1841 2426/3684/1841
f 1989/2874/195 2023/2871/1901 2494/3671/1898 2497/3670/4 2021/3686/4
f 2017/2889/1902 1995/2890/4 2019/3687/4 2502/3672/4 2501/3673/1899
f 2037/2865/1903 1988/2866/4 1999/3688/195 2463/3624/195 2462/3625/1878
f 1992/2881/195 2003/2878/1904 2468/3627/1880 2471/3626/195 2001/3689/195
f 2471/3626/195 2470/3611/195 2464/3606/195 2463/3624/195 1999/3688/195 2001/3689/195
f 2495/3652/1897 2494/3671/1898 2023/2871/1901 2024/2904/1877 2026/2906/1877 2028/2908/1877 2030/2910/1877 2032/2912/1877 2034/2914/1877 2037/2865/1903 2462/3625/1878 2465/3607/1877
f 2497/3670/4 2496/3653/4 2503/3656/4 2502/3672/4 2019/3687/4 2021/3686/4
f 2501/3673/1899 2500/3657/1900 2469/3610/1879 2468/3627/1880 2003/2878/1904 2004/2892/1879 2006/2894/1879 2008/2896/1879 2010/2898/1879 2012/2900/1879 2014/2902/1879 2017/2889/1902

