# Blender v2.79 (sub 0) OBJ File: ''
# www.blender.org
mtllib chr_krabs_bindpose.mtl
o mesh_005_unnamed.005
v -0.032340 0.280462 0.353941
v -0.129362 0.284875 0.337108
v -0.263553 0.315129 0.235956
v -0.254540 0.398344 0.197119
v -0.328317 0.337479 0.104689
v -0.332358 0.348456 -0.041153
v -0.291840 0.425571 -0.027884
v -0.270094 0.468731 -0.023430
v -0.270925 0.461083 0.107179
v -0.277971 0.477321 0.111465
v -0.231723 0.454739 0.227796
v -0.238448 0.444564 0.199116
v -0.205655 0.478550 -0.140766
v 0.000000 0.459812 -0.225039
v 0.221090 0.474221 -0.150676
v 0.257710 0.488258 -0.019280
v 0.216094 0.458305 -0.149813
v 0.119762 0.462545 -0.220989
v 0.116953 0.448480 -0.212006
v 0.000000 0.456130 -0.241980
v 0.000000 0.441726 -0.229368
v 0.000000 0.399564 -0.228706
v 0.000000 0.320951 -0.238218
v 0.133046 0.328553 -0.224750
v 0.123222 0.404537 -0.212689
v 0.857039 0.641380 0.061145
v 0.703078 0.696827 0.075323
v 0.612741 0.702424 0.034389
v 0.694267 0.613201 0.071393
v 0.646077 0.622976 0.031979
v 0.665313 0.592946 0.015534
v 0.649329 0.603948 -0.010550
v 0.664122 0.582053 -0.010508
v 0.698440 0.559245 0.021663
v 0.742676 0.526220 0.077993
v 0.701670 0.515584 0.029827
v 0.686632 0.446768 -0.051876
v 0.736175 0.447793 -0.087218
v 0.740190 0.415902 -0.068603
v 0.673149 0.457450 -0.010495
v 0.686632 0.446768 0.030201
v 0.719021 0.484194 0.032699
v 0.804416 0.709286 0.054892
v 0.784270 0.627799 0.097838
v 0.813851 0.504603 0.093143
v 0.877002 0.556105 0.059565
v 0.858863 0.468642 0.049007
v 0.858863 0.468642 -0.069999
v 0.867429 0.462779 -0.010495
v 0.798949 0.423535 0.054788
v 0.736175 0.447793 0.066541
v 0.740190 0.415902 0.047611
v 0.679581 0.429358 -0.010495
v 0.734141 0.403363 -0.010495
v 0.800067 0.412065 -0.010495
v 0.798949 0.423535 -0.075780
v 0.813851 0.504603 -0.114135
v 0.719021 0.484194 -0.059054
v 0.699519 0.488704 -0.010495
v 0.689583 0.519743 -0.010495
v 0.703597 0.538515 -0.010495
v 0.701670 0.515584 -0.054420
v 0.742676 0.526220 -0.097925
v 0.092114 0.117862 0.090558
v 0.170230 0.128635 0.095900
v 0.170008 0.170104 0.226777
v 0.032340 0.280462 0.353941
v 0.129362 0.284875 0.337108
v 0.025603 0.711581 0.007913
v 0.000000 0.699608 -0.040572
v -0.025603 0.711581 0.007913
v -0.000000 0.720040 0.010145
v -0.000000 0.695990 0.073136
v 0.023283 0.690754 0.071187
v -0.000000 0.712567 0.042699
v 0.000000 0.709480 -0.028867
v -0.253527 0.338247 -0.163393
v -0.123222 0.404537 -0.212689
v -0.119762 0.462545 -0.220989
v -0.216094 0.458304 -0.149813
v -0.242508 0.463181 -0.083267
v -0.221090 0.474221 -0.150676
v -0.275982 0.485687 -0.024983
v -0.257710 0.488258 -0.019280
v -0.157492 0.429703 0.304858
v -0.206276 0.431238 0.250220
v -0.063011 0.399855 0.323924
v -0.679581 0.429358 -0.010495
v -0.736175 0.447793 0.066541
v -0.858863 0.468642 0.049007
v -0.896813 0.553140 -0.010495
v -0.877407 0.652439 -0.010514
v -0.857039 0.641380 -0.082173
v -0.618128 0.569128 -0.010495
v -0.605323 0.576682 0.022266
v -0.588503 0.597474 0.030255
v -0.603466 0.616887 0.023930
v 0.598521 0.667307 0.026717
v 0.653287 0.746516 0.040522
v 0.721394 0.744410 0.048344
v 0.724903 0.768275 -0.010550
v 0.818243 0.728786 -0.010495
v 0.721394 0.744410 -0.069445
v 0.646727 0.765958 -0.010550
v 0.653287 0.746516 -0.061623
v 0.601878 0.735580 -0.010550
v 0.579761 0.695491 -0.010550
v 0.588518 0.682729 -0.010913
v 0.598053 0.672066 -0.047818
v 0.603466 0.616887 -0.044922
v -0.101943 0.122396 -0.047867
v -0.066205 0.114717 0.025265
v -0.066225 0.095698 0.025265
v -0.092114 0.117862 0.090558
v -0.171073 0.106212 0.094174
v -0.220843 0.113932 0.025265
v -0.189180 0.108967 -0.038799
v -0.194383 0.075162 -0.049114
v -0.103407 0.099733 -0.054074
v -0.063088 0.075162 0.025265
v -0.092380 0.097400 0.090558
v -0.229926 0.079817 0.025265
v 0.605323 0.576682 0.022266
v 0.618128 0.569128 -0.010495
v -0.032489 0.644321 0.136523
v -0.022313 0.671256 0.102065
v -0.000000 0.643069 0.145382
v 0.009826 0.660057 0.124548
v 0.022313 0.671256 0.102065
v 0.032489 0.644321 0.136523
v -0.431742 0.669362 -0.036363
v -0.432754 0.646951 -0.013029
v -0.400554 0.683732 0.004678
v -0.374725 0.666100 0.005835
v -0.389222 0.646689 0.008622
v -0.309482 0.590467 0.022761
v -0.378238 0.651310 -0.032511
v -0.367811 0.671097 -0.012808
v -0.396392 0.690419 -0.015505
v -0.433112 0.684983 0.001789
v -0.408679 0.660252 0.008196
v -0.433581 0.660896 0.005575
v -0.536106 0.632676 -0.010585
v -0.551472 0.669500 0.004008
v -0.432351 0.692305 -0.017345
v -0.401716 0.667057 -0.037946
v -0.394403 0.634186 -0.010301
v -0.577144 0.475422 -0.010495
v -0.544859 0.509409 -0.051995
v -0.530008 0.508227 -0.010387
v -0.588518 0.482293 0.033067
v -0.544859 0.509409 0.031002
v -0.525122 0.547655 0.025732
v -0.513017 0.541227 -0.010413
v -0.588518 0.482293 -0.054059
v -0.631673 0.476320 -0.010495
v -0.623425 0.488294 -0.031537
v -0.568662 0.511408 -0.072183
v -0.525120 0.547601 -0.046566
v -0.553827 0.599832 -0.064055
v -0.571443 0.624609 -0.052260
v -0.579205 0.658638 -0.037042
v -0.547451 0.654976 -0.034340
v -0.556560 0.677836 -0.015361
v -0.411043 0.645815 -0.012894
v 0.568662 0.511408 -0.072183
v 0.556564 0.549391 -0.072136
v 0.544859 0.509409 -0.051995
v 0.513017 0.541227 -0.010413
v 0.530008 0.508227 -0.010387
v 0.544859 0.509409 0.031002
v 0.588518 0.482293 -0.054059
v 0.623425 0.488294 -0.031537
v 0.577144 0.475422 -0.010495
v 0.631673 0.476320 -0.010495
v 0.623425 0.488294 0.010545
v 0.636197 0.493204 -0.010495
v 0.593420 0.530343 -0.055620
v 0.614418 0.517360 -0.010495
v 0.596003 0.530071 0.034628
v 0.617517 0.534778 -0.010495
v 0.588503 0.597474 -0.051247
v 0.525120 0.547601 -0.046566
v 0.525122 0.547655 0.025732
v 0.588518 0.482293 0.033067
v 0.568661 0.511408 0.051191
v 0.556564 0.549391 0.051144
v 0.571755 0.624333 0.031268
v 0.603466 0.616887 0.023930
v 0.646077 0.622976 -0.053080
v 0.665313 0.592946 -0.036550
v 0.684953 0.577478 -0.010495
v 0.686326 0.554781 -0.010495
v 0.698440 0.559245 -0.044540
v 0.694267 0.613201 -0.091676
v 0.784270 0.627799 -0.118848
v 0.896813 0.553140 -0.010495
v 0.877002 0.556105 -0.080557
v 0.877407 0.652439 -0.010514
v 0.857039 0.641380 -0.082173
v 0.804416 0.709286 -0.075884
v 0.703078 0.696827 -0.096882
v 0.612741 0.702424 -0.055490
v 0.621853 0.601420 -0.010495
v 0.614185 0.586787 -0.010495
v 0.553830 0.599912 0.043148
v 0.588503 0.597474 0.030255
v 0.608008 0.551162 -0.010495
v 0.605323 0.576682 -0.043258
v 0.553827 0.599832 -0.064055
v 0.571443 0.624609 -0.052260
v 0.524384 0.602805 -0.010458
v 0.585909 0.666612 0.008815
v 0.556560 0.677836 -0.015361
v 0.579205 0.658638 -0.037042
v 0.549522 0.628511 -0.004823
v 0.541615 0.646864 0.007581
v 0.569106 0.639933 0.007835
v 0.433112 0.684983 0.001789
v 0.432352 0.692305 -0.017345
v 0.547451 0.654976 -0.034340
v 0.431742 0.669362 -0.036363
v 0.432754 0.646951 -0.013029
v 0.536106 0.632676 -0.010585
v 0.433581 0.660896 0.005575
v 0.551472 0.669500 0.004008
v 0.396392 0.690419 -0.015505
v 0.408679 0.660252 0.008196
v 0.411043 0.645815 -0.012894
v 0.394403 0.634186 -0.010301
v 0.401716 0.667057 -0.037946
v 0.367811 0.671097 -0.012808
v 0.400554 0.683732 0.004678
v 0.389222 0.646689 0.008622
v 0.309482 0.590467 0.022761
v 0.378238 0.651310 -0.032511
v 0.295861 0.608540 0.019574
v 0.374725 0.666100 0.005835
v -0.292108 0.621572 0.039188
v -0.250197 0.538587 0.051740
v -0.329917 0.560367 0.008589
v -0.253402 0.525063 0.004312
v -0.310291 0.576530 -0.036204
v -0.219368 0.555375 -0.013186
v -0.286262 0.610642 -0.035892
v -0.278221 0.631766 0.002331
v -0.227255 0.565636 0.047165
v -0.203641 0.556079 0.037755
v -0.209225 0.541963 -0.008722
v -0.214555 0.571716 0.017549
v -0.236076 0.525360 0.050040
v -0.142121 0.616917 0.080814
v -0.121106 0.611246 0.111786
v -0.071147 0.594825 0.183095
v 0.000000 0.587109 0.204939
v 0.000000 0.604111 0.185098
v 0.121106 0.611246 0.111786
v 0.142121 0.616917 0.080814
v 0.121964 0.639223 0.060480
v 0.098302 0.656245 0.073681
v 0.088091 0.643700 0.104045
v 0.072851 0.653906 0.109642
v -0.000000 0.629016 0.160555
v -0.057682 0.633548 0.144277
v -0.088091 0.643700 0.104045
v -0.084379 0.662827 0.083791
v -0.094886 0.653368 0.082005
v -0.098302 0.656245 0.073681
v -0.101265 0.656214 0.067090
v -0.107064 0.659364 0.040483
v -0.121964 0.639223 0.060480
v -0.111272 0.619459 0.113420
v -0.079528 0.609983 0.162521
v -0.074034 0.617608 0.155101
v 0.074034 0.617608 0.155101
v 0.079528 0.609983 0.162521
v 0.111272 0.619459 0.113420
v 0.094886 0.653368 0.082005
v 0.060855 0.627774 0.149319
v 0.057682 0.633548 0.144277
v -0.000000 0.624673 0.165050
v -0.060855 0.627774 0.149319
v -0.095132 0.636147 0.105792
v -0.740190 0.415902 0.047611
v -0.740190 0.415902 -0.068603
v -0.686632 0.446768 -0.051876
v -0.673149 0.457450 -0.010495
v -0.686632 0.446768 0.030201
v -0.719021 0.484194 0.032699
v -0.742676 0.526220 0.077993
v -0.813851 0.504603 0.093143
v -0.694267 0.613201 0.071393
v -0.653287 0.746516 0.040522
v -0.703078 0.696827 0.075323
v -0.598521 0.667307 0.026717
v -0.621853 0.601420 -0.010495
v -0.612741 0.702424 -0.055490
v -0.653287 0.746516 -0.061623
v -0.721394 0.744410 -0.069445
v -0.646727 0.765958 -0.010550
v -0.724903 0.768275 -0.010550
v -0.721394 0.744410 0.048344
v -0.612741 0.702424 0.034389
v -0.585909 0.666612 0.008815
v -0.553830 0.599912 0.043148
v -0.556564 0.549391 0.051144
v -0.608008 0.551162 -0.010495
v -0.614185 0.586787 -0.010495
v -0.603466 0.616887 -0.044922
v -0.598053 0.672066 -0.047818
v -0.588518 0.682729 -0.010913
v -0.569106 0.639933 0.007835
v -0.541615 0.646864 0.007581
v -0.549522 0.628511 -0.004823
v -0.571755 0.624333 0.031268
v -0.524384 0.602805 -0.010458
v -0.568661 0.511408 0.051191
v -0.596003 0.530071 0.034628
v -0.623425 0.488294 0.010545
v -0.636197 0.493204 -0.010495
v -0.614418 0.517360 -0.010495
v -0.617517 0.534778 -0.010495
v -0.605323 0.576682 -0.043258
v -0.593420 0.530343 -0.055620
v -0.588503 0.597474 -0.051247
v -0.556564 0.549391 -0.072136
v -0.104454 0.075162 -0.062136
v -0.107407 0.079710 0.019883
v -0.088718 0.075162 0.088832
v -0.119638 0.079710 0.050586
v -0.175810 0.075162 0.093598
v -0.160643 0.079710 0.051500
v -0.178174 0.079710 0.019883
v -0.079827 0.416186 0.331938
v -0.058349 0.412369 0.332023
v 0.079828 0.416189 0.331940
v 0.075433 0.425212 0.316908
v 0.147883 0.438780 0.291861
v -0.800067 0.412065 -0.010495
v -0.798949 0.423535 -0.075780
v -0.813851 0.504603 -0.114135
v -0.719021 0.484194 -0.059054
v -0.701670 0.515584 -0.054420
v -0.689583 0.519743 -0.010495
v -0.701670 0.515584 0.029827
v -0.703597 0.538515 -0.010495
v -0.698440 0.559245 -0.044540
v -0.742676 0.526220 -0.097925
v -0.694267 0.613201 -0.091676
v -0.703078 0.696827 -0.096882
v -0.804416 0.709286 -0.075884
v -0.804416 0.709286 0.054892
v -0.857039 0.641380 0.061145
v -0.784270 0.627799 0.097838
v -0.877002 0.556105 0.059565
v -0.818243 0.728786 -0.010495
v -0.784270 0.627799 -0.118848
v -0.877002 0.556106 -0.080557
v -0.858863 0.468642 -0.069999
v -0.867429 0.462779 -0.010495
v -0.798949 0.423535 0.054788
v -0.734141 0.403363 -0.010495
v -0.736175 0.447793 -0.087218
v -0.699519 0.488704 -0.010495
v -0.698440 0.559245 0.021663
v -0.686326 0.554781 -0.010495
v -0.665313 0.592946 -0.036550
v -0.646077 0.622976 -0.053080
v -0.646077 0.622976 0.031979
v -0.665313 0.592946 0.015534
v -0.684953 0.577478 -0.010495
v -0.664122 0.582053 -0.010508
v -0.649329 0.603948 -0.010550
v -0.579761 0.695491 -0.010550
v -0.601878 0.735580 -0.010550
v 0.000000 0.422260 0.327187
v -0.147882 0.438779 0.291861
v -0.191979 0.482342 0.230376
v -0.121107 0.573858 0.172600
v -0.159443 0.588488 0.096650
v -0.201843 0.555574 0.036287
v -0.145533 0.603928 -0.017661
v -0.102342 0.507117 -0.187082
v 0.000000 0.598976 -0.133315
v -0.062038 0.349370 0.330834
v -0.061445 0.337304 0.331086
v 0.000000 0.346396 0.338676
v 0.000000 0.330461 0.338214
v 0.055650 0.330461 0.338214
v 0.061445 0.336465 0.337549
v 0.055650 0.330461 0.331671
v 0.061445 0.337304 0.331086
v 0.044315 0.346333 0.338725
v 0.044428 0.398876 0.332425
v 0.058349 0.412370 0.332024
v 0.000000 0.412369 0.333637
v 0.000000 0.398875 0.332423
v -0.063011 0.402894 0.331568
v -0.061445 0.336465 0.337549
v 0.000000 0.671658 -0.073401
v 0.011656 0.664514 -0.081576
v 0.000000 0.635891 -0.105565
v -0.012500 0.630835 -0.111085
v 0.000000 0.693446 0.220816
v -0.007502 0.667934 0.198982
v 0.000000 0.671349 0.174024
v 0.000000 0.665936 0.128820
v 0.000000 0.690213 0.173395
v -0.008614 0.674751 0.173916
v -0.008614 0.666072 0.149826
v -0.008614 0.669338 0.128712
v 0.000000 0.655640 0.131793
v 0.008614 0.669338 0.128712
v 0.000000 0.681531 0.149305
v 0.000000 0.684782 0.128220
v -0.000000 0.674486 0.107091
v -0.009826 0.660057 0.124548
v 0.002602 0.692902 0.273371
v 0.000000 0.691505 0.273415
v -0.002602 0.692902 0.273371
v 0.006253 0.672844 0.244107
v 0.000000 0.669396 0.244254
v 0.007502 0.677979 0.221337
v 0.007502 0.667934 0.198982
v 0.000000 0.664552 0.199061
v 0.000000 0.674599 0.221415
v -0.007502 0.677979 0.221337
v -0.006253 0.672844 0.244107
v 0.000000 0.699246 0.273169
v 0.000000 0.688219 0.243687
v 0.000000 0.683399 0.198462
v 0.008614 0.674751 0.173916
v 0.008614 0.666072 0.149826
v 0.000000 0.662670 0.149934
v 0.155581 0.600250 0.095868
v 0.145533 0.603928 -0.017661
v 0.139870 0.615616 -0.019998
v 0.088596 0.601357 -0.108427
v 0.000000 0.607327 -0.129320
v -0.086719 0.610070 -0.105622
v -0.088596 0.601357 -0.108427
v -0.155581 0.600250 0.095868
v -0.035745 0.557014 0.235625
v 0.191979 0.482342 0.230376
v 0.121106 0.573854 0.172599
v 0.239788 0.511498 0.112513
v 0.159443 0.588488 0.096650
v 0.201843 0.555574 0.036287
v 0.209225 0.541963 -0.008722
v 0.000000 0.513628 -0.212089
v -0.110543 0.474491 -0.201804
v -0.201869 0.484704 -0.138649
v -0.187794 0.492944 -0.135015
v -0.237445 0.517157 0.004730
v -0.256829 0.488816 0.109043
v -0.239788 0.511498 0.112513
v -0.211923 0.468811 0.219833
v -0.059562 0.519186 0.258349
v 0.000000 0.431123 0.325013
v -0.000000 0.525641 0.260309
v 0.059562 0.519186 0.258349
v 0.140289 0.445977 0.283419
v 0.211923 0.468811 0.219833
v 0.237445 0.517157 0.004730
v 0.187794 0.492944 -0.135015
v 0.102342 0.507117 -0.187082
v 0.110544 0.474494 -0.201805
v 0.000000 0.469655 -0.222011
v 0.105782 0.572334 0.187947
v 0.027602 0.554912 0.238237
v -0.000000 0.536901 0.253944
v -0.117428 0.582426 0.176012
v -0.105782 0.572334 0.187947
v 0.000000 0.671837 -0.095135
v -0.011656 0.664514 -0.081576
v -0.072435 0.633697 -0.079353
v -0.046956 0.682016 -0.045130
v -0.066864 0.683541 -0.000878
v -0.083002 0.673558 0.057896
v -0.072851 0.653906 0.109642
v -0.061946 0.667747 0.067638
v -0.023283 0.690754 0.071187
v -0.024171 0.706010 0.040082
v -0.061505 0.677634 0.035507
v -0.010078 0.694376 -0.047357
v 0.000000 0.703271 -0.060404
v 0.010078 0.694376 -0.047357
v 0.066864 0.683541 -0.000878
v 0.061505 0.677634 0.035507
v 0.024171 0.706010 0.040082
v 0.061946 0.667747 0.067638
v 0.084379 0.662827 0.083791
v 0.083002 0.673558 0.057896
v 0.107064 0.659364 0.040483
v 0.046956 0.682016 -0.045130
v 0.072435 0.633697 -0.079353
v 0.012500 0.630835 -0.111085
v 0.000683 0.617488 -0.114819
v -0.120198 0.629331 -0.020352
v -0.139870 0.615616 -0.019998
v -0.113114 0.596002 0.132282
v -0.024357 0.563871 0.234314
v -0.000000 0.560886 0.237412
v 0.024357 0.563871 0.234314
v 0.071147 0.594825 0.183095
v 0.117428 0.582426 0.176012
v 0.113114 0.596003 0.132282
v 0.120198 0.629331 -0.020352
v 0.086719 0.610070 -0.105622
v -0.000683 0.617488 -0.114819
v 0.000000 0.638944 -0.127753
v 0.186216 0.130840 -0.034964
v 0.101943 0.122396 -0.047867
v 0.092380 0.097400 0.090558
v 0.063088 0.075162 0.025265
v 0.066225 0.095698 0.025265
v 0.104454 0.075162 -0.062136
v 0.103407 0.099733 -0.054074
v 0.194383 0.075162 -0.049114
v 0.189180 0.108967 -0.038799
v 0.220843 0.113932 0.025265
v 0.171073 0.106212 0.094174
v 0.088718 0.075162 0.088832
v 0.298818 0.595127 -0.016485
v 0.286262 0.610642 -0.035892
v 0.289205 0.613426 0.001909
v 0.292108 0.621572 0.039188
v 0.313983 0.579205 0.004908
v 0.310291 0.576530 -0.036204
v 0.065831 0.613815 0.052661
v 0.047667 0.639893 0.060624
v -0.000000 0.608650 0.042323
v -0.000000 0.637500 0.057580
v -0.065831 0.613815 0.052661
v -0.105653 0.624152 0.114354
v -0.035692 0.609861 0.057938
v 0.035692 0.609861 0.057938
v 0.070894 0.621966 0.150860
v 0.063500 0.622962 0.153522
v -0.047667 0.639893 0.060624
v 0.157492 0.429703 0.304858
v 0.063011 0.402894 0.331569
v 0.238448 0.444564 0.199116
v 0.221607 0.385914 0.249237
v 0.152327 0.414350 0.293767
v 0.063011 0.399859 0.323928
v 0.219368 0.555375 -0.013186
v 0.278221 0.631766 0.002331
v 0.227255 0.565636 0.047165
v 0.320527 0.583864 0.045836
v 0.329917 0.560367 0.008589
v 0.236076 0.525360 0.050040
v 0.253402 0.525063 0.004312
v 0.214555 0.571716 0.017549
v 0.250197 0.538587 0.051740
v 0.203641 0.556079 0.037755
v 0.107407 0.079710 0.019883
v 0.229926 0.079817 0.025265
v 0.175810 0.075162 0.093598
v 0.313867 0.244154 0.102113
v 0.253527 0.338247 -0.163393
v -0.133046 0.328553 -0.224750
v -0.247709 0.222788 0.222323
v -0.313867 0.244154 0.102113
v -0.320115 0.247748 -0.041578
v -0.246081 0.239214 -0.156269
v -0.150239 0.191898 -0.139010
v -0.134533 0.236422 -0.201255
v 0.000000 0.236422 -0.215281
v 0.000000 0.195517 -0.171405
v 0.134533 0.236422 -0.201255
v 0.246081 0.239214 -0.156269
v 0.320115 0.247748 -0.041578
v 0.328317 0.337479 0.104689
v 0.288208 0.418037 0.104498
v 0.332358 0.348456 -0.041153
v 0.291840 0.425571 -0.027884
v 0.270094 0.468731 -0.023430
v 0.242508 0.463181 -0.083267
v 0.275982 0.485687 -0.024983
v 0.277974 0.477325 0.111466
v 0.216114 0.461232 0.220768
v 0.270925 0.461083 0.107179
v 0.231724 0.454742 0.227797
v 0.206276 0.431238 0.250220
v 0.254540 0.398344 0.197119
v 0.263553 0.315129 0.235956
v 0.247709 0.222788 0.222323
v 0.122761 0.195517 0.304985
v 0.238056 0.184799 0.097753
v 0.218162 0.135649 0.025265
v 0.243035 0.189546 -0.034042
v 0.150239 0.191898 -0.139010
v -0.186216 0.130840 -0.034964
v -0.243035 0.189546 -0.034042
v -0.218162 0.135649 0.025265
v -0.238056 0.184799 0.097753
v -0.170230 0.128635 0.095900
v -0.122761 0.195517 0.304985
v -0.030690 0.191008 0.318618
v 0.000000 0.164093 0.247487
v 0.000000 0.189506 0.319207
v 0.030690 0.191008 0.318618
v 0.000000 0.278990 0.357382
v 0.027835 0.330461 0.331671
v 0.152887 0.366599 0.303218
v 0.062038 0.349370 0.330834
v 0.260940 0.419886 -0.087061
v 0.230027 0.414317 -0.146101
v 0.039000 0.400393 -0.226037
v 0.037016 0.442932 -0.226476
v 0.178174 0.079710 0.019883
v 0.160643 0.079710 0.051500
v 0.148089 0.030834 0.034404
v 0.119638 0.079710 0.050586
v 0.123562 0.029639 0.033163
v 0.114184 0.029673 0.011477
v 0.132875 0.007291 -0.003502
v 0.146990 0.005423 0.007401
v 0.134584 0.007112 0.018749
v 0.132389 0.001242 0.006899
v 0.126485 0.029845 -0.010445
v 0.120619 0.008209 0.007930
v 0.163516 0.033573 0.012564
v 0.151622 0.031248 -0.009271
v 0.161552 0.079710 -0.011394
v 0.124181 0.079710 -0.013273
v 0.112183 0.644623 0.065456
v 0.105886 0.652388 0.064422
v 0.101265 0.656214 0.067090
v 0.101375 0.651825 0.069531
v 0.105653 0.624152 0.114354
v -0.000000 0.614304 0.176768
v -0.000000 0.620127 0.172008
v -0.070894 0.621966 0.150860
v -0.101375 0.651825 0.069531
v -0.099155 0.631831 0.106790
v -0.063500 0.622962 0.153522
v -0.000000 0.619462 0.170444
v 0.095132 0.636151 0.105793
v 0.099155 0.631831 0.106790
v 0.044315 0.346333 0.332182
v 0.000000 0.330461 0.331671
v -0.055650 0.330461 0.338214
v 0.059474 0.530816 0.252334
v 0.035745 0.557014 0.235625
v 0.000000 0.119780 -0.067706
v 0.066205 0.114717 0.025265
v 0.000000 0.109288 0.025265
v 0.000000 0.126750 0.176178
v 0.101524 0.125130 0.148719
v -0.101524 0.125130 0.148719
v -0.170008 0.170104 0.226777
v 0.044428 0.398879 0.325885
v 0.000000 0.398876 0.325882
v 0.000000 0.346396 0.332134
v -0.044428 0.398875 0.325882
v -0.044315 0.346333 0.332182
v -0.044315 0.346333 0.338725
v -0.044428 0.398875 0.332424
v -0.112183 0.644623 0.065456
v -0.105886 0.652388 0.064422
v -0.152327 0.414350 0.293767
v -0.152887 0.366599 0.303218
v -0.221607 0.385914 0.249237
v -0.146990 0.005423 0.007401
v -0.123562 0.029639 0.033163
v -0.126485 0.029845 -0.010445
v -0.120619 0.008209 0.007930
v -0.132389 0.001242 0.006899
v -0.134584 0.007112 0.018749
v -0.132875 0.007291 -0.003502
v -0.151622 0.031248 -0.009271
v -0.124181 0.079710 -0.013273
v -0.114184 0.029673 0.011477
v -0.148089 0.030834 0.034404
v -0.163516 0.033573 0.012564
v -0.161552 0.079710 -0.011394
v -0.027835 0.330461 0.331671
v -0.055650 0.330461 0.331671
v 0.011777 0.612080 0.113598
v 0.018103 0.615000 0.106291
v 0.021013 0.611170 0.106450
v 0.011834 0.608519 0.113760
v -0.000000 0.609068 0.103810
v -0.000000 0.607597 0.115627
v -0.000000 0.610649 0.115433
v -0.011777 0.612080 0.113598
v -0.021013 0.611170 0.106450
v -0.011834 0.608519 0.113760
v -0.000000 0.605088 0.075893
v -0.000000 0.614534 0.103550
v -0.018103 0.615000 0.106291
v -0.027602 0.554911 0.238236
v -0.253459 0.495866 -0.018661
v -0.216113 0.461229 0.220766
v -0.140289 0.445977 0.283419
v -0.075433 0.425211 0.316907
v -0.074425 0.433643 0.314129
v 0.074426 0.433647 0.314131
v 0.260697 0.481208 0.109957
v 0.256829 0.488816 0.109043
v 0.253459 0.495866 -0.018661
v 0.205655 0.478550 -0.140766
v 0.201869 0.484704 -0.138649
v 0.112528 0.466997 -0.205010
v -0.112528 0.466997 -0.205010
v -0.260696 0.481206 0.109956
v -0.059474 0.530816 0.252334
v -0.288208 0.418037 0.104498
v -0.320527 0.583864 0.045836
v -0.313983 0.579205 0.004908
v -0.298818 0.595127 -0.016485
v -0.289205 0.613426 0.001909
v -0.295861 0.608540 0.019574
v -0.037016 0.442932 -0.226476
v -0.039000 0.400393 -0.226037
v -0.116953 0.448480 -0.212006
v -0.230027 0.414317 -0.146101
v -0.260940 0.419886 -0.087061
vt 0.701500 0.142500
vt 0.701500 0.194900
vt 0.681300 0.142500
vt 0.678700 0.194900
vt 0.570900 0.142500
vt 0.571400 0.194900
vt 0.428100 0.142500
vt 0.427300 0.194900
vt 0.346900 0.194900
vt 0.403500 0.262000
vt 0.346900 0.262000
vt 0.239300 0.194900
vt 0.239300 0.262000
vt 0.208400 0.262000
vt 0.239000 0.279900
vt 0.207200 0.279900
vt 0.239000 0.300400
vt 0.342100 0.279900
vt 0.342100 0.300400
vt 0.431300 0.300400
vt 0.403500 0.279900
vt 0.443700 0.279900
vt 0.443700 0.262000
vt 0.527700 0.262000
vt 0.239000 0.310900
vt 0.175400 0.310900
vt 0.175400 0.300400
vt 0.072000 0.310900
vt 0.072000 0.300400
vt 0.008200 0.310900
vt 0.008200 0.300400
vt 0.072000 0.300400
vt 0.072000 0.310900
vt 0.175400 0.300400
vt 0.175400 0.310900
vt 0.239000 0.310900
vt 0.239000 0.300400
vt 0.207200 0.279900
vt 0.175400 0.279900
vt 0.072000 0.279900
vt 0.019600 0.279900
vt 0.008200 0.279900
vt 0.007900 0.262000
vt 0.019200 0.262000
vt 0.007900 0.194900
vt 0.071800 0.194900
vt 0.071800 0.262000
vt 0.177600 0.194900
vt 0.177600 0.262000
vt 0.208400 0.262000
vt 0.239300 0.194900
vt 0.763200 0.715600
vt 0.821300 0.714300
vt 0.798900 0.850700
vt 0.744300 0.813900
vt 0.723000 0.948900
vt 0.694600 0.892200
vt 0.616300 0.932700
vt 0.599000 0.877800
vt 0.546500 0.941000
vt 0.501600 0.890200
vt 0.584000 0.792400
vt 0.500200 0.843800
vt 0.545100 0.792700
vt 0.568900 0.760800
vt 0.546800 0.774900
vt 0.565900 0.746400
vt 0.568900 0.760800
vt 0.583300 0.745300
vt 0.594600 0.719200
vt 0.636400 0.681100
vt 0.604600 0.695300
vt 0.600300 0.668800
vt 0.614000 0.632700
vt 0.600400 0.635200
vt 0.559200 0.610900
vt 0.614000 0.632700
vt 0.583400 0.589500
vt 0.630200 0.590700
vt 0.634000 0.553900
vt 0.689500 0.562700
vt 0.628700 0.507800
vt 0.553400 0.550500
vt 0.583400 0.589500
vt 0.630200 0.590700
vt 0.703600 0.656200
vt 0.675600 0.798200
vt 0.746100 0.614700
vt 0.802400 0.590500
vt 0.746100 0.614700
vt 0.717600 0.512400
vt 0.689500 0.562700
vt 0.634000 0.553900
vt 0.703600 0.656200
vt 0.636400 0.681100
vt 0.600300 0.668800
vt 0.587400 0.672800
vt 0.570400 0.057100
vt 0.346900 0.083500
vt 0.502900 0.083500
vt 0.501500 0.118500
vt 0.701500 0.118500
vt 0.681300 0.142500
vt 0.570900 0.142500
vt 0.678700 0.194900
vt 0.571400 0.194900
vt 0.086700 0.913100
vt 0.036100 0.979500
vt 0.008400 0.971400
vt 0.008400 0.995200
vt 0.036100 0.979500
vt 0.086700 0.913100
vt 0.008400 0.957300
vt 0.008400 0.910500
vt 0.122600 0.867500
vt 0.008400 0.864500
vt 0.079100 0.843000
vt 0.008400 0.834700
vt 0.079100 0.843000
vt 0.122600 0.867500
vt 0.177600 0.194900
vt 0.177600 0.262000
vt 0.071800 0.262000
vt 0.071800 0.194900
vt 0.019200 0.262000
vt 0.019600 0.279900
vt 0.072000 0.279900
vt 0.175400 0.279900
vt 0.342100 0.310900
vt 0.450300 0.310900
vt 0.522100 0.300400
vt 0.528400 0.279900
vt 0.637500 0.279900
vt 0.637500 0.273100
vt 0.553400 0.550500
vt 0.583400 0.589500
vt 0.634000 0.553900
vt 0.630200 0.590700
vt 0.689500 0.562700
vt 0.703600 0.656200
vt 0.746100 0.614700
vt 0.763200 0.715600
vt 0.821300 0.714300
vt 0.798900 0.850700
vt 0.763200 0.715600
vt 0.744300 0.813900
vt 0.516200 0.730600
vt 0.506700 0.739300
vt 0.510200 0.753200
vt 0.490800 0.763300
vt 0.504900 0.785600
vt 0.494300 0.860700
vt 0.459500 0.888600
vt 0.471800 0.941500
vt 0.535700 0.995900
vt 0.619700 0.995700
vt 0.616300 0.932700
vt 0.546500 0.941000
vt 0.501600 0.890200
vt 0.499800 0.849300
vt 0.482000 0.833800
vt 0.464700 0.801300
vt 0.474700 0.794500
vt 0.504900 0.785600
vt 0.101100 0.043500
vt 0.101100 0.082100
vt 0.213400 0.082100
vt 0.213400 0.043500
vt 0.292400 0.082100
vt 0.292400 0.043500
vt 0.213400 0.043500
vt 0.213400 0.082100
vt 0.101100 0.043500
vt 0.101100 0.082100
vt 0.026800 0.082100
vt 0.026800 0.043500
vt 0.101100 0.001800
vt 0.213400 0.001800
vt 0.292400 0.001800
vt 0.213400 0.001800
vt 0.101100 0.001800
vt 0.026800 0.001800
vt 0.510200 0.753200
vt 0.490800 0.763300
vt 0.506700 0.739300
vt 0.516200 0.730600
vt 0.095900 0.780600
vt 0.045600 0.772700
vt 0.080600 0.803200
vt 0.140900 0.819500
vt 0.008100 0.835300
vt 0.008000 0.803900
vt 0.020400 0.782900
vt 0.008000 0.776400
vt 0.008100 0.768700
vt 0.045600 0.772700
vt 0.020400 0.782900
vt 0.080600 0.803200
vt 0.140900 0.819500
vt 0.095900 0.780600
vt 0.451900 0.834000
vt 0.436300 0.834000
vt 0.436300 0.801300
vt 0.421400 0.801300
vt 0.421400 0.812300
vt 0.401700 0.812300
vt 0.421400 0.843400
vt 0.401700 0.843400
vt 0.384600 0.843400
vt 0.384600 0.812300
vt 0.401700 0.801300
vt 0.384600 0.801300
vt 0.401700 0.834000
vt 0.384600 0.834000
vt 0.384600 0.860500
vt 0.401700 0.860500
vt 0.421400 0.860500
vt 0.436300 0.843400
vt 0.436300 0.812300
vt 0.451900 0.801300
vt 0.464700 0.801300
vt 0.451900 0.812300
vt 0.451900 0.843400
vt 0.451900 0.860500
vt 0.436300 0.860500
vt 0.421400 0.834000
vt 0.481200 0.600400
vt 0.490800 0.630500
vt 0.449600 0.661700
vt 0.420500 0.644000
vt 0.397400 0.700700
vt 0.449600 0.661700
vt 0.490800 0.630500
vt 0.517300 0.636400
vt 0.472100 0.664000
vt 0.431000 0.705800
vt 0.412700 0.760500
vt 0.431000 0.705800
vt 0.472100 0.664000
vt 0.517300 0.636400
vt 0.528800 0.612200
vt 0.530000 0.642100
vt 0.495400 0.685900
vt 0.460600 0.707800
vt 0.458100 0.766000
vt 0.474700 0.794500
vt 0.482000 0.833800
vt 0.530000 0.642100
vt 0.528800 0.612200
vt 0.517300 0.636400
vt 0.495400 0.685900
vt 0.472100 0.664000
vt 0.460600 0.707800
vt 0.431000 0.705800
vt 0.449600 0.661700
vt 0.397400 0.700700
vt 0.420500 0.644000
vt 0.449600 0.661700
vt 0.481200 0.600400
vt 0.490800 0.630500
vt 0.517300 0.636400
vt 0.495400 0.685900
vt 0.514300 0.664300
vt 0.514000 0.687100
vt 0.505600 0.710500
vt 0.506700 0.739300
vt 0.490800 0.763300
vt 0.458100 0.766000
vt 0.412700 0.760500
vt 0.431000 0.705800
vt 0.472100 0.664000
vt 0.490800 0.630500
vt 0.460600 0.707800
vt 0.458100 0.766000
vt 0.475000 0.794200
vt 0.504900 0.785600
vt 0.520000 0.770400
vt 0.545100 0.792700
vt 0.584000 0.792400
vt 0.594600 0.719200
vt 0.586100 0.716200
vt 0.675600 0.798200
vt 0.599000 0.877800
vt 0.694600 0.892200
vt 0.744300 0.813900
vt 0.763200 0.715600
vt 0.472500 0.812200
vt 0.488300 0.843000
vt 0.451900 0.860500
vt 0.451900 0.834000
vt 0.451900 0.801300
vt 0.451900 0.812300
vt 0.451900 0.843400
vt 0.436300 0.843400
vt 0.436300 0.860500
vt 0.436300 0.834000
vt 0.436300 0.801300
vt 0.436300 0.812300
vt 0.421400 0.812300
vt 0.421400 0.801300
vt 0.421400 0.834000
vt 0.421400 0.860500
vt 0.421400 0.843400
vt 0.401700 0.812300
vt 0.401700 0.801300
vt 0.401700 0.834000
vt 0.401700 0.860500
vt 0.401700 0.843400
vt 0.384600 0.812300
vt 0.384600 0.801300
vt 0.384600 0.834000
vt 0.384600 0.860500
vt 0.384600 0.843400
vt 0.769000 0.492600
vt 0.769000 0.462200
vt 0.662700 0.462200
vt 0.769000 0.382700
vt 0.662700 0.382700
vt 0.769000 0.409500
vt 0.662700 0.409500
vt 0.769000 0.409500
vt 0.662700 0.462200
vt 0.769000 0.462200
vt 0.662700 0.492600
vt 0.646600 0.489800
vt 0.645000 0.382700
vt 0.625200 0.409500
vt 0.625200 0.462200
vt 0.645000 0.492600
vt 0.194800 0.724700
vt 0.239400 0.700900
vt 0.174500 0.670000
vt 0.161900 0.694800
vt 0.112100 0.674800
vt 0.109100 0.614900
vt 0.058800 0.648400
vt 0.059500 0.572800
vt 0.008100 0.636500
vt 0.008000 0.548100
vt 0.059500 0.572800
vt 0.058800 0.648400
vt 0.109100 0.614900
vt 0.112100 0.674800
vt 0.174500 0.670000
vt 0.161900 0.694800
vt 0.142700 0.716100
vt 0.194800 0.724700
vt 0.151300 0.724500
vt 0.152100 0.734400
vt 0.181400 0.761400
vt 0.148200 0.737400
vt 0.145700 0.751800
vt 0.146100 0.738400
vt 0.107700 0.760100
vt 0.062700 0.758800
vt 0.008100 0.752600
vt 0.062700 0.758800
vt 0.107700 0.760100
vt 0.145700 0.751800
vt 0.146100 0.738400
vt 0.148200 0.737400
vt 0.181400 0.761400
vt 0.152100 0.734400
vt 0.151300 0.724500
vt 0.142700 0.716100
vt 0.115900 0.705600
vt 0.059500 0.696000
vt 0.008000 0.691700
vt 0.059500 0.696000
vt 0.115900 0.705600
vt 0.138400 0.723500
vt 0.119400 0.737000
vt 0.061400 0.739400
vt 0.008100 0.739200
vt 0.061400 0.739400
vt 0.119400 0.737000
vt 0.138400 0.723500
vt 0.628700 0.507800
vt 0.634000 0.553900
vt 0.583400 0.589500
vt 0.559200 0.610900
vt 0.614000 0.632700
vt 0.636400 0.681100
vt 0.584000 0.792400
vt 0.675600 0.798200
vt 0.599000 0.877800
vt 0.694600 0.892200
vt 0.616300 0.932700
vt 0.546500 0.941000
vt 0.501600 0.890200
vt 0.500200 0.843800
vt 0.545100 0.792700
vt 0.520000 0.770400
vt 0.504900 0.785600
vt 0.545100 0.792700
vt 0.499800 0.849300
vt 0.584000 0.792400
vt 0.501600 0.890200
vt 0.599000 0.877800
vt 0.546500 0.941000
vt 0.616300 0.932700
vt 0.535700 0.995900
vt 0.619700 0.995700
vt 0.471800 0.941500
vt 0.459500 0.888600
vt 0.494300 0.860700
vt 0.488300 0.843000
vt 0.472500 0.812200
vt 0.475000 0.794200
vt 0.458100 0.766000
vt 0.460600 0.707800
vt 0.495400 0.685900
vt 0.505600 0.710500
vt 0.506700 0.739300
vt 0.490800 0.763300
vt 0.514300 0.664300
vt 0.514000 0.687100
vt 0.360300 0.053900
vt 0.308800 0.034400
vt 0.364000 0.035600
vt 0.340700 0.020300
vt 0.379200 0.028800
vt 0.449200 0.019200
vt 0.430300 0.028600
vt 0.516600 0.034400
vt 0.452200 0.035600
vt 0.472400 0.051000
vt 0.431500 0.042600
vt 0.384900 0.043000
vt 0.617000 0.303500
vt 0.634000 0.297700
vt 0.699200 0.303500
vt 0.699200 0.310900
vt 0.617000 0.303500
vt 0.622400 0.310900
vt 0.522100 0.300400
vt 0.533800 0.310900
vt 0.450300 0.310900
vt 0.431300 0.300400
vt 0.443700 0.279900
vt 0.528400 0.279900
vt 0.637500 0.279900
vt 0.637500 0.273100
vt 0.717600 0.512400
vt 0.802400 0.590500
vt 0.746100 0.614700
vt 0.689500 0.562700
vt 0.703600 0.656200
vt 0.630200 0.590700
vt 0.636400 0.681100
vt 0.614000 0.632700
vt 0.600300 0.668800
vt 0.600400 0.635200
vt 0.587400 0.672800
vt 0.600300 0.668800
vt 0.604600 0.695300
vt 0.594600 0.719200
vt 0.675600 0.798200
vt 0.694600 0.892200
vt 0.723000 0.948900
vt 0.744300 0.813900
vt 0.594600 0.719200
vt 0.583300 0.745300
vt 0.586100 0.716200
vt 0.568900 0.760800
vt 0.546800 0.774900
vt 0.568900 0.760800
vt 0.565900 0.746400
vt 0.622400 0.310900
vt 0.533800 0.310900
vt 0.401600 0.371700
vt 0.530800 0.371700
vt 0.450000 0.486600
vt 0.350800 0.371700
vt 0.381100 0.486600
vt 0.303200 0.371700
vt 0.332000 0.409200
vt 0.262200 0.482200
vt 0.270800 0.410700
vt 0.114700 0.490100
vt 0.142400 0.410700
vt 0.080800 0.410700
vt 0.008700 0.490100
vt 0.814500 0.446600
vt 0.813500 0.416500
vt 0.813500 0.416500
vt 0.836200 0.385500
vt 0.836200 0.385500
vt 0.886300 0.453400
vt 0.998300 0.385500
vt 0.998300 0.453400
vt 0.886300 0.453400
vt 0.836200 0.385500
vt 0.813500 0.416500
vt 0.836200 0.385500
vt 0.813500 0.416500
vt 0.814500 0.446600
vt 0.815900 0.589100
vt 0.815900 0.603400
vt 0.886300 0.547400
vt 0.828300 0.630500
vt 0.997300 0.630500
vt 0.997300 0.547400
vt 0.886300 0.547400
vt 0.828300 0.630500
vt 0.815900 0.603400
vt 0.815900 0.589100
vt 0.366400 0.794800
vt 0.328200 0.789300
vt 0.355800 0.768000
vt 0.366400 0.795100
vt 0.366300 0.751000
vt 0.355800 0.768000
vt 0.359300 0.722100
vt 0.335000 0.704900
vt 0.861200 0.671500
vt 0.861200 0.716700
vt 0.883800 0.716700
vt 0.883800 0.671500
vt 0.906500 0.716700
vt 0.906500 0.671500
vt 0.931300 0.671500
vt 0.931300 0.635400
vt 0.955600 0.671500
vt 0.955600 0.635400
vt 0.976500 0.635400
vt 0.955600 0.671500
vt 0.976500 0.671500
vt 0.955600 0.716700
vt 0.931300 0.671500
vt 0.931300 0.716700
vt 0.976500 0.671500
vt 0.996900 0.635400
vt 0.996900 0.671500
vt 0.996900 0.716700
vt 0.976500 0.716700
vt 0.996900 0.671500
vt 0.861200 0.635400
vt 0.831400 0.671500
vt 0.831400 0.635400
vt 0.831400 0.671500
vt 0.831400 0.716700
vt 0.861200 0.671500
vt 0.883800 0.671500
vt 0.883800 0.635400
vt 0.906500 0.671500
vt 0.906500 0.635400
vt 0.811000 0.180300
vt 0.811700 0.179400
vt 0.818900 0.186200
vt 0.819500 0.185400
vt 0.816100 0.188300
vt 0.817000 0.187200
vt 0.805700 0.188400
vt 0.805800 0.189400
vt 0.790800 0.189100
vt 0.790800 0.188000
vt 0.805700 0.188400
vt 0.805800 0.189400
vt 0.816100 0.188300
vt 0.817000 0.187200
vt 0.819500 0.185400
vt 0.818900 0.186200
vt 0.811700 0.179400
vt 0.811000 0.180300
vt 0.808500 0.179000
vt 0.801100 0.169600
vt 0.801000 0.171200
vt 0.796900 0.176000
vt 0.796200 0.175700
vt 0.530800 0.371700
vt 0.401600 0.371700
vt 0.450000 0.486600
vt 0.350800 0.371700
vt 0.381100 0.486600
vt 0.303200 0.371700
vt 0.332000 0.409200
vt 0.262200 0.482200
vt 0.270800 0.410700
vt 0.114700 0.490100
vt 0.142400 0.410700
vt 0.080800 0.410700
vt 0.008700 0.410700
vt 0.097400 0.322200
vt 0.174200 0.322200
vt 0.230500 0.318600
vt 0.261300 0.371700
vt 0.317000 0.318400
vt 0.370200 0.318600
vt 0.438100 0.318600
vt 0.518500 0.318600
vt 0.603700 0.361100
vt 0.603700 0.322000
vt 0.518500 0.318600
vt 0.438100 0.318600
vt 0.370200 0.318600
vt 0.317000 0.318400
vt 0.261300 0.371700
vt 0.230500 0.318600
vt 0.174200 0.322200
vt 0.097400 0.322200
vt 0.008700 0.322200
vt 0.796900 0.176000
vt 0.796200 0.175700
vt 0.801100 0.169600
vt 0.801000 0.171200
vt 0.808500 0.179000
vt 0.791600 0.184600
vt 0.790800 0.166400
vt 0.790800 0.165200
vt 0.791600 0.184600
vt 0.328200 0.789300
vt 0.240000 0.779900
vt 0.200800 0.795700
vt 0.161200 0.789000
vt 0.205300 0.813600
vt 0.311000 0.852500
vt 0.353000 0.815600
vt 0.367200 0.827900
vt 0.353000 0.815600
vt 0.311000 0.852500
vt 0.240000 0.779900
vt 0.200800 0.795700
vt 0.205300 0.813600
vt 0.161200 0.789000
vt 0.239400 0.700900
vt 0.335000 0.704900
vt 0.359300 0.722100
vt 0.366300 0.751000
vt 0.366300 0.689500
vt 0.366300 0.641800
vt 0.314900 0.639400
vt 0.252700 0.631900
vt 0.167700 0.609300
vt 0.089700 0.547600
vt 0.021200 0.510100
vt 0.009700 0.511500
vt 0.008800 0.525500
vt 0.021200 0.510100
vt 0.089700 0.547600
vt 0.167700 0.609300
vt 0.252700 0.631900
vt 0.314900 0.639400
vt 0.366300 0.689500
vt 0.292400 0.082100
vt 0.213400 0.043500
vt 0.213400 0.082100
vt 0.101100 0.043500
vt 0.101100 0.082100
vt 0.026800 0.082100
vt 0.026800 0.043500
vt 0.101100 0.082100
vt 0.101100 0.043500
vt 0.213400 0.082100
vt 0.213400 0.043500
vt 0.292400 0.043500
vt 0.292400 0.001800
vt 0.213400 0.001800
vt 0.101100 0.001800
vt 0.026800 0.001800
vt 0.101100 0.001800
vt 0.213400 0.001800
vt 0.651600 0.331100
vt 0.680900 0.334700
vt 0.664500 0.344700
vt 0.676100 0.357900
vt 0.649100 0.354800
vt 0.646400 0.367300
vt 0.637300 0.349100
vt 0.621800 0.355500
vt 0.637500 0.336400
vt 0.622100 0.329000
vt 0.651500 0.317800
vt 0.915400 0.784500
vt 0.925200 0.786700
vt 0.919300 0.783500
vt 0.903800 0.790900
vt 0.903800 0.784700
vt 0.919300 0.783500
vt 0.915400 0.784500
vt 0.925200 0.786700
vt 0.936900 0.780300
vt 0.933800 0.759700
vt 0.922700 0.739600
vt 0.903800 0.731800
vt 0.903800 0.777200
vt 0.922700 0.739600
vt 0.933800 0.759700
vt 0.936900 0.780300
vt 0.932600 0.764200
vt 0.920400 0.745500
vt 0.903800 0.738800
vt 0.920400 0.745500
vt 0.932600 0.764200
vt 0.634000 0.297700
vt 0.278100 0.500700
vt 0.278100 0.593200
vt 0.357000 0.500700
vt 0.357000 0.593200
vt 0.411200 0.500700
vt 0.411200 0.593200
vt 0.411200 0.500700
vt 0.411200 0.593200
vt 0.463000 0.500700
vt 0.463000 0.593200
vt 0.513000 0.500700
vt 0.513000 0.593200
vt 0.769000 0.409500
vt 0.662700 0.409500
vt 0.769000 0.409500
vt 0.662700 0.462200
vt 0.769000 0.462200
vt 0.662700 0.492600
vt 0.769000 0.492600
vt 0.662700 0.462200
vt 0.769000 0.462200
vt 0.769000 0.382700
vt 0.662700 0.382700
vt 0.645000 0.382700
vt 0.625200 0.409500
vt 0.625200 0.462200
vt 0.645000 0.492600
vt 0.646600 0.489800
vt 0.384900 0.043000
vt 0.364000 0.035600
vt 0.360300 0.053900
vt 0.431500 0.042600
vt 0.472400 0.051000
vt 0.452200 0.035600
vt 0.516600 0.034400
vt 0.430300 0.028600
vt 0.449200 0.019200
vt 0.379200 0.028800
vt 0.340700 0.020300
vt 0.308800 0.034400
vt 0.346900 0.194900
vt 0.346900 0.142500
vt 0.239300 0.142500
vt 0.177600 0.142500
vt 0.071800 0.142500
vt 0.007900 0.142500
vt 0.071800 0.142500
vt 0.177600 0.142500
vt 0.239300 0.142500
vt 0.346900 0.142500
vt 0.346900 0.118500
vt 0.239300 0.118500
vt 0.125500 0.118500
vt 0.007900 0.118500
vt 0.125500 0.118500
vt 0.239300 0.118500
vt 0.346900 0.118500
vt 0.428100 0.142500
vt 0.427300 0.194900
vt 0.403500 0.262000
vt 0.346900 0.262000
vt 0.239300 0.262000
vt 0.239000 0.279900
vt 0.342100 0.279900
vt 0.342100 0.300400
vt 0.342100 0.310900
vt 0.403500 0.279900
vt 0.443700 0.262000
vt 0.527700 0.262000
vt 0.283300 0.083500
vt 0.239300 0.083500
vt 0.125500 0.083500
vt 0.007900 0.083500
vt 0.125500 0.083500
vt 0.239300 0.083500
vt 0.283300 0.083500
vt 0.346900 0.083500
vt 0.501500 0.118500
vt 0.680500 0.212700
vt 0.646500 0.212700
vt 0.639400 0.219700
vt 0.638700 0.262000
vt 0.278100 0.593200
vt 0.278100 0.500700
vt 0.242200 0.500700
vt 0.242200 0.593200
vt 0.200800 0.500700
vt 0.200800 0.593200
vt 0.160700 0.500700
vt 0.160700 0.593200
vt 0.238100 0.894400
vt 0.233800 0.998400
vt 0.271200 0.998400
vt 0.211400 0.889200
vt 0.233800 0.998400
vt 0.139200 0.998400
vt 0.148000 0.886000
vt 0.111600 0.998400
vt 0.126900 0.885600
vt 0.139200 0.998400
vt 0.148000 0.886000
vt 0.211400 0.889200
vt 0.169000 0.835100
vt 0.200900 0.830900
vt 0.167900 0.821500
vt 0.169000 0.835100
vt 0.141400 0.837200
vt 0.145400 0.708700
vt 0.142100 0.720900
vt 0.137200 0.723500
vt 0.138700 0.728900
vt 0.135000 0.733000
vt 0.130000 0.733600
vt 0.116200 0.705600
vt 0.112400 0.713800
vt 0.059600 0.696000
vt 0.058700 0.705100
vt 0.007900 0.701100
vt 0.059600 0.696000
vt 0.058700 0.705100
vt 0.112400 0.713800
vt 0.116200 0.705600
vt 0.137200 0.723500
vt 0.121000 0.730300
vt 0.118700 0.737000
vt 0.062600 0.730700
vt 0.060900 0.739400
vt 0.009500 0.730300
vt 0.060900 0.739400
vt 0.062600 0.730700
vt 0.118700 0.737000
vt 0.121000 0.730300
vt 0.971200 0.584500
vt 0.908700 0.584500
vt 0.908700 0.569100
vt 0.971200 0.569100
vt 0.854200 0.235400
vt 0.893400 0.235400
vt 0.893400 0.210600
vt 0.815000 0.235400
vt 0.815000 0.210600
vt 0.893400 0.210600
vt 0.854200 0.235400
vt 0.893400 0.235400
vt 0.530800 0.371700
vt 0.450400 0.492500
vt 0.561400 0.492500
vt 0.701500 0.005100
vt 0.555200 0.019600
vt 0.610400 0.037000
vt 0.701500 0.037000
vt 0.701500 0.083500
vt 0.502900 0.083500
vt 0.570400 0.057100
vt 0.610400 0.037000
vt 0.555200 0.019600
vt 0.908700 0.584500
vt 0.908700 0.569100
vt 0.971200 0.584500
vt 0.971200 0.569100
vt 0.908700 0.569100
vt 0.908700 0.584500
vt 0.908700 0.584500
vt 0.908700 0.569100
vt 0.971200 0.569100
vt 0.971200 0.584500
vt 0.908700 0.584500
vt 0.908700 0.569100
vt 0.516500 0.511300
vt 0.516500 0.582700
vt 0.535500 0.511300
vt 0.535500 0.582700
vt 0.516500 0.582700
vt 0.516500 0.511300
vt 0.908700 0.569100
vt 0.908700 0.584500
vt 0.971200 0.584500
vt 0.971200 0.569100
vt 0.142100 0.720900
vt 0.145400 0.708700
vt 0.138700 0.728900
vt 0.135000 0.733000
vt 0.130000 0.733600
vt 0.562100 0.486600
vt 0.513000 0.500700
vt 0.513000 0.593200
vt 0.463000 0.593200
vt 0.463000 0.500700
vt 0.411200 0.593200
vt 0.411200 0.500700
vt 0.233800 0.998400
vt 0.139200 0.998400
vt 0.211400 0.889200
vt 0.238100 0.894400
vt 0.200900 0.830900
vt 0.211400 0.889200
vt 0.169000 0.835100
vt 0.148000 0.886000
vt 0.141400 0.837200
vt 0.126900 0.885600
vt 0.148000 0.886000
vt 0.169000 0.835100
vt 0.167900 0.821500
vt 0.111600 0.998400
vt 0.139200 0.998400
vt 0.233800 0.998400
vt 0.271200 0.998400
vt 0.701500 0.212700
vt 0.680500 0.212700
vt 0.646500 0.212700
vt 0.639400 0.219700
vt 0.638700 0.262000
vt 0.951300 0.727800
vt 0.966100 0.729400
vt 0.951300 0.727900
vt 0.966000 0.729600
vt 0.973900 0.736000
vt 0.977500 0.735900
vt 0.951300 0.738200
vt 0.966100 0.729400
vt 0.966000 0.729600
vt 0.973900 0.736000
vt 0.977500 0.735900
vt 0.951300 0.762900
vt 0.995800 0.778800
vt 0.951300 0.792600
vt 0.951300 0.738400
vt 0.995800 0.778800
vt 0.562100 0.486600
vt 0.908600 0.235800
vt 0.908200 0.236800
vt 0.909200 0.235200
vt 0.902400 0.233000
vt 0.902900 0.232400
vt 0.892300 0.229800
vt 0.893400 0.229200
vt 0.883200 0.227300
vt 0.883100 0.228100
vt 0.872600 0.226900
vt 0.872600 0.227700
vt 0.883100 0.228100
vt 0.883200 0.227300
vt 0.892300 0.229800
vt 0.893400 0.229200
vt 0.902900 0.232400
vt 0.902400 0.233000
vt 0.909200 0.235200
vt 0.908600 0.235800
vt 0.908200 0.236800
vt 0.908800 0.236200
vt 0.900900 0.235700
vt 0.901500 0.234800
vt 0.888400 0.233100
vt 0.888100 0.234100
vt 0.872600 0.232200
vt 0.872600 0.233100
vt 0.888100 0.234100
vt 0.888400 0.233100
vt 0.900900 0.235700
vt 0.901500 0.234800
vt 0.908800 0.236200
vt 0.530800 0.371700
vt 0.561400 0.492500
vt 0.450400 0.492500
vt 0.411200 0.500700
vt 0.411200 0.593200
vt 0.357000 0.593200
vt 0.357000 0.500700
vt 0.278100 0.593200
vt 0.278100 0.500700
vt 0.651500 0.317800
vt 0.622100 0.329000
vt 0.651600 0.331100
vt 0.680900 0.334700
vt 0.664500 0.344700
vt 0.676100 0.357900
vt 0.649100 0.354800
vt 0.646400 0.367300
vt 0.637300 0.349100
vt 0.621800 0.355500
vt 0.637500 0.336400
vt 0.160700 0.593200
vt 0.160700 0.500700
vt 0.200800 0.593200
vt 0.200800 0.500700
vt 0.242200 0.593200
vt 0.242200 0.500700
vt 0.278100 0.593200
vt 0.278100 0.500700
vn 0.0000 -0.7323 0.6810
vn 0.0000 0.0152 0.9999
vn -0.0942 -0.7126 0.6952
vn -0.1235 0.0150 0.9922
vn -0.3067 -0.6501 0.6951
vn -0.3671 -0.0321 0.9296
vn -0.7036 -0.5122 0.4924
vn -0.7801 0.0271 0.6250
vn -0.9605 0.1344 0.2434
vn -0.8232 0.3119 0.4743
vn -0.8911 0.4002 0.2139
vn -0.9483 0.1865 -0.2567
vn -0.8595 0.4702 -0.2002
vn -0.7877 0.4071 -0.4624
vn -0.9752 0.0377 -0.2182
vn -0.9119 -0.0119 -0.4102
vn -0.8427 0.5017 -0.1951
vn -0.9851 -0.0475 0.1652
vn -0.8827 0.4213 0.2083
vn -0.7629 0.3348 0.5530
vn -0.9153 -0.0019 0.4026
vn -0.7424 -0.0258 0.6695
vn -0.6759 0.2390 0.6972
vn -0.4275 0.2027 0.8809
vn -0.5188 0.8467 -0.1178
vn -0.3557 0.8476 -0.3937
vn -0.6884 0.4530 -0.5664
vn -0.1648 0.8043 -0.5709
vn -0.3200 0.3219 -0.8910
vn 0.0000 0.7740 -0.6331
vn 0.0000 0.2855 -0.9583
vn 0.3200 0.3219 -0.8910
vn 0.1648 0.8042 -0.5710
vn 0.6884 0.4530 -0.5664
vn 0.3557 0.8476 -0.3937
vn 0.5188 0.8467 -0.1179
vn 0.8427 0.5017 -0.1951
vn 0.9119 -0.0119 -0.4102
vn 0.7511 -0.0600 -0.6574
vn 0.3558 -0.2686 -0.8951
vn 0.1549 -0.2655 -0.9515
vn 0.0000 -0.3587 -0.9334
vn 0.0000 0.0557 -0.9984
vn 0.1081 0.0646 -0.9920
vn 0.0000 -0.0795 -0.9968
vn 0.2771 -0.0200 -0.9606
vn 0.3274 0.1408 -0.9343
vn 0.6782 0.1215 -0.7247
vn 0.7078 0.2914 -0.6435
vn 0.7877 0.4071 -0.4624
vn 0.9483 0.1865 -0.2567
vn 0.7909 -0.0045 0.6118
vn 0.9991 -0.0418 0.0000
vn 0.9059 0.4234 -0.0000
vn 0.6989 0.3324 0.6333
vn 0.5974 0.8019 0.0001
vn 0.4327 0.6438 0.6311
vn 0.1166 0.7560 0.6441
vn -0.1713 0.2642 0.9491
vn -0.3218 0.6750 0.6639
vn -0.6392 0.2376 0.7314
vn -0.5145 -0.2740 0.8125
vn -0.6167 0.1842 0.7654
vn -0.4555 -0.6525 0.6055
vn -0.4982 -0.7766 0.3854
vn -0.4869 -0.8734 -0.0004
vn -0.5294 -0.8484 0.0000
vn -0.4959 -0.7771 -0.3876
vn -0.7775 -0.6289 0.0032
vn -0.8470 -0.4352 0.3051
vn -0.5291 -0.1276 0.8389
vn -0.9970 -0.0771 0.0094
vn -0.8658 0.1322 0.4825
vn -0.8193 0.0716 0.5688
vn -0.9887 0.1483 0.0215
vn -0.9633 0.2684 0.0078
vn -0.8077 0.0554 -0.5869
vn -0.8042 -0.1006 -0.5858
vn -0.4000 -0.2612 -0.8784
vn -0.2107 -0.8032 -0.5572
vn 0.2891 -0.7690 -0.5701
vn -0.1728 -0.9849 0.0000
vn -0.7794 -0.6265 0.0017
vn -0.8014 -0.0784 0.5929
vn -0.4175 -0.2541 0.8724
vn 0.2013 -0.1986 0.9592
vn 0.0883 0.1359 0.9868
vn 0.7246 -0.4964 0.4780
vn 0.8143 -0.5805 0.0000
vn 0.7246 -0.4964 -0.4780
vn 0.3742 -0.9273 0.0000
vn 0.2900 -0.7693 0.5693
vn -0.2126 -0.8041 0.5551
vn 0.1972 -0.1985 -0.9600
vn -0.5242 -0.1208 -0.8429
vn -0.8607 0.1602 -0.4833
vn -0.9841 0.1772 0.0109
vn -0.2416 -0.8214 0.5166
vn 0.5286 -0.6148 0.5852
vn 0.1232 -0.9560 0.2661
vn 0.3783 -0.8409 0.3869
vn 0.0000 -0.9218 0.3876
vn 0.0942 -0.7126 0.6952
vn 0.3067 -0.6501 0.6951
vn 0.1235 0.0150 0.9922
vn 0.3671 -0.0321 0.9296
vn 0.4421 0.8953 -0.0549
vn 0.4741 0.7811 -0.4063
vn 0.0000 0.9677 -0.2519
vn 0.0000 0.8215 -0.5702
vn -0.4741 0.7811 -0.4063
vn -0.4421 0.8953 -0.0549
vn 0.0000 0.8320 -0.5548
vn 0.0000 0.9998 -0.0177
vn -0.4473 0.8451 0.2929
vn 0.0000 0.9386 0.3449
vn -0.3575 0.8332 0.4217
vn 0.0000 0.8616 0.5075
vn 0.3575 0.8332 0.4217
vn 0.4473 0.8451 0.2929
vn -0.6782 0.1215 -0.7247
vn -0.7078 0.2914 -0.6435
vn -0.3274 0.1408 -0.9343
vn -0.2771 -0.0200 -0.9606
vn -0.1081 0.0646 -0.9920
vn -0.1549 -0.2655 -0.9515
vn -0.3558 -0.2686 -0.8951
vn -0.7511 -0.0600 -0.6574
vn -0.5547 0.8068 0.2035
vn -0.4449 0.7465 0.4947
vn -0.4827 0.1724 0.8586
vn -0.5212 -0.2499 0.8160
vn -0.3599 -0.2590 0.8963
vn -0.7156 -0.3649 0.5956
vn 0.7794 -0.6265 0.0017
vn 0.8014 -0.0784 0.5929
vn 0.2126 -0.8041 0.5551
vn 0.4175 -0.2541 0.8724
vn -0.2900 -0.7693 0.5693
vn -0.2013 -0.1986 0.9592
vn -0.7246 -0.4964 0.4780
vn -0.7909 -0.0045 0.6118
vn -0.9991 -0.0418 0.0000
vn -0.9059 0.4234 -0.0000
vn -0.7910 -0.0046 -0.6117
vn -0.6988 0.3323 -0.6334
vn -0.9842 -0.1773 0.0000
vn -0.8252 0.1489 0.5448
vn -0.9998 -0.0177 0.0000
vn -0.5384 0.0514 0.8411
vn -0.2897 -0.3186 0.9025
vn -0.9313 0.3633 0.0242
vn -0.9973 -0.0732 0.0042
vn -0.7640 0.6452 0.0000
vn -0.3045 0.9525 0.0000
vn 0.1824 0.9832 -0.0000
vn 0.1176 0.7578 -0.6418
vn -0.3224 0.6764 -0.6623
vn -0.6339 0.2426 -0.7343
vn -0.6179 0.2249 -0.7533
vn -0.5561 0.4752 -0.6818
vn -0.9697 0.0485 0.2393
vn -0.2987 0.4235 -0.8552
vn 0.2882 -0.3178 -0.9033
vn -0.5638 0.2746 -0.7789
vn -0.6173 -0.3412 -0.7089
vn 0.1616 -0.6103 -0.7755
vn 0.4747 0.2300 -0.8495
vn 0.5665 -0.8220 -0.0574
vn 0.9966 0.0766 -0.0307
vn 0.5539 0.0096 0.8325
vn 0.2416 -0.8214 0.5166
vn -0.4178 0.0114 0.9085
vn -0.5286 -0.6148 0.5852
vn -0.9462 -0.3215 0.0360
vn -0.9766 0.1985 0.0829
vn -0.4925 -0.5267 -0.6927
vn 0.3575 -0.5186 -0.7767
vn 0.7976 -0.6026 -0.0265
vn 0.4986 -0.6141 0.6117
vn -0.3619 -0.6344 0.6830
vn -0.8641 -0.4964 0.0830
vn 0.9998 -0.0177 0.0000
vn 0.5384 0.0514 0.8411
vn 0.8252 0.1489 0.5448
vn 0.9842 -0.1773 0.0000
vn -0.4125 0.7556 0.5087
vn -0.1675 0.7728 0.6121
vn -0.2220 0.8144 0.5361
vn 0.0000 0.9219 0.3873
vn -0.5522 0.5912 0.5879
vn 0.0000 0.5447 0.8386
vn 0.0000 0.7338 0.6793
vn 0.1675 0.7728 0.6121
vn 0.5522 0.5912 0.5879
vn 0.2220 0.8144 0.5361
vn 0.4125 0.7556 0.5087
vn 0.0125 -0.1159 -0.9932
vn -0.0295 -0.0203 -0.9993
vn 0.0348 -0.9966 -0.0750
vn -0.3082 -0.9439 -0.1180
vn -0.1456 -0.2789 0.9492
vn -0.3106 -0.2989 0.9023
vn 0.1630 0.6506 0.7417
vn 0.2922 0.5426 0.7876
vn -0.5604 0.7792 0.2808
vn -0.8740 0.3713 0.3135
vn -0.5546 -0.8255 -0.1042
vn -0.9712 0.1520 -0.1835
vn 0.1287 -0.1137 -0.9851
vn -0.6960 0.4789 -0.5350
vn -0.4407 0.8677 -0.2299
vn 0.5921 0.7769 -0.2138
vn 0.3231 0.9241 -0.2038
vn -0.0511 0.6567 0.7524
vn -0.0194 -0.3589 0.9331
vn 0.1715 -0.9785 -0.1144
vn 0.9697 0.0485 0.2393
vn 0.1039 -0.2881 0.9519
vn -0.0224 0.5963 0.8024
vn 0.0016 0.9774 -0.2114
vn -0.0357 0.9671 -0.2519
vn 0.0856 0.0307 -0.9958
vn 0.2569 -0.9664 0.0000
vn -0.1147 -0.7560 -0.6444
vn 0.6642 -0.5450 -0.5116
vn 0.7714 -0.6363 0.0009
vn 0.9875 -0.1571 0.0003
vn 0.6636 -0.5459 0.5114
vn -0.1147 -0.7560 0.6444
vn -0.6432 -0.4189 0.6409
vn 0.0522 -0.2968 0.9535
vn 0.8385 -0.0543 0.5422
vn 0.8771 0.4802 -0.0039
vn 0.8392 -0.0544 -0.5411
vn 0.0421 -0.2894 -0.9562
vn -0.6479 -0.4017 -0.6471
vn -0.6075 -0.7943 0.0000
vn -0.9871 0.1600 -0.0054
vn -0.6860 0.0840 -0.7227
vn 0.1538 0.0288 -0.9877
vn 0.3324 0.3860 -0.8605
vn 0.2987 0.4235 -0.8552
vn 0.5561 0.4752 -0.6818
vn 0.9871 0.1600 -0.0054
vn 0.6075 -0.7943 0.0000
vn 0.6479 -0.4017 -0.6471
vn 0.6860 0.0840 -0.7227
vn -0.0421 -0.2894 -0.9562
vn -0.1538 0.0288 -0.9877
vn -0.8392 -0.0544 -0.5411
vn -0.6642 -0.5450 -0.5116
vn -0.9875 -0.1571 0.0003
vn -0.7714 -0.6363 0.0009
vn -0.6636 -0.5459 0.5114
vn -0.2569 -0.9664 0.0000
vn 0.1147 -0.7560 -0.6444
vn 0.6432 -0.4189 0.6409
vn 0.6914 0.0778 0.7183
vn 0.9236 0.3824 -0.0240
vn 0.9842 0.1760 -0.0199
vn 0.9998 -0.0136 -0.0161
vn 0.8206 0.1321 -0.5561
vn 0.5377 0.0482 -0.8417
vn -0.3324 0.3860 -0.8605
vn -0.8771 0.4802 -0.0039
vn -0.8385 -0.0543 0.5422
vn -0.0522 -0.2968 0.9535
vn 0.1147 -0.7560 0.6444
vn -0.1607 0.0309 0.9865
vn -0.3308 0.3903 0.8592
vn -0.2755 0.4555 0.8465
vn 0.2897 -0.3186 0.9025
vn 0.4892 -0.8721 0.0003
vn -0.4569 -0.6334 -0.6245
vn -0.5157 -0.2770 -0.8107
vn -0.8465 -0.4365 -0.3048
vn -0.9083 -0.4182 0.0089
vn 0.0865 0.1334 -0.9873
vn -0.1725 0.2612 -0.9497
vn 0.4339 0.6438 -0.6302
vn 0.6988 0.3323 -0.6334
vn 0.7910 -0.0046 -0.6117
vn -0.5336 0.3086 0.7873
vn -0.5186 0.5840 0.6245
vn -0.0016 0.9774 -0.2114
vn -0.0125 -0.1159 -0.9932
vn -0.1715 -0.9785 -0.1144
vn -0.1039 -0.2881 0.9519
vn 0.0224 0.5963 0.8024
vn 0.0511 0.6567 0.7524
vn 0.0357 0.9671 -0.2519
vn 0.0295 -0.0203 -0.9993
vn -0.0348 -0.9966 -0.0750
vn 0.0194 -0.3589 0.9331
vn 0.1456 -0.2789 0.9492
vn 0.3082 -0.9439 -0.1180
vn -0.0856 0.0307 -0.9958
vn -0.3231 0.9241 -0.2038
vn -0.1630 0.6506 0.7417
vn 0.3123 -0.2988 0.9018
vn 0.5546 -0.8255 -0.1042
vn -0.1287 -0.1137 -0.9851
vn -0.5921 0.7769 -0.2138
vn -0.2915 0.5440 0.7868
vn 0.8743 0.3697 0.3143
vn 0.9712 0.1520 -0.1835
vn 0.6960 0.4789 -0.5350
vn 0.4407 0.8677 -0.2299
vn 0.5588 0.7801 0.2812
vn -0.0047 0.9909 -0.1340
vn -0.2664 0.7989 0.5392
vn 0.3930 0.3770 0.8387
vn -0.7598 0.1281 0.6374
vn -0.2312 -0.4146 0.8801
vn -0.9420 -0.3316 -0.0513
vn -0.3295 -0.8661 -0.3758
vn -0.6111 -0.0679 -0.7886
vn 0.5102 0.1175 -0.8520
vn -0.1413 0.6128 -0.7775
vn 0.7437 0.6662 -0.0544
vn 0.5828 0.3237 0.7453
vn -0.8558 0.3138 0.4112
vn -0.9110 0.1581 -0.3809
vn -0.3712 0.6422 -0.6706
vn -0.1877 0.9622 0.1972
vn -0.6576 0.7533 0.0036
vn -0.6259 0.7379 -0.2523
vn -0.6676 0.7228 0.1786
vn -0.4288 0.7670 0.4773
vn -0.6675 0.5393 0.5135
vn -0.3418 0.8042 0.4862
vn -0.4582 0.6472 0.6092
vn -0.2599 0.7506 0.6074
vn 0.0000 0.7162 0.6979
vn 0.0000 0.7878 0.6159
vn 0.2599 0.7506 0.6074
vn 0.4582 0.6472 0.6092
vn 0.3418 0.8042 0.4862
vn 0.6675 0.5393 0.5135
vn 0.6676 0.7228 0.1786
vn 0.4288 0.7670 0.4773
vn 0.6200 0.6955 0.3632
vn 0.6576 0.7533 0.0036
vn 0.6930 0.6063 0.3900
vn 0.7106 0.6040 0.3609
vn 0.2756 0.9467 0.1664
vn 0.7616 0.5187 0.3883
vn 0.3503 0.8440 0.4060
vn 0.7136 0.5536 0.4293
vn 0.5825 0.6308 0.5125
vn 0.2802 0.7409 0.6103
vn 0.0000 0.7291 0.6844
vn -0.2802 0.7409 0.6103
vn -0.5826 0.6308 0.5125
vn -0.3503 0.8440 0.4060
vn -0.7136 0.5536 0.4293
vn -0.7616 0.5187 0.3883
vn -0.2756 0.9467 0.1664
vn -0.7106 0.6040 0.3609
vn -0.6930 0.6063 0.3900
vn -0.6200 0.6955 0.3632
vn -0.6113 0.6550 0.4442
vn -0.3109 0.7608 0.5697
vn 0.0000 0.6328 0.7743
vn 0.3109 0.7608 0.5697
vn 0.6113 0.6550 0.4442
vn 0.6859 0.3780 0.6217
vn 0.5889 0.6486 0.4822
vn 0.3177 0.7148 0.6229
vn 0.0000 0.7185 0.6955
vn -0.3178 0.7148 0.6229
vn -0.5887 0.6487 0.4822
vn -0.6859 0.3780 0.6217
vn 0.1728 -0.9849 0.0000
vn 0.2107 -0.8032 -0.5572
vn 0.8042 -0.1006 -0.5858
vn 0.9633 0.2684 0.0078
vn 0.8193 0.0716 0.5688
vn 0.5291 -0.1276 0.8389
vn 0.5145 -0.2740 0.8125
vn -0.0883 0.1359 0.9868
vn 0.1713 0.2642 0.9491
vn -0.4327 0.6438 0.6311
vn -0.1166 0.7560 0.6441
vn 0.3218 0.6750 0.6639
vn 0.6392 0.2376 0.7314
vn 0.6167 0.1842 0.7654
vn 0.4555 -0.6525 0.6055
vn -0.4892 -0.8721 0.0003
vn -0.2882 -0.3178 -0.9033
vn 0.4569 -0.6334 -0.6245
vn 0.6179 0.2249 -0.7533
vn 0.5157 -0.2770 -0.8107
vn 0.6339 0.2426 -0.7343
vn 0.1725 0.2612 -0.9497
vn 0.3224 0.6764 -0.6623
vn -0.1176 0.7578 -0.6418
vn 0.3045 0.9525 0.0000
vn -0.1824 0.9832 -0.0000
vn 0.7640 0.6452 0.0000
vn 0.9973 -0.0732 0.0042
vn 0.9313 0.3633 0.0242
vn 0.5186 0.5840 0.6245
vn 0.5336 0.3086 0.7873
vn 0.2755 0.4555 0.8465
vn 0.3308 0.3903 0.8592
vn 0.1607 0.0309 0.9865
vn -0.6914 0.0778 0.7183
vn -0.9998 -0.0136 -0.0161
vn -0.8206 0.1321 -0.5561
vn -0.5377 0.0482 -0.8417
vn -0.9236 0.3824 -0.0240
vn -0.9842 0.1760 -0.0199
vn 0.4721 -0.8815 0.0089
vn 0.1859 -0.9384 0.2911
vn -0.1944 -0.9405 0.2786
vn -0.4226 -0.9050 0.0486
vn -0.2542 -0.8997 -0.3549
vn 0.2155 -0.8956 -0.3890
vn -0.2297 0.2564 0.9389
vn -0.0289 -0.0756 0.9967
vn 0.0000 0.2388 0.9710
vn 0.0000 0.4391 0.8984
vn 0.2297 0.2564 0.9388
vn 0.1238 0.6644 0.7371
vn 0.4827 0.1723 0.8586
vn 0.1341 0.8376 0.5295
vn 0.4448 0.7466 0.4946
vn 0.7629 0.3348 0.5530
vn 0.7424 -0.0258 0.6695
vn 0.5212 -0.2499 0.8159
vn 0.3599 -0.2590 0.8963
vn 0.7156 -0.3650 0.5955
vn -0.3742 -0.9273 0.0000
vn -0.8143 -0.5805 0.0000
vn -0.7246 -0.4964 -0.4780
vn -0.2891 -0.7690 -0.5701
vn -0.1972 -0.1985 -0.9600
vn 0.4000 -0.2612 -0.8784
vn 0.5242 -0.1208 -0.8429
vn 0.8077 0.0554 -0.5869
vn 0.8607 0.1602 -0.4833
vn 0.9887 0.1483 0.0215
vn 0.9841 0.1772 0.0109
vn 0.8658 0.1322 0.4825
vn 0.9970 -0.0771 0.0094
vn 0.8465 -0.4365 -0.3048
vn -0.0865 0.1334 -0.9873
vn -0.4339 0.6438 -0.6302
vn -0.5974 0.8019 0.0001
vn -0.6989 0.3324 0.6333
vn 0.8470 -0.4352 0.3051
vn 0.7775 -0.6289 0.0032
vn 0.9083 -0.4182 0.0089
vn 0.4959 -0.7771 -0.3876
vn 0.4869 -0.8734 -0.0004
vn 0.4982 -0.7766 0.3854
vn 0.5294 -0.8484 0.0000
vn -0.1237 0.6644 0.7371
vn -0.1341 0.8376 0.5295
vn -0.5386 0.5468 0.6410
vn -0.2228 0.5626 0.7961
vn -0.6878 0.4365 0.5799
vn -0.7190 0.6403 0.2701
vn -0.7855 0.5695 0.2419
vn -0.7941 0.5476 -0.2637
vn -0.4914 0.5391 -0.6840
vn -0.4727 0.7388 -0.4803
vn -0.3597 0.5473 -0.7557
vn 0.0000 0.5678 -0.8231
vn -0.7933 0.0294 0.6081
vn -0.6730 -0.1010 0.7327
vn -0.7489 -0.2817 0.5998
vn -0.3235 -0.3638 0.8735
vn -0.3227 -0.7038 0.6328
vn 0.2342 0.3330 0.9134
vn 0.0000 -0.7175 0.6965
vn 0.0000 0.6973 0.7167
vn -0.2342 0.3330 0.9134
vn 0.3227 -0.7038 0.6328
vn 0.7489 -0.2817 0.5998
vn 0.3235 -0.3638 0.8735
vn 0.6730 -0.1010 0.7327
vn 0.7933 0.0294 0.6081
vn -0.3047 -0.2701 0.9133
vn 0.0289 -0.0756 0.9967
vn 0.0000 -0.7382 0.6746
vn 0.3046 -0.2701 0.9134
vn 0.0000 0.8675 -0.4975
vn 0.4454 0.7627 -0.4689
vn 0.4376 0.7090 -0.5530
vn 0.0000 0.7435 -0.6688
vn 0.0000 0.8462 -0.5328
vn -0.4376 0.7090 -0.5530
vn -0.5142 0.2762 -0.8119
vn -0.4348 0.7109 -0.5527
vn -0.8827 -0.4417 0.1602
vn 0.0000 0.9971 -0.0754
vn 0.0000 0.9980 -0.0634
vn -0.9807 -0.1926 0.0333
vn 0.0000 0.9984 -0.0558
vn -0.8822 -0.4677 0.0539
vn -0.9798 -0.1990 0.0174
vn 0.0000 -0.9988 0.0480
vn -0.9011 -0.4311 0.0471
vn 0.0000 -0.9957 0.0926
vn 0.0000 -0.5165 0.8563
vn 0.9011 -0.4311 0.0471
vn 0.9926 0.0687 0.1003
vn 0.0000 0.9943 -0.1068
vn 0.9798 -0.1990 0.0174
vn 0.0000 0.9992 -0.0393
vn -0.9926 0.0687 0.1003
vn 0.0000 0.9910 -0.1340
vn 0.0000 -0.9792 0.2026
vn 0.7601 -0.0538 0.6476
vn 0.0000 -0.5306 0.8476
vn -0.7601 -0.0538 0.6476
vn 0.0000 0.9163 0.4004
vn 0.8827 -0.4417 0.1602
vn 0.9807 -0.1926 0.0333
vn 0.0000 -0.9943 0.1061
vn 0.8822 -0.4677 0.0539
vn 0.0000 -0.9972 0.0743
vn 0.5977 0.5464 0.5866
vn 0.6879 0.4364 0.5799
vn 0.8091 0.5401 0.2315
vn 0.7855 0.5695 0.2419
vn 0.7580 0.6008 -0.2538
vn 0.7941 0.5476 -0.2637
vn 0.4914 0.5391 -0.6840
vn 0.4742 0.5647 -0.6754
vn 0.0000 0.6185 -0.7858
vn -0.4742 0.5647 -0.6754
vn -0.7580 0.6008 -0.2538
vn -0.8091 0.5401 0.2315
vn -0.5977 0.5464 0.5866
vn -0.5510 0.3817 0.7421
vn -0.2796 0.5020 0.8184
vn -0.2286 0.6062 0.7617
vn -0.1504 0.4956 0.8554
vn 0.2228 0.5626 0.7961
vn 0.5386 0.5468 0.6410
vn 0.7190 0.6403 0.2701
vn 0.8558 0.3138 0.4112
vn 0.1877 0.9622 0.1972
vn 0.3712 0.6422 -0.6706
vn 0.4727 0.7388 -0.4803
vn 0.3597 0.5473 -0.7557
vn 0.0000 0.4787 -0.8779
vn -0.3350 0.4423 -0.8319
vn -0.5196 0.6959 -0.4956
vn -0.7834 0.5860 -0.2066
vn -0.8394 0.5047 0.2017
vn -0.6688 0.4902 0.5589
vn -0.2448 0.6995 0.6714
vn -0.2110 0.4385 0.8736
vn 0.0000 0.5426 0.8399
vn 0.0000 0.3989 0.9170
vn 0.2110 0.4384 0.8736
vn 0.2448 0.6995 0.6714
vn 0.6687 0.4904 0.5589
vn 0.8393 0.5049 0.2017
vn 0.9110 0.1581 -0.3809
vn 0.7834 0.5861 -0.2066
vn 0.5196 0.6959 -0.4956
vn 0.3350 0.4422 -0.8320
vn 0.0000 0.2593 -0.9658
vn 0.2286 0.6062 0.7617
vn 0.1504 0.4956 0.8554
vn 0.2796 0.5020 0.8184
vn 0.5510 0.3816 0.7421
vn 0.1373 0.6593 0.7392
vn 0.0000 0.5056 0.8628
vn -0.1374 0.6593 0.7392
vn -0.4454 0.7627 -0.4689
vn -0.5716 0.8147 -0.0972
vn -0.4276 0.8822 0.1972
vn -0.2492 0.9297 0.2709
vn 0.5716 0.8147 -0.0972
vn 0.4276 0.8822 0.1972
vn 0.2492 0.9297 0.2709
vn 0.6259 0.7379 -0.2523
vn 0.4348 0.7109 -0.5527
vn 0.5142 0.2762 -0.8119
vn 0.0000 0.4725 -0.8813
vn -0.3923 0.3859 -0.8349
vn 0.0000 0.6680 0.7441
vn 0.3923 0.3859 -0.8349
vn -0.5665 -0.8220 -0.0574
vn -0.5539 0.0096 0.8325
vn 0.4178 0.0114 0.9085
vn 0.9462 -0.3215 0.0360
vn 0.9766 0.1985 0.0829
vn 0.6173 -0.3412 -0.7089
vn 0.5638 0.2746 -0.7789
vn -0.1616 -0.6103 -0.7755
vn -0.4747 0.2300 -0.8495
vn -0.9966 0.0766 -0.0307
vn -0.7976 -0.6026 -0.0265
vn -0.3575 -0.5186 -0.7767
vn 0.4925 -0.5267 -0.6927
vn 0.8641 -0.4964 0.0830
vn 0.3619 -0.6344 0.6830
vn -0.4986 -0.6141 0.6117
vn 0.6111 -0.0679 -0.7886
vn 0.1413 0.6128 -0.7775
vn 0.0047 0.9909 -0.1340
vn 0.2664 0.7989 0.5392
vn 0.7598 0.1281 0.6374
vn 0.9420 -0.3316 -0.0513
vn -0.1700 0.8159 0.5526
vn -0.2514 0.5688 0.7831
vn 0.0149 -0.8339 0.5516
vn 0.0000 -0.8811 0.4729
vn -0.0149 -0.8339 0.5516
vn 0.1700 0.8159 0.5526
vn 0.2514 0.5688 0.7831
vn -0.2879 0.8797 0.3784
vn -0.1469 0.9404 0.3065
vn 0.0000 0.8957 0.4445
vn 0.0000 -0.3422 -0.9396
vn 0.1469 0.9404 0.3065
vn 0.2879 0.8797 0.3784
vn 0.8787 -0.4076 0.2483
vn 0.5264 -0.3985 0.7511
vn 0.0000 -0.4234 0.9059
vn -0.5264 -0.3985 0.7510
vn -0.8788 -0.4074 0.2484
vn 0.8595 0.4702 -0.2002
vn 0.9752 0.0377 -0.2182
vn 0.8911 0.4002 0.2139
vn 0.9851 -0.0476 0.1652
vn 0.8232 0.3119 0.4743
vn 0.9153 -0.0019 0.4026
vn 0.6759 0.2390 0.6972
vn 0.4275 0.2027 0.8809
vn 0.3295 -0.8661 -0.3758
vn -0.5102 0.1175 -0.8520
vn -0.7437 0.6662 -0.0544
vn -0.3930 0.3770 0.8387
vn 0.2312 -0.4146 0.8801
vn -0.5828 0.3237 0.7453
vn -0.2155 -0.8956 -0.3890
vn -0.4721 -0.8815 0.0089
vn 0.2542 -0.8997 -0.3549
vn 0.4226 -0.9050 0.0486
vn 0.1944 -0.9405 0.2786
vn -0.1859 -0.9384 0.2911
vn 0.9605 0.1344 0.2434
vn 0.8580 -0.4738 0.1982
vn 0.8580 -0.4592 -0.2302
vn 0.5834 -0.4931 -0.6453
vn 0.2158 -0.5225 -0.8249
vn 0.0000 -0.5086 -0.8610
vn -0.2158 -0.5225 -0.8249
vn -0.5834 -0.4931 -0.6453
vn -0.8580 -0.4592 -0.2302
vn -0.8580 -0.4738 0.1982
vn -0.6460 -0.7460 0.1617
vn -0.6369 -0.7309 -0.2452
vn -0.2447 -0.8000 -0.5478
vn 0.0000 -0.7813 -0.6241
vn 0.2447 -0.8000 -0.5478
vn 0.6369 -0.7309 -0.2452
vn 0.6460 -0.7460 0.1617
vn 0.7036 -0.5122 0.4924
vn 0.7801 0.0271 0.6250
vn 0.8827 0.4213 0.2083
vn 0.5545 0.8069 0.2035
vn 0.0000 -0.9242 -0.3818
vn -0.3783 -0.8409 0.3869
vn 0.0123 -0.5376 0.8431
vn 0.9201 -0.3905 0.0295
vn 0.4062 -0.4801 0.7775
vn -0.5185 -0.4163 0.7468
vn -0.9774 -0.2044 -0.0530
vn -0.4610 -0.1865 -0.8675
vn 0.5144 -0.2780 -0.8112
vn -0.1078 -0.6360 -0.7641
vn 0.6131 -0.7876 -0.0611
vn -0.1354 -0.9901 -0.0371
vn -0.0271 -0.7681 0.6397
vn -0.7841 -0.6192 -0.0422
vn -0.5720 -0.5445 0.6135
vn -0.5830 0.6083 0.5385
vn 0.0000 -0.5259 0.8506
vn -0.0123 -0.5376 0.8431
vn 0.0000 -0.9998 -0.0179
vn 0.0000 -0.9463 0.3234
vn -0.1232 -0.9560 0.2661
vn 0.0000 -0.6640 0.7477
vn 0.5720 -0.5443 0.6136
vn 0.0000 0.7474 0.6644
vn 0.5830 0.6083 0.5385
vn -0.5144 -0.2780 -0.8112
vn -0.9201 -0.3905 0.0295
vn -0.6131 -0.7876 -0.0611
vn -0.4062 -0.4801 0.7775
vn 0.0271 -0.7681 0.6397
vn 0.5185 -0.4163 0.7468
vn 0.7841 -0.6192 -0.0422
vn 0.9774 -0.2044 -0.0530
vn 0.4610 -0.1865 -0.8675
vn 0.1078 -0.6360 -0.7641
vn 0.1354 -0.9901 -0.0371
vn 0.0000 -0.7096 0.7046
vn 0.3751 -0.6841 0.6255
vn 0.0000 0.5571 0.8304
vn 0.2606 0.5596 0.7867
vn 0.3844 0.8659 0.3199
vn 0.8271 -0.3281 0.4563
vn 0.0000 -1.0000 0.0049
vn -0.3751 -0.6841 0.6255
vn -0.2606 0.5596 0.7867
vn -0.3844 0.8659 0.3199
vn -0.8271 -0.3281 0.4563
vn 0.0000 0.9958 0.0907
usemtl unnamed_029
s 1
f 602/1/1 604/2/2 600/3/3
f 600/3/3 604/2/2 1/4/4
f 600/3/3 1/4/4 599/5/5
f 599/5/5 1/4/4 2/6/6
f 599/5/5 2/6/6 563/7/7
f 563/7/7 2/6/6 3/8/8
f 563/7/7 3/8/8 5/9/9
f 5/9/9 3/8/8 4/10/10
f 5/9/9 4/10/10 710/11/11
f 5/9/9 710/11/11 6/12/12
f 6/12/12 710/11/11 7/13/13
f 6/12/12 7/13/13 720/14/14
f 720/14/14 7/13/13 8/15/15
f 720/14/14 8/15/15 81/16/16
f 81/16/16 8/15/15 83/17/17
f 83/17/17 8/15/15 9/18/18
f 83/17/17 9/18/18 10/19/19
f 10/19/19 9/18/18 11/20/20
f 11/20/20 9/18/18 12/21/21
f 11/20/20 12/21/21 86/22/22
f 86/22/22 12/21/21 4/10/10
f 86/22/22 4/10/10 665/23/23
f 665/23/23 4/10/10 3/8/8
f 665/23/23 3/8/8 664/24/24
f 664/24/24 3/8/8 2/6/6
f 84/25/25 13/26/26 82/27/27
f 82/27/27 13/26/26 707/28/28
f 82/27/27 707/28/28 79/29/29
f 79/29/29 707/28/28 14/30/30
f 79/29/29 14/30/30 20/31/31
f 20/31/31 14/30/30 18/32/32
f 18/32/32 14/30/30 706/33/33
f 18/32/32 706/33/33 15/34/34
f 15/34/34 706/33/33 704/35/35
f 15/34/34 704/35/35 16/36/36
f 16/36/36 580/37/37 15/34/34
f 15/34/34 580/37/37 579/38/38
f 15/34/34 579/38/38 17/39/39
f 15/34/34 17/39/39 18/32/32
f 18/32/32 17/39/39 19/40/40
f 18/32/32 19/40/40 20/31/31
f 20/31/31 19/40/40 611/41/41
f 20/31/31 611/41/41 21/42/42
f 21/42/42 611/41/41 22/43/43
f 22/43/43 611/41/41 610/44/44
f 22/43/43 610/44/44 23/45/45
f 23/45/45 610/44/44 24/46/46
f 24/46/46 610/44/44 25/47/47
f 24/46/46 25/47/47 561/48/48
f 561/48/48 25/47/47 609/49/49
f 561/48/48 609/49/49 608/50/50
f 561/48/48 608/50/50 576/51/51
f 46/52/52 197/53/53 199/54/54
f 46/52/52 199/54/54 26/55/55
f 26/55/55 199/54/54 102/56/56
f 26/55/55 102/56/56 43/57/57
f 43/57/57 102/56/56 100/58/58
f 43/57/57 100/58/58 27/59/59
f 27/59/59 100/58/58 99/60/60
f 27/59/59 99/60/60 28/61/61
f 27/59/59 28/61/61 29/62/62
f 29/62/62 28/61/61 98/63/63
f 29/62/62 98/63/63 30/64/64
f 29/62/62 30/64/64 31/65/65
f 31/65/65 30/64/64 32/66/66
f 31/65/65 32/66/66 33/67/67
f 33/67/67 32/66/66 191/68/68
f 33/67/67 191/68/68 192/69/69
f 33/67/67 192/69/69 31/65/65
f 31/65/65 192/69/69 29/62/62
f 29/62/62 192/69/69 34/70/70
f 29/62/62 34/70/70 35/71/71
f 35/71/71 34/70/70 61/72/72
f 35/71/71 61/72/72 36/73/73
f 35/71/71 36/73/73 42/74/74
f 42/74/74 36/73/73 59/75/75
f 42/74/74 59/75/75 40/76/76
f 40/76/76 59/75/75 58/77/77
f 40/76/76 58/77/77 37/78/78
f 37/78/78 58/77/77 38/79/79
f 37/78/78 38/79/79 39/80/80
f 39/80/80 38/79/79 56/81/81
f 39/80/80 56/81/81 54/82/82
f 39/80/80 54/82/82 53/83/83
f 39/80/80 53/83/83 37/78/78
f 37/78/78 53/83/83 40/76/76
f 40/76/76 53/83/83 41/84/84
f 40/76/76 41/84/84 42/74/74
f 42/74/74 41/84/84 51/85/85
f 42/74/74 51/85/85 35/71/71
f 35/71/71 51/85/85 45/86/86
f 35/71/71 45/86/86 29/62/62
f 29/62/62 45/86/86 44/87/87
f 29/62/62 44/87/87 27/59/59
f 27/59/59 44/87/87 43/57/57
f 43/57/57 44/87/87 26/55/55
f 26/55/55 44/87/87 45/86/86
f 26/55/55 45/86/86 46/52/52
f 46/52/52 45/86/86 47/88/88
f 46/52/52 47/88/88 197/53/53
f 197/53/53 47/88/88 49/89/89
f 197/53/53 49/89/89 48/90/90
f 48/90/90 49/89/89 55/91/91
f 55/91/91 49/89/89 47/88/88
f 55/91/91 47/88/88 50/92/92
f 50/92/92 47/88/88 45/86/86
f 50/92/92 45/86/86 51/85/85
f 50/92/92 51/85/85 52/93/93
f 52/93/93 51/85/85 41/84/84
f 52/93/93 41/84/84 53/83/83
f 52/93/93 53/83/83 54/82/82
f 52/93/93 54/82/82 50/92/92
f 50/92/92 54/82/82 55/91/91
f 55/91/91 54/82/82 56/81/81
f 55/91/91 56/81/81 48/90/90
f 48/90/90 56/81/81 57/94/94
f 57/94/94 56/81/81 38/79/79
f 57/94/94 38/79/79 63/95/95
f 63/95/95 38/79/79 58/77/77
f 63/95/95 58/77/77 62/96/96
f 62/96/96 58/77/77 59/75/75
f 62/96/96 59/75/75 60/97/97
f 60/97/97 59/75/75 36/73/73
f 60/97/97 36/73/73 61/72/72
f 60/97/97 61/72/72 62/96/96
f 62/96/96 61/72/72 63/95/95
f 64/98/98 65/99/99 651/100/100
f 651/100/100 65/99/99 66/101/101
f 651/100/100 66/101/101 601/102/102
f 601/102/102 66/101/101 603/103/103
f 603/103/103 66/101/101 589/104/104
f 603/103/103 589/104/104 67/105/105
f 67/105/105 589/104/104 68/106/106
f 69/107/107 487/108/108 70/109/109
f 70/109/109 487/108/108 486/110/110
f 70/109/109 486/110/110 485/111/111
f 70/109/109 485/111/111 71/112/112
f 70/109/109 71/112/112 76/113/113
f 76/113/113 71/112/112 72/114/114
f 72/114/114 71/112/112 483/115/115
f 72/114/114 483/115/115 75/116/116
f 75/116/116 483/115/115 482/117/117
f 75/116/116 482/117/117 73/118/118
f 73/118/118 74/119/119 75/116/116
f 75/116/116 74/119/119 490/120/120
f 75/116/116 490/120/120 72/114/114
f 72/114/114 490/120/120 69/107/107
f 72/114/114 69/107/107 76/113/113
f 76/113/113 69/107/107 70/109/109
f 6/12/12 720/14/14 77/121/121
f 77/121/121 720/14/14 719/122/122
f 77/121/121 719/122/122 78/123/123
f 77/121/121 78/123/123 562/124/124
f 562/124/124 78/123/123 717/125/125
f 562/124/124 717/125/125 23/45/45
f 23/45/45 717/125/125 22/43/43
f 22/43/43 717/125/125 716/126/126
f 22/43/43 716/126/126 21/42/42
f 21/42/42 716/126/126 20/31/31
f 20/31/31 716/126/126 718/127/127
f 20/31/31 718/127/127 79/29/29
f 79/29/29 718/127/127 80/128/128
f 79/29/29 80/128/128 82/27/27
f 82/27/27 80/128/128 81/16/16
f 82/27/27 81/16/16 83/17/17
f 82/27/27 83/17/17 84/25/25
f 84/25/25 83/17/17 10/19/19
f 84/25/25 10/19/19 708/129/129
f 708/129/129 10/19/19 696/130/130
f 696/130/130 10/19/19 11/20/20
f 696/130/130 11/20/20 85/131/131
f 85/131/131 11/20/20 86/22/22
f 85/131/131 86/22/22 663/132/132
f 85/131/131 663/132/132 398/133/133
f 398/133/133 663/132/132 87/134/134
f 88/135/135 288/136/136 284/137/137
f 284/137/137 288/136/136 89/138/138
f 284/137/137 89/138/138 361/139/139
f 361/139/139 89/138/138 291/140/140
f 361/139/139 291/140/140 90/141/141
f 90/141/141 291/140/140 355/142/142
f 90/141/141 355/142/142 91/143/143
f 91/143/143 355/142/142 92/144/144
f 91/143/143 92/144/144 358/145/145
f 358/145/145 92/144/144 93/146/146
f 94/147/147 95/148/148 308/149/149
f 308/149/149 95/148/148 96/150/150
f 308/149/149 96/150/150 97/151/151
f 108/152/152 98/63/63 28/61/61
f 108/152/152 28/61/61 107/153/153
f 107/153/153 28/61/61 106/154/154
f 106/154/154 28/61/61 99/60/60
f 106/154/154 99/60/60 104/155/155
f 104/155/155 99/60/60 100/58/58
f 104/155/155 100/58/58 101/156/156
f 101/156/156 100/58/58 102/56/56
f 101/156/156 102/56/56 103/157/157
f 101/156/156 103/157/157 104/155/155
f 104/155/155 103/157/157 105/158/158
f 104/155/155 105/158/158 106/154/154
f 106/154/154 105/158/158 203/159/159
f 106/154/154 203/159/159 107/153/153
f 107/153/153 203/159/159 108/152/152
f 108/152/152 203/159/159 109/160/160
f 108/152/152 109/160/160 215/161/161
f 216/162/162 215/161/161 211/163/163
f 211/163/163 215/161/161 109/160/160
f 211/163/163 109/160/160 110/164/164
f 117/165/165 594/166/166 111/167/167
f 117/165/165 111/167/167 119/168/168
f 119/168/168 111/167/167 112/169/169
f 119/168/168 112/169/169 113/170/170
f 113/170/170 112/169/169 121/171/171
f 121/171/171 112/169/169 114/172/172
f 121/171/171 114/172/172 115/173/173
f 115/173/173 114/172/172 598/174/174
f 115/173/173 598/174/174 596/175/175
f 115/173/173 596/175/175 116/176/176
f 116/176/176 596/175/175 594/166/166
f 116/176/176 594/166/166 117/165/165
f 116/176/176 117/165/165 118/177/177
f 118/177/177 117/165/165 119/168/168
f 118/177/177 119/168/168 327/178/178
f 327/178/178 119/168/168 113/170/170
f 327/178/178 113/170/170 120/179/179
f 120/179/179 113/170/170 121/171/171
f 120/179/179 121/171/171 329/180/180
f 329/180/180 121/171/171 331/181/181
f 331/181/181 121/171/171 115/173/173
f 331/181/181 115/173/173 122/182/182
f 122/182/182 115/173/173 116/176/176
f 122/182/182 116/176/176 118/177/177
f 205/183/183 207/184/184 123/185/185
f 205/183/183 123/185/185 124/186/186
f 480/187/187 125/188/188 126/189/189
f 480/187/187 126/189/189 482/190/117
f 482/190/117 126/189/189 73/191/118
f 416/192/190 73/191/118 126/189/189
f 416/192/190 126/189/189 417/193/191
f 417/193/191 126/189/189 125/188/188
f 417/193/191 125/188/188 412/194/192
f 412/194/192 125/188/188 127/195/193
f 412/194/192 127/195/193 130/196/194
f 412/194/192 130/196/194 128/197/195
f 128/197/195 130/196/194 129/198/196
f 128/197/195 129/198/196 416/192/190
f 416/192/190 129/198/196 73/191/118
f 74/199/119 73/191/118 129/198/196
f 74/199/119 129/198/196 262/200/197
f 262/200/197 129/198/196 130/196/194
f 163/201/198 131/202/199 132/203/200
f 132/203/200 131/202/199 165/204/201
f 132/203/200 165/204/201 141/205/202
f 141/205/202 165/204/201 135/206/203
f 141/205/202 135/206/203 133/207/204
f 133/207/204 135/206/203 134/208/205
f 715/209/206 134/208/205 135/206/203
f 715/209/206 135/206/203 136/210/207
f 136/210/207 135/206/203 147/211/208
f 136/210/207 147/211/208 712/212/209
f 712/212/209 147/211/208 137/213/210
f 712/212/209 137/213/210 713/214/211
f 713/214/211 137/213/210 714/215/212
f 714/215/212 137/213/210 138/216/213
f 714/215/212 138/216/213 715/209/206
f 715/209/206 138/216/213 134/208/205
f 134/208/205 138/216/213 139/217/214
f 134/208/205 139/217/214 133/207/204
f 133/207/204 139/217/214 140/218/215
f 133/207/204 140/218/215 141/205/202
f 141/205/202 140/218/215 142/219/216
f 141/205/202 142/219/216 132/203/200
f 132/203/200 142/219/216 143/220/217
f 132/203/200 143/220/217 163/201/198
f 163/201/198 143/220/217 314/221/218
f 314/221/218 143/220/217 313/222/219
f 313/222/219 143/220/217 142/219/216
f 313/222/219 142/219/216 144/223/220
f 144/223/220 142/219/216 140/218/215
f 144/223/220 140/218/215 164/224/221
f 164/224/221 140/218/215 145/225/222
f 145/225/222 140/218/215 139/217/214
f 145/225/222 139/217/214 146/226/223
f 146/226/223 139/217/214 138/216/213
f 146/226/223 138/216/213 137/213/210
f 146/226/223 137/213/210 165/204/201
f 165/204/201 137/213/210 147/211/208
f 165/204/201 147/211/208 135/206/203
f 148/227/224 155/228/225 149/229/226
f 148/227/224 149/229/226 150/230/227
f 150/230/227 149/229/226 154/231/228
f 150/230/227 154/231/228 152/232/229
f 150/230/227 152/232/229 148/227/224
f 148/227/224 152/232/229 151/233/230
f 148/227/224 151/233/230 319/234/231
f 319/234/231 151/233/230 317/235/232
f 317/235/232 151/233/230 152/232/229
f 317/235/232 152/232/229 153/236/233
f 153/236/233 152/232/229 154/231/228
f 153/236/233 154/231/228 316/237/234
f 316/237/234 154/231/228 159/238/235
f 159/238/235 154/231/228 149/229/226
f 159/238/235 149/229/226 158/239/236
f 158/239/236 149/229/226 155/228/225
f 158/239/236 155/228/225 157/240/237
f 157/240/237 155/228/225 148/227/224
f 157/240/237 148/227/224 156/241/238
f 156/241/238 148/227/224 319/234/231
f 156/241/238 319/234/231 320/242/239
f 156/241/238 320/242/239 157/240/237
f 157/240/237 320/242/239 324/243/240
f 157/240/237 324/243/240 158/239/236
f 158/239/236 324/243/240 326/244/241
f 158/239/236 326/244/241 159/238/235
f 159/238/235 326/244/241 160/245/242
f 159/238/235 160/245/242 316/237/234
f 316/237/234 160/245/242 161/246/243
f 316/237/234 161/246/243 314/221/218
f 314/221/218 161/246/243 162/247/244
f 314/221/218 162/247/244 163/201/198
f 163/201/198 162/247/244 164/224/221
f 163/201/198 164/224/221 145/225/222
f 163/201/198 145/225/222 131/202/199
f 131/202/199 145/225/222 146/226/223
f 131/202/199 146/226/223 165/204/201
f 177/248/245 175/249/246 173/250/247
f 177/248/245 173/250/247 178/251/248
f 178/251/248 173/250/247 166/252/249
f 178/251/248 166/252/249 167/253/250
f 167/253/250 166/252/249 183/254/251
f 183/254/251 166/252/249 168/255/252
f 183/254/251 168/255/252 169/256/253
f 169/256/253 168/255/252 170/257/254
f 169/256/253 170/257/254 171/258/255
f 171/258/255 170/257/254 174/259/256
f 174/259/256 170/257/254 168/255/252
f 174/259/256 168/255/252 172/260/257
f 172/260/257 168/255/252 166/252/249
f 172/260/257 166/252/249 173/250/247
f 172/260/257 173/250/247 174/259/256
f 174/259/256 173/250/247 175/249/246
f 174/259/256 175/249/246 176/261/258
f 176/261/258 175/249/246 177/248/245
f 176/261/258 177/248/245 180/262/259
f 180/262/259 177/248/245 179/263/260
f 179/263/260 177/248/245 178/251/248
f 179/263/260 178/251/248 181/264/261
f 179/263/260 181/264/261 180/262/259
f 180/262/259 181/264/261 208/265/262
f 208/265/262 181/264/261 178/251/248
f 208/265/262 178/251/248 209/266/263
f 209/266/263 178/251/248 182/267/264
f 182/267/264 178/251/248 167/253/250
f 182/267/264 167/253/250 210/268/265
f 210/268/265 167/253/250 183/254/251
f 210/268/265 183/254/251 212/269/266
f 212/269/266 183/254/251 169/256/253
f 212/269/266 169/256/253 184/270/267
f 184/270/267 169/256/253 171/258/255
f 184/270/267 171/258/255 186/271/268
f 186/271/268 171/258/255 185/272/269
f 185/272/269 171/258/255 174/259/256
f 185/272/269 174/259/256 176/261/258
f 185/272/269 176/261/258 186/271/268
f 186/271/268 176/261/258 180/262/259
f 186/271/268 180/262/259 187/273/270
f 186/271/268 187/273/270 184/270/267
f 184/270/267 187/273/270 206/274/271
f 184/270/267 206/274/271 212/269/266
f 212/269/266 206/274/271 188/275/272
f 188/275/272 206/274/271 189/276/273
f 188/275/272 189/276/273 98/63/63
f 98/63/63 189/276/273 30/64/64
f 30/64/64 189/276/273 204/277/274
f 30/64/64 204/277/274 32/66/66
f 32/66/66 204/277/274 190/278/275
f 32/66/66 190/278/275 191/68/68
f 191/68/68 190/278/275 195/279/276
f 191/68/68 195/279/276 192/69/69
f 192/69/69 195/279/276 194/280/277
f 192/69/69 194/280/277 193/281/278
f 192/69/69 193/281/278 34/70/70
f 34/70/70 193/281/278 61/72/72
f 61/72/72 193/281/278 194/280/277
f 61/72/72 194/280/277 63/95/95
f 63/95/95 194/280/277 195/279/276
f 63/95/95 195/279/276 57/94/94
f 57/94/94 195/279/276 196/282/279
f 196/282/279 195/279/276 202/283/280
f 196/282/279 202/283/280 201/284/281
f 196/282/279 201/284/281 200/285/282
f 196/282/279 200/285/282 57/94/94
f 57/94/94 200/285/282 198/286/283
f 57/94/94 198/286/283 48/90/90
f 48/90/90 198/286/283 197/53/53
f 197/53/53 198/286/283 199/54/54
f 199/54/54 198/286/283 200/285/282
f 199/54/54 200/285/282 102/56/56
f 102/56/56 200/285/282 201/284/281
f 102/56/56 201/284/281 103/157/157
f 103/157/157 201/284/281 202/283/280
f 103/157/157 202/283/280 105/158/158
f 105/158/158 202/283/280 203/159/159
f 203/159/159 202/283/280 195/279/276
f 203/159/159 195/279/276 109/160/160
f 109/160/160 195/279/276 190/278/275
f 109/160/160 190/278/275 110/164/164
f 110/164/164 190/278/275 204/277/274
f 110/164/164 204/277/274 205/183/183
f 205/183/183 204/277/274 189/276/273
f 205/183/183 189/276/273 207/184/184
f 207/184/184 189/276/273 206/274/271
f 207/184/184 206/274/271 187/273/270
f 207/184/184 187/273/270 180/262/259
f 207/184/184 180/262/259 123/185/185
f 123/185/185 180/262/259 208/265/262
f 123/185/185 208/265/262 124/186/186
f 124/186/186 208/265/262 209/266/263
f 124/186/186 209/266/263 205/183/183
f 205/183/183 209/266/263 182/267/264
f 205/183/183 182/267/264 110/164/164
f 110/164/164 182/267/264 210/268/265
f 110/164/164 210/268/265 211/163/163
f 211/163/163 210/268/265 212/269/266
f 211/163/163 212/269/266 216/162/162
f 216/162/162 212/269/266 188/275/272
f 216/162/162 188/275/272 218/287/284
f 218/287/284 188/275/272 98/63/63
f 218/287/284 98/63/63 213/288/285
f 213/288/285 98/63/63 108/152/152
f 213/288/285 108/152/152 214/289/286
f 214/289/286 108/152/152 215/161/161
f 214/289/286 215/161/161 221/290/287
f 221/290/287 215/161/161 216/162/162
f 221/290/287 216/162/162 224/291/288
f 224/291/288 216/162/162 217/292/289
f 217/292/289 216/162/162 218/287/284
f 217/292/289 218/287/284 226/293/290
f 226/293/290 218/287/284 213/288/285
f 226/293/290 213/288/285 214/289/286
f 226/293/290 214/289/286 219/294/291
f 219/294/291 214/289/286 220/295/292
f 220/295/292 214/289/286 221/290/287
f 220/295/292 221/290/287 222/296/293
f 222/296/293 221/290/287 223/297/294
f 223/297/294 221/290/287 224/291/288
f 223/297/294 224/291/288 225/298/295
f 225/298/295 224/291/288 217/292/289
f 225/298/295 217/292/289 226/293/290
f 226/293/290 219/294/291 225/298/295
f 225/298/295 219/294/291 228/299/296
f 225/298/295 228/299/296 223/297/294
f 223/297/294 228/299/296 229/300/297
f 223/297/294 229/300/297 222/296/293
f 222/296/293 229/300/297 231/301/298
f 222/296/293 231/301/298 220/295/292
f 220/295/292 231/301/298 227/302/299
f 220/295/292 227/302/299 219/294/291
f 219/294/291 227/302/299 233/303/300
f 219/294/291 233/303/300 228/299/296
f 228/299/296 233/303/300 234/304/301
f 228/299/296 234/304/301 229/300/297
f 229/300/297 234/304/301 230/305/302
f 229/300/297 230/305/302 236/306/303
f 229/300/297 236/306/303 231/301/298
f 231/301/298 236/306/303 232/307/304
f 231/301/298 232/307/304 227/302/299
f 227/302/299 232/307/304 238/308/305
f 227/302/299 238/308/305 233/303/300
f 233/303/300 238/308/305 234/304/301
f 234/304/301 238/308/305 235/309/306
f 234/304/301 235/309/306 230/305/302
f 230/305/302 235/309/306 528/310/307
f 230/305/302 528/310/307 236/306/303
f 236/306/303 528/310/307 524/311/308
f 236/306/303 524/311/308 526/312/309
f 236/306/303 526/312/309 232/307/304
f 232/307/304 526/312/309 237/313/310
f 232/307/304 237/313/310 238/308/305
f 238/308/305 237/313/310 235/309/306
f 246/314/311 239/315/312 247/316/313
f 247/316/313 239/315/312 711/317/314
f 247/316/313 711/317/314 240/318/315
f 240/318/315 711/317/314 241/319/316
f 240/318/315 241/319/316 242/320/317
f 242/320/317 241/319/316 243/321/318
f 242/320/317 243/321/318 244/322/319
f 244/322/319 243/321/318 245/323/320
f 244/322/319 245/323/320 250/324/321
f 250/324/321 245/323/320 246/314/311
f 250/324/321 246/314/311 247/316/313
f 250/324/321 247/316/313 248/325/322
f 248/325/322 247/316/313 240/318/315
f 248/325/322 240/318/315 251/326/323
f 251/326/323 240/318/315 242/320/317
f 251/326/323 242/320/317 454/327/324
f 454/327/324 242/320/317 244/322/319
f 454/327/324 244/322/319 249/328/325
f 249/328/325 244/322/319 250/324/321
f 249/328/325 250/324/321 381/329/326
f 381/329/326 250/324/321 248/325/322
f 381/329/326 248/325/322 251/326/323
f 270/330/327 499/331/328 252/332/329
f 270/330/327 252/332/329 271/333/330
f 271/333/330 252/332/329 253/334/331
f 253/334/331 252/332/329 501/335/332
f 253/334/331 501/335/332 273/336/333
f 273/336/333 501/335/332 254/337/334
f 273/336/333 254/337/334 256/338/335
f 256/338/335 254/337/334 255/339/336
f 256/338/335 255/339/336 505/340/337
f 256/338/335 505/340/337 276/341/338
f 276/341/338 505/340/337 507/342/339
f 276/341/338 507/342/339 257/343/340
f 257/343/340 507/342/339 258/344/341
f 257/343/340 258/344/341 259/345/342
f 257/343/340 259/345/342 628/346/343
f 628/346/343 259/345/342 494/347/344
f 628/346/343 494/347/344 629/348/345
f 629/348/345 494/347/344 630/349/346
f 630/349/346 494/347/344 493/350/347
f 630/349/346 493/350/347 260/351/348
f 260/351/348 493/350/347 492/352/349
f 260/351/348 492/352/349 278/353/350
f 278/353/350 492/352/349 261/354/351
f 261/354/351 492/352/349 262/200/197
f 261/354/351 262/200/197 280/355/352
f 280/355/352 262/200/197 130/196/194
f 280/355/352 130/196/194 263/356/353
f 263/356/353 130/196/194 127/195/193
f 263/356/353 127/195/193 125/188/188
f 263/356/353 125/188/188 264/357/354
f 264/357/354 125/188/188 480/187/187
f 264/357/354 480/187/187 265/358/355
f 265/358/355 480/187/187 266/359/356
f 265/358/355 266/359/356 267/360/357
f 267/360/357 266/359/356 268/361/358
f 268/361/358 266/359/356 479/362/359
f 268/361/358 479/362/359 269/363/360
f 269/363/360 479/362/359 270/330/327
f 269/363/360 270/330/327 662/364/361
f 662/364/361 270/330/327 661/365/362
f 661/365/362 270/330/327 271/333/330
f 661/365/362 271/333/330 253/334/331
f 661/365/362 253/334/331 272/366/363
f 272/366/363 253/334/331 273/336/333
f 272/366/363 273/336/333 274/367/364
f 274/367/364 273/336/333 256/338/335
f 274/367/364 256/338/335 633/368/365
f 633/368/365 256/338/335 275/369/366
f 275/369/366 256/338/335 276/341/338
f 275/369/366 276/341/338 277/370/367
f 277/370/367 276/341/338 257/343/340
f 277/370/367 257/343/340 628/346/343
f 277/370/367 628/346/343 631/371/368
f 631/371/368 278/353/350 640/372/369
f 640/372/369 278/353/350 261/354/351
f 640/372/369 261/354/351 279/373/370
f 279/373/370 261/354/351 280/355/352
f 279/373/370 280/355/352 281/374/371
f 281/374/371 280/355/352 263/356/353
f 281/374/371 263/356/353 264/357/354
f 281/374/371 264/357/354 282/375/372
f 282/375/372 264/357/354 265/358/355
f 282/375/372 265/358/355 283/376/373
f 283/376/373 265/358/355 267/360/357
f 283/376/373 267/360/357 636/377/374
f 636/377/374 661/365/362 272/366/363
f 284/137/137 361/139/139 362/378/375
f 284/137/137 362/378/375 88/135/135
f 88/135/135 362/378/375 285/379/376
f 88/135/135 285/379/376 286/380/377
f 88/135/135 286/380/377 287/381/378
f 88/135/135 287/381/378 288/136/136
f 288/136/136 287/381/378 289/382/379
f 288/136/136 289/382/379 89/138/138
f 89/138/138 289/382/379 290/383/380
f 89/138/138 290/383/380 291/140/140
f 291/140/140 290/383/380 292/384/381
f 291/140/140 292/384/381 354/385/382
f 354/385/382 292/384/381 294/386/383
f 354/385/382 294/386/383 352/387/384
f 352/387/384 294/386/383 302/388/385
f 293/389/386 302/388/385 294/386/383
f 293/389/386 294/386/383 303/390/387
f 303/390/387 294/386/383 292/384/381
f 303/390/387 292/384/381 295/391/388
f 295/391/388 292/384/381 369/392/389
f 295/391/388 369/392/389 97/151/151
f 97/151/151 369/392/389 296/393/390
f 97/151/151 296/393/390 308/149/149
f 308/149/149 296/393/390 309/394/391
f 309/394/391 296/393/390 368/395/392
f 309/394/391 368/395/392 310/396/393
f 310/396/393 368/395/392 349/397/394
f 310/396/393 349/397/394 297/398/395
f 297/398/395 349/397/394 350/399/396
f 297/398/395 350/399/396 298/400/397
f 298/400/397 350/399/396 299/401/398
f 298/400/397 299/401/398 300/402/399
f 300/402/399 299/401/398 301/403/400
f 300/402/399 301/403/400 302/388/385
f 300/402/399 302/388/385 293/389/386
f 300/402/399 293/389/386 375/404/401
f 375/404/401 293/389/386 303/390/387
f 375/404/401 303/390/387 374/405/402
f 374/405/402 303/390/387 311/406/403
f 311/406/403 303/390/387 295/391/388
f 311/406/403 295/391/388 304/407/404
f 304/407/404 295/391/388 312/408/405
f 312/408/405 295/391/388 315/409/406
f 315/409/406 295/391/388 97/151/151
f 315/409/406 97/151/151 305/410/407
f 305/410/407 97/151/151 96/150/150
f 305/410/407 96/150/150 306/411/408
f 306/411/408 96/150/150 318/412/409
f 318/412/409 96/150/150 95/148/148
f 318/412/409 95/148/148 307/413/410
f 307/413/410 95/148/148 94/147/147
f 307/413/410 94/147/147 323/414/411
f 323/414/411 94/147/147 308/149/149
f 323/414/411 308/149/149 325/415/412
f 325/415/412 308/149/149 309/394/391
f 325/415/412 309/394/391 160/245/242
f 160/245/242 309/394/391 161/246/243
f 161/246/243 309/394/391 310/396/393
f 161/246/243 310/396/393 162/247/244
f 162/247/244 310/396/393 311/406/403
f 162/247/244 311/406/403 164/224/221
f 164/224/221 311/406/403 304/407/404
f 164/224/221 304/407/404 144/223/220
f 144/223/220 304/407/404 312/408/405
f 144/223/220 312/408/405 313/222/219
f 313/222/219 312/408/405 314/221/218
f 314/221/218 312/408/405 315/409/406
f 314/221/218 315/409/406 316/237/234
f 316/237/234 315/409/406 305/410/407
f 316/237/234 305/410/407 153/236/233
f 153/236/233 305/410/407 306/411/408
f 153/236/233 306/411/408 317/235/232
f 317/235/232 306/411/408 318/412/409
f 317/235/232 318/412/409 319/234/231
f 319/234/231 318/412/409 320/242/239
f 320/242/239 318/412/409 321/416/413
f 320/242/239 321/416/413 324/243/240
f 324/243/240 321/416/413 322/417/414
f 322/417/414 321/416/413 318/412/409
f 322/417/414 318/412/409 307/413/410
f 322/417/414 307/413/410 324/243/240
f 324/243/240 307/413/410 323/414/411
f 324/243/240 323/414/411 325/415/412
f 324/243/240 325/415/412 326/244/241
f 326/244/241 325/415/412 160/245/242
f 327/418/178 120/419/179 328/420/415
f 328/420/415 120/419/179 329/421/180
f 328/420/415 329/421/180 330/422/416
f 330/422/416 329/421/180 331/423/181
f 330/422/416 331/423/181 332/424/417
f 332/424/417 331/423/181 122/425/182
f 332/424/417 122/425/182 333/426/418
f 333/426/418 122/425/182 118/427/177
f 333/426/418 118/427/177 678/428/419
f 678/428/419 118/427/177 327/418/178
f 678/428/419 327/418/178 674/429/420
f 674/429/420 327/418/178 328/420/415
f 85/131/131 398/133/133 334/430/421
f 334/430/421 398/133/133 335/431/422
f 334/430/421 335/431/422 396/432/423
f 334/430/421 396/432/423 376/433/424
f 376/433/424 396/432/423 336/434/425
f 376/433/424 336/434/425 337/435/426
f 337/435/426 336/434/425 541/436/427
f 337/435/426 541/436/427 338/437/428
f 338/437/428 541/436/427 582/438/429
f 584/439/430 582/438/429 541/436/427
f 584/439/430 541/436/427 585/440/431
f 585/440/431 541/436/427 545/441/432
f 545/441/432 541/436/427 542/442/433
f 545/441/432 542/442/433 546/443/434
f 339/444/435 360/445/436 359/446/437
f 339/444/435 359/446/437 340/447/438
f 340/447/438 359/446/437 341/448/439
f 340/447/438 341/448/439 363/449/440
f 363/449/440 341/448/439 348/450/441
f 363/449/440 348/450/441 342/451/442
f 342/451/442 348/450/441 343/452/443
f 342/451/442 343/452/443 364/453/444
f 364/453/444 343/452/443 344/454/445
f 364/453/444 344/454/445 345/455/446
f 345/455/446 344/454/445 346/456/447
f 346/456/447 344/454/445 343/452/443
f 346/456/447 343/452/443 348/450/441
f 346/456/447 348/450/441 347/457/448
f 347/457/448 348/450/441 349/397/394
f 349/397/394 348/450/441 341/448/439
f 349/397/394 341/448/439 357/458/449
f 349/397/394 357/458/449 350/399/396
f 350/399/396 357/458/449 351/459/450
f 350/399/396 351/459/450 299/401/398
f 299/401/398 351/459/450 356/460/451
f 299/401/398 356/460/451 301/403/400
f 301/403/400 356/460/451 302/388/385
f 302/388/385 356/460/451 352/387/384
f 352/387/384 356/460/451 353/461/452
f 352/387/384 353/461/452 354/385/382
f 354/385/382 353/461/452 291/140/140
f 355/142/142 291/140/140 353/461/452
f 355/142/142 353/461/452 92/144/144
f 92/144/144 353/461/452 356/460/451
f 92/144/144 356/460/451 93/146/146
f 93/146/146 356/460/451 351/459/450
f 93/146/146 351/459/450 357/458/449
f 93/146/146 357/458/449 341/448/439
f 93/146/146 341/448/439 358/145/145
f 358/145/145 341/448/439 359/446/437
f 358/145/145 359/446/437 91/143/143
f 91/143/143 359/446/437 360/445/436
f 91/143/143 360/445/436 90/141/141
f 90/141/141 360/445/436 339/444/435
f 90/141/141 339/444/435 361/139/139
f 361/139/139 339/444/435 362/378/375
f 362/378/375 339/444/435 340/447/438
f 362/378/375 340/447/438 285/379/376
f 285/379/376 340/447/438 363/449/440
f 285/379/376 363/449/440 286/380/377
f 286/380/377 363/449/440 342/451/442
f 286/380/377 342/451/442 287/381/378
f 287/381/378 342/451/442 364/453/444
f 287/381/378 364/453/444 289/382/379
f 289/382/379 364/453/444 345/455/446
f 289/382/379 345/455/446 290/383/380
f 290/383/380 345/455/446 346/456/447
f 290/383/380 346/456/447 365/462/453
f 290/383/380 365/462/453 292/384/381
f 292/384/381 365/462/453 371/463/454
f 371/463/454 365/462/453 366/464/455
f 366/464/455 365/462/453 346/456/447
f 366/464/455 346/456/447 347/457/448
f 366/464/455 347/457/448 371/463/454
f 371/463/454 347/457/448 349/397/394
f 371/463/454 349/397/394 367/465/456
f 367/465/456 349/397/394 368/395/392
f 367/465/456 368/395/392 373/466/457
f 373/466/457 368/395/392 296/393/390
f 373/466/457 296/393/390 369/392/389
f 373/466/457 369/392/389 370/467/458
f 370/467/458 369/392/389 292/384/381
f 370/467/458 292/384/381 371/463/454
f 370/467/458 371/463/454 372/468/459
f 372/468/459 371/463/454 367/465/456
f 372/468/459 367/465/456 373/466/457
f 372/468/459 373/466/457 370/467/458
f 311/406/403 310/396/393 297/398/395
f 311/406/403 297/398/395 374/405/402
f 374/405/402 297/398/395 375/404/401
f 375/404/401 297/398/395 298/400/397
f 375/404/401 298/400/397 300/402/399
f 334/430/421 376/433/424 698/469/460
f 334/430/421 698/469/460 85/131/131
f 85/131/131 698/469/460 377/470/461
f 85/131/131 377/470/461 696/130/130
f 378/471/462 458/472/463 379/473/464
f 378/471/462 379/473/464 456/474/465
f 456/474/465 379/473/464 380/475/466
f 456/474/465 380/475/466 251/476/323
f 251/476/323 380/475/466 381/477/326
f 381/477/326 380/475/466 382/478/467
f 381/477/326 382/478/467 249/479/325
f 249/479/325 382/478/467 441/480/468
f 249/479/325 441/480/468 453/481/469
f 453/481/469 441/480/468 383/482/470
f 383/482/470 441/480/468 384/483/471
f 385/484/472 386/485/473 399/486/474
f 399/486/474 386/485/473 680/487/475
f 399/486/474 680/487/475 644/488/476
f 399/486/474 644/488/476 659/489/477
f 659/489/477 644/488/476 388/490/478
f 659/489/477 388/490/478 387/491/479
f 387/491/479 388/490/478 393/492/480
f 393/492/480 388/490/478 389/493/481
f 393/492/480 389/493/481 390/494/482
f 390/494/482 389/493/481 391/495/483
f 390/494/482 391/495/483 392/496/484
f 392/496/484 607/497/485 390/494/482
f 390/494/482 607/497/485 546/498/434
f 390/494/482 546/498/434 542/499/433
f 390/494/482 542/499/433 393/492/480
f 393/492/480 542/499/433 394/500/486
f 394/500/486 542/499/433 395/501/487
f 394/500/486 395/501/487 396/502/423
f 394/500/486 396/502/423 397/503/488
f 397/503/488 396/502/423 660/504/489
f 660/504/489 396/502/423 335/505/422
f 660/504/489 335/505/422 398/506/133
f 660/504/489 398/506/133 659/489/477
f 659/489/477 398/506/133 399/486/474
f 399/486/474 398/506/133 87/507/134
f 399/486/474 87/507/134 385/484/472
f 400/508/490 495/509/491 401/510/492
f 400/508/490 401/510/492 474/511/493
f 474/511/493 401/510/492 402/512/494
f 474/511/493 402/512/494 475/513/495
f 475/513/495 402/512/494 403/514/496
f 475/513/495 403/514/496 476/515/497
f 428/516/498 430/517/499 404/518/500
f 428/516/498 404/518/500 427/519/501
f 427/519/501 404/518/500 431/520/502
f 427/519/501 431/520/502 405/521/503
f 405/521/503 431/520/502 409/522/504
f 405/521/503 409/522/504 406/523/505
f 406/523/505 409/522/504 410/524/506
f 406/523/505 410/524/506 434/525/507
f 434/525/507 410/524/506 407/526/508
f 434/525/507 407/526/508 433/527/509
f 433/527/509 407/526/508 413/528/510
f 433/527/509 413/528/510 414/529/511
f 433/527/509 414/529/511 432/530/512
f 432/530/512 414/529/511 408/531/513
f 432/530/512 408/531/513 431/520/502
f 431/520/502 408/531/513 409/522/504
f 409/522/504 408/531/513 414/529/511
f 409/522/504 414/529/511 410/524/506
f 410/524/506 414/529/511 411/532/514
f 410/524/506 411/532/514 407/526/508
f 407/526/508 411/532/514 412/533/192
f 407/526/508 412/533/192 413/528/510
f 413/528/510 412/533/192 128/534/195
f 413/528/510 128/534/195 416/535/190
f 413/528/510 416/535/190 415/536/515
f 413/528/510 415/536/515 414/529/511
f 414/529/511 415/536/515 411/532/514
f 411/532/514 415/536/515 416/535/190
f 411/532/514 416/535/190 417/537/191
f 411/532/514 417/537/191 412/533/192
f 422/538/516 418/539/517 419/540/518
f 422/538/516 419/540/518 420/541/519
f 420/541/519 419/540/518 429/542/520
f 429/542/520 419/540/518 418/539/517
f 429/542/520 418/539/517 421/543/521
f 421/543/521 418/539/517 422/538/516
f 421/543/521 422/538/516 423/544/522
f 423/544/522 422/538/516 426/545/523
f 423/544/522 426/545/523 424/546/524
f 424/546/524 426/545/523 425/547/525
f 424/546/524 425/547/525 406/523/505
f 406/523/505 425/547/525 405/521/503
f 405/521/503 425/547/525 426/545/523
f 405/521/503 426/545/523 427/519/501
f 427/519/501 426/545/523 422/538/516
f 427/519/501 422/538/516 428/516/498
f 428/516/498 422/538/516 420/541/519
f 428/516/498 420/541/519 429/542/520
f 428/516/498 429/542/520 430/517/499
f 430/517/499 429/542/520 421/543/521
f 430/517/499 421/543/521 404/518/500
f 404/518/500 421/543/521 423/544/522
f 404/518/500 423/544/522 431/520/502
f 431/520/502 423/544/522 424/546/524
f 431/520/502 424/546/524 432/530/512
f 432/530/512 424/546/524 406/523/505
f 432/530/512 406/523/505 433/527/509
f 433/527/509 406/523/505 434/525/507
f 506/548/526 445/549/527 435/550/528
f 435/550/528 445/549/527 447/551/529
f 435/550/528 447/551/529 437/552/530
f 437/552/530 447/551/529 436/553/531
f 437/552/530 436/553/531 438/554/532
f 437/552/530 438/554/532 509/555/533
f 509/555/533 438/554/532 439/556/534
f 439/556/534 438/554/532 384/557/471
f 439/556/534 384/557/471 441/558/468
f 439/556/534 441/558/468 440/559/535
f 440/559/535 441/558/468 500/560/536
f 500/560/536 441/558/468 382/561/467
f 500/560/536 382/561/467 380/562/466
f 500/560/536 380/562/466 442/563/537
f 442/563/537 380/562/466 379/564/464
f 442/563/537 379/564/464 472/565/538
f 472/565/538 379/564/464 473/566/539
f 473/566/539 379/564/464 458/567/463
f 473/566/539 458/567/463 709/568/540
f 709/568/540 458/567/463 443/569/541
f 443/569/541 458/567/463 694/570/542
f 461/571/543 444/572/544 445/573/527
f 445/573/527 444/572/544 446/574/545
f 445/573/527 446/574/545 447/575/529
f 447/575/529 446/574/545 552/576/546
f 447/575/529 552/576/546 448/577/547
f 447/575/529 448/577/547 436/578/531
f 436/578/531 448/577/547 449/579/548
f 436/578/531 449/579/548 438/580/532
f 438/580/532 449/579/548 465/581/549
f 438/580/532 465/581/549 466/582/550
f 438/580/532 466/582/550 384/483/471
f 384/483/471 466/582/550 450/583/551
f 384/483/471 450/583/551 383/482/470
f 383/482/470 450/583/551 451/584/552
f 383/482/470 451/584/552 453/481/469
f 453/481/469 451/584/552 452/585/553
f 453/481/469 452/585/553 695/586/554
f 453/481/469 695/586/554 249/479/325
f 249/479/325 695/586/554 454/587/324
f 454/587/324 695/586/554 455/588/555
f 454/587/324 455/588/555 251/476/323
f 251/476/323 455/588/555 456/474/465
f 456/474/465 455/588/555 457/589/556
f 456/474/465 457/589/556 378/471/462
f 378/471/462 457/589/556 697/590/557
f 378/471/462 697/590/557 458/472/463
f 458/472/463 697/590/557 699/591/558
f 458/472/463 699/591/558 460/592/559
f 460/592/559 699/591/558 459/593/560
f 460/592/559 459/593/560 700/594/561
f 460/592/559 700/594/561 461/571/543
f 461/571/543 700/594/561 462/595/562
f 461/571/543 462/595/562 444/572/544
f 444/572/544 462/595/562 463/596/563
f 444/572/544 463/596/563 446/574/545
f 446/574/545 463/596/563 702/597/564
f 446/574/545 702/597/564 552/576/546
f 552/576/546 702/597/564 464/598/565
f 464/598/565 702/597/564 703/599/566
f 464/598/565 703/599/566 449/579/548
f 449/579/548 703/599/566 465/581/549
f 465/581/549 703/599/566 705/600/567
f 465/581/549 705/600/567 467/601/568
f 465/581/549 467/601/568 466/582/550
f 466/582/550 467/601/568 450/583/551
f 450/583/551 467/601/568 468/602/569
f 450/583/551 468/602/569 451/584/552
f 646/603/570 470/604/571 461/605/543
f 646/603/570 461/605/543 645/606/572
f 645/606/572 461/605/543 469/607/573
f 469/607/573 461/605/543 445/549/527
f 469/607/573 445/549/527 506/548/526
f 469/607/573 506/548/526 646/603/570
f 646/603/570 506/548/526 504/608/574
f 646/603/570 504/608/574 470/604/571
f 470/604/571 504/608/574 471/609/575
f 470/604/571 471/609/575 460/610/559
f 460/610/559 471/609/575 694/570/542
f 694/570/542 471/609/575 502/611/576
f 694/570/542 502/611/576 443/569/541
f 443/569/541 502/611/576 472/565/538
f 443/569/541 472/565/538 473/566/539
f 400/508/490 474/511/493 475/513/495
f 400/508/490 475/513/495 477/612/577
f 477/612/577 475/513/495 476/515/497
f 477/612/577 476/515/497 499/331/328
f 477/612/577 499/331/328 478/613/578
f 478/613/578 499/331/328 270/330/327
f 478/613/578 270/330/327 484/614/579
f 484/614/579 270/330/327 479/362/359
f 484/614/579 479/362/359 481/615/580
f 481/615/580 479/362/359 266/359/356
f 481/615/580 266/359/356 480/187/187
f 481/615/580 480/187/187 482/190/117
f 481/615/580 482/190/117 484/614/579
f 484/614/579 482/190/117 483/616/115
f 484/614/579 483/616/115 71/617/112
f 484/614/579 71/617/112 478/613/578
f 478/613/578 71/617/112 477/612/577
f 477/612/577 71/617/112 485/618/111
f 477/612/577 485/618/111 400/508/490
f 400/508/490 485/618/111 486/619/110
f 400/508/490 486/619/110 487/620/108
f 400/508/490 487/620/108 495/509/491
f 495/509/491 487/620/108 69/621/107
f 495/509/491 69/621/107 488/622/581
f 488/622/581 69/621/107 489/623/582
f 489/623/582 69/621/107 490/624/120
f 489/623/582 490/624/120 74/199/119
f 489/623/582 74/199/119 491/625/583
f 491/625/583 74/199/119 262/200/197
f 491/625/583 262/200/197 492/352/349
f 491/625/583 492/352/349 493/350/347
f 491/625/583 493/350/347 489/623/582
f 489/623/582 493/350/347 494/347/344
f 489/623/582 494/347/344 488/622/581
f 488/622/581 494/347/344 508/626/584
f 488/622/581 508/626/584 495/509/491
f 495/509/491 508/626/584 496/627/585
f 495/509/491 496/627/585 401/510/492
f 401/510/492 496/627/585 497/628/586
f 401/510/492 497/628/586 402/512/494
f 402/512/494 497/628/586 511/629/587
f 402/512/494 511/629/587 403/514/496
f 403/514/496 511/629/587 498/630/588
f 403/514/496 498/630/588 476/515/497
f 476/515/497 498/630/588 439/631/534
f 476/515/497 439/631/534 440/632/535
f 476/515/497 440/632/535 499/331/328
f 499/331/328 440/632/535 500/633/536
f 499/331/328 500/633/536 442/634/537
f 499/331/328 442/634/537 252/332/329
f 252/332/329 442/634/537 472/635/538
f 252/332/329 472/635/538 501/335/332
f 501/335/332 472/635/538 254/337/334
f 254/337/334 472/635/538 502/636/576
f 254/337/334 502/636/576 255/339/336
f 255/339/336 502/636/576 503/637/589
f 503/637/589 502/636/576 471/638/575
f 503/637/589 471/638/575 504/639/574
f 503/637/589 504/639/574 255/339/336
f 255/339/336 504/639/574 505/340/337
f 505/340/337 504/639/574 506/640/526
f 505/340/337 506/640/526 507/342/339
f 507/342/339 506/640/526 258/344/341
f 258/344/341 506/640/526 435/641/528
f 258/344/341 435/641/528 508/626/584
f 508/626/584 435/641/528 437/642/530
f 508/626/584 437/642/530 509/643/533
f 508/626/584 509/643/533 496/627/585
f 496/627/585 509/643/533 439/631/534
f 496/627/585 439/631/534 510/644/590
f 496/627/585 510/644/590 497/628/586
f 497/628/586 510/644/590 511/629/587
f 648/645/591 514/646/592 64/647/98
f 64/647/98 514/646/592 522/648/593
f 64/647/98 522/648/593 65/649/99
f 65/649/99 522/648/593 591/650/594
f 591/650/594 522/648/593 521/651/595
f 591/650/594 521/651/595 512/652/596
f 512/652/596 521/651/595 520/653/597
f 512/652/596 520/653/597 513/654/598
f 513/654/598 520/653/597 518/655/599
f 513/654/598 518/655/599 648/645/591
f 648/645/591 518/655/599 516/656/600
f 648/645/591 516/656/600 514/646/592
f 514/646/592 516/656/600 515/657/601
f 515/657/601 516/656/600 517/658/602
f 517/658/602 516/656/600 518/655/599
f 517/658/602 518/655/599 519/659/603
f 519/659/603 518/655/599 520/653/597
f 519/659/603 520/653/597 521/651/595
f 519/659/603 521/651/595 558/660/604
f 558/660/604 521/651/595 522/648/593
f 558/660/604 522/648/593 559/661/605
f 559/661/605 522/648/593 514/646/592
f 559/661/605 514/646/592 523/662/606
f 523/662/606 514/646/592 515/657/601
f 259/345/342 258/344/341 494/347/344
f 494/347/344 258/344/341 508/626/584
f 528/663/307 529/664/607 524/665/308
f 524/665/308 529/664/607 525/666/608
f 524/665/308 525/666/608 526/667/309
f 526/667/309 525/666/608 548/668/609
f 526/667/309 548/668/609 237/669/310
f 237/669/310 548/668/609 527/670/610
f 237/669/310 527/670/610 235/671/306
f 235/671/306 527/670/610 550/672/611
f 235/671/306 550/672/611 528/663/307
f 528/663/307 550/672/611 551/673/612
f 528/663/307 551/673/612 529/664/607
f 537/674/613 530/675/614 531/676/615
f 537/674/613 531/676/615 532/677/192
f 532/677/192 531/676/615 533/678/616
f 532/677/192 533/678/616 540/679/617
f 532/677/192 540/679/617 536/680/618
f 536/680/618 540/679/617 534/681/619
f 534/681/619 540/679/617 636/682/374
f 534/681/619 636/682/374 535/683/620
f 534/681/619 535/683/620 635/684/621
f 534/681/619 635/684/621 536/680/618
f 536/680/618 635/684/621 634/685/622
f 536/680/618 634/685/622 691/686/623
f 691/686/623 634/685/622 537/674/613
f 537/674/613 634/685/622 538/687/624
f 537/674/613 538/687/624 530/675/614
f 530/675/614 538/687/624 632/688/625
f 530/675/614 632/688/625 631/689/368
f 530/675/614 631/689/368 531/676/615
f 531/676/615 631/689/368 641/690/626
f 531/676/615 641/690/626 539/691/627
f 531/676/615 539/691/627 639/692/628
f 531/676/615 639/692/628 533/678/616
f 533/678/616 639/692/628 540/679/617
f 540/679/617 639/692/628 638/693/629
f 540/679/617 638/693/629 637/694/630
f 540/679/617 637/694/630 636/682/374
f 542/442/433 541/436/427 336/434/425
f 542/442/433 336/434/425 395/695/487
f 395/695/487 336/434/425 396/432/423
f 577/696/631 578/697/632 575/698/633
f 575/698/633 578/697/632 583/699/634
f 575/698/633 583/699/634 586/700/635
f 586/700/635 583/699/634 543/701/636
f 544/702/637 585/703/431 606/704/638
f 606/704/638 585/703/431 545/705/432
f 606/704/638 545/705/432 607/706/485
f 607/706/485 545/705/432 546/707/434
f 551/708/612 553/709/639 529/710/607
f 529/710/607 553/709/639 547/711/640
f 529/710/607 547/711/640 525/712/608
f 525/712/608 547/711/640 554/713/641
f 525/712/608 554/713/641 548/714/609
f 548/714/609 554/713/641 549/715/642
f 548/714/609 549/715/642 527/716/610
f 527/716/610 549/715/642 550/717/611
f 550/717/611 549/715/642 555/718/643
f 550/717/611 555/718/643 551/708/612
f 551/708/612 555/718/643 553/709/639
f 553/709/639 555/718/643 552/719/546
f 553/709/639 552/719/546 464/720/565
f 553/709/639 464/720/565 547/711/640
f 547/711/640 464/720/565 449/721/548
f 547/711/640 449/721/548 554/713/641
f 554/713/641 449/721/548 448/722/547
f 554/713/641 448/722/547 556/723/644
f 556/723/644 448/722/547 552/719/546
f 556/723/644 552/719/546 555/718/643
f 556/723/644 555/718/643 549/715/642
f 556/723/644 549/715/642 554/713/641
f 627/724/645 557/725/646 517/726/602
f 627/724/645 517/726/602 626/727/647
f 626/727/647 517/726/602 519/728/603
f 626/727/647 519/728/603 612/729/648
f 612/729/648 519/728/603 558/730/604
f 612/729/648 558/730/604 613/731/649
f 613/731/649 558/730/604 559/732/605
f 613/731/649 559/732/605 615/733/650
f 615/733/650 559/732/605 523/734/606
f 615/733/650 523/734/606 557/725/646
f 557/725/646 523/734/606 515/735/601
f 557/725/646 515/735/601 517/726/602
f 574/736/651 560/737/652 573/738/653
f 574/736/651 573/738/653 576/51/51
f 576/51/51 573/738/653 561/48/48
f 561/48/48 573/738/653 572/739/654
f 561/48/48 572/739/654 24/46/46
f 24/46/46 572/739/654 571/740/655
f 24/46/46 571/740/655 23/45/45
f 23/45/45 571/740/655 569/741/656
f 23/45/45 569/741/656 568/742/657
f 23/45/45 568/742/657 562/124/124
f 562/124/124 568/742/657 566/743/658
f 562/124/124 566/743/658 77/121/121
f 77/121/121 566/743/658 565/744/659
f 77/121/121 565/744/659 6/12/12
f 6/12/12 565/744/659 5/9/9
f 5/9/9 565/744/659 564/745/660
f 5/9/9 564/745/660 563/7/7
f 563/7/7 564/745/660 597/746/661
f 597/746/661 564/745/660 565/744/659
f 597/746/661 565/744/659 595/747/662
f 595/747/662 565/744/659 566/743/658
f 595/747/662 566/743/658 567/748/663
f 567/748/663 566/743/658 568/742/657
f 567/748/663 568/742/657 570/749/664
f 570/749/664 568/742/657 569/741/656
f 570/749/664 569/741/656 571/740/655
f 570/749/664 571/740/655 593/750/665
f 593/750/665 571/740/655 572/739/654
f 593/750/665 572/739/654 592/751/666
f 592/751/666 572/739/654 573/738/653
f 592/751/666 573/738/653 590/752/667
f 590/752/667 573/738/653 560/737/652
f 590/752/667 560/737/652 588/753/668
f 588/753/668 560/737/652 574/736/651
f 588/753/668 574/736/651 587/754/669
f 587/754/669 574/736/651 586/755/635
f 586/755/635 574/736/651 575/756/633
f 575/756/633 574/736/651 576/51/51
f 575/756/633 576/51/51 577/757/631
f 577/757/631 576/51/51 608/50/50
f 577/757/631 608/50/50 578/758/632
f 578/758/632 608/50/50 579/38/38
f 578/758/632 579/38/38 580/37/37
f 578/758/632 580/37/37 583/759/634
f 583/759/634 580/37/37 581/760/670
f 581/760/670 580/37/37 16/36/36
f 581/760/670 16/36/36 701/761/671
f 701/761/671 582/438/429 581/760/670
f 581/760/670 582/438/429 584/439/430
f 581/760/670 584/439/430 583/759/634
f 583/759/634 584/439/430 543/762/636
f 543/762/636 584/439/430 585/440/431
f 543/762/636 585/440/431 586/755/635
f 586/755/635 585/440/431 544/763/637
f 586/755/635 544/763/637 587/754/669
f 587/754/669 544/763/637 606/764/638
f 587/754/669 606/764/638 68/106/106
f 587/754/669 68/106/106 588/753/668
f 588/753/668 68/106/106 589/104/104
f 588/753/668 589/104/104 66/101/101
f 588/753/668 66/101/101 590/752/667
f 590/752/667 66/101/101 65/99/99
f 590/752/667 65/99/99 591/765/594
f 590/752/667 591/765/594 592/751/666
f 592/751/666 591/765/594 512/766/596
f 592/751/666 512/766/596 593/750/665
f 593/750/665 512/766/596 513/767/598
f 593/750/665 513/767/598 570/749/664
f 570/749/664 513/767/598 647/768/672
f 570/749/664 647/768/672 111/769/167
f 570/749/664 111/769/167 567/748/663
f 567/748/663 111/769/167 594/770/166
f 567/748/663 594/770/166 595/747/662
f 595/747/662 594/770/166 596/771/175
f 595/747/662 596/771/175 597/746/661
f 597/746/661 596/771/175 598/772/174
f 597/746/661 598/772/174 653/773/673
f 597/746/661 653/773/673 563/7/7
f 563/7/7 653/773/673 599/5/5
f 599/5/5 653/773/673 600/3/3
f 600/3/3 653/773/673 601/102/102
f 600/3/3 601/102/102 602/1/1
f 602/1/1 601/102/102 603/103/103
f 602/1/1 603/103/103 604/2/2
f 604/2/2 603/103/103 67/105/105
f 604/2/2 67/105/105 605/774/674
f 605/774/674 67/105/105 391/775/483
f 391/775/483 67/105/105 68/106/106
f 391/775/483 68/106/106 392/776/484
f 392/776/484 68/106/106 606/764/638
f 392/776/484 606/764/638 607/777/485
f 579/778/38 608/779/50 609/780/49
f 579/778/38 609/780/49 17/781/39
f 17/781/39 609/780/49 25/782/47
f 17/781/39 25/782/47 19/783/40
f 19/783/40 25/782/47 610/784/44
f 19/783/40 610/784/44 611/785/41
f 624/786/675 626/787/647 612/788/648
f 624/786/675 612/788/648 614/789/676
f 614/789/676 612/788/648 613/790/649
f 614/789/676 613/790/649 615/791/650
f 614/789/676 615/791/650 616/792/677
f 616/792/677 615/791/650 557/793/646
f 616/792/677 557/793/646 617/794/678
f 617/794/678 557/793/646 627/795/645
f 617/794/678 627/795/645 622/796/679
f 622/796/679 627/795/645 625/797/680
f 622/796/679 625/797/680 618/798/681
f 618/798/681 625/797/680 619/799/682
f 618/798/681 619/799/682 621/800/683
f 621/800/683 619/799/682 620/801/684
f 621/800/683 620/801/684 623/802/685
f 621/800/683 623/802/685 618/798/681
f 618/798/681 623/802/685 622/796/679
f 617/794/678 622/796/679 623/802/685
f 617/794/678 623/802/685 616/792/677
f 616/792/677 623/802/685 620/801/684
f 616/792/677 620/801/684 614/789/676
f 614/789/676 620/801/684 619/799/682
f 614/789/676 619/799/682 624/786/675
f 624/786/675 619/799/682 625/797/680
f 624/786/675 625/797/680 626/787/647
f 626/787/647 625/797/680 627/795/645
f 628/803/343 629/804/345 631/805/368
f 631/805/368 629/804/345 630/806/346
f 631/805/368 630/806/346 260/807/348
f 631/805/368 260/807/348 278/808/350
f 277/809/367 631/805/368 632/810/625
f 277/809/367 632/810/625 275/811/366
f 275/811/366 632/810/625 538/812/624
f 275/811/366 538/812/624 634/813/622
f 275/811/366 634/813/622 633/368/365
f 633/368/365 634/813/622 274/814/364
f 274/814/364 634/813/622 635/815/621
f 274/814/364 635/815/621 535/816/620
f 274/814/364 535/816/620 272/817/363
f 272/817/363 535/816/620 636/818/374
f 636/818/374 637/819/630 283/820/373
f 283/820/373 637/819/630 638/821/629
f 283/820/373 638/821/629 282/822/372
f 282/822/372 638/821/629 639/823/628
f 282/822/372 639/823/628 281/374/371
f 281/374/371 639/823/628 279/824/370
f 279/824/370 639/823/628 539/825/627
f 279/824/370 539/825/627 640/826/369
f 640/826/369 539/825/627 641/827/626
f 640/826/369 641/827/626 631/805/368
f 654/828/686 642/829/687 393/830/480
f 654/828/686 393/830/480 394/831/486
f 605/832/674 391/833/483 389/834/481
f 605/832/674 389/834/481 643/835/688
f 643/835/688 389/834/481 388/836/478
f 643/835/688 388/836/478 644/837/476
f 643/835/688 644/837/476 679/838/689
f 679/838/689 644/837/476 680/839/475
f 645/840/572 469/841/573 646/842/570
f 647/843/672 513/844/598 648/845/591
f 647/843/672 648/845/591 649/846/690
f 649/846/690 648/845/591 64/98/98
f 649/846/690 64/98/98 650/847/691
f 650/847/691 64/98/98 651/100/100
f 650/847/691 651/100/100 601/102/102
f 650/847/691 601/102/102 652/848/692
f 652/848/692 601/102/102 653/773/673
f 652/848/692 653/773/673 598/772/174
f 652/848/692 598/772/174 114/849/172
f 652/848/692 114/849/172 650/847/691
f 650/847/691 114/849/172 649/846/690
f 649/846/690 114/849/172 112/850/169
f 649/846/690 112/850/169 647/843/672
f 647/843/672 112/850/169 111/851/167
f 654/852/686 394/853/486 655/854/693
f 655/854/693 394/853/486 397/855/488
f 655/854/693 397/855/488 660/856/489
f 655/854/693 660/856/489 657/857/694
f 393/858/480 642/859/687 656/860/695
f 393/858/480 656/860/695 387/861/479
f 387/861/479 656/860/695 659/862/477
f 659/862/477 656/860/695 658/863/696
f 642/864/687 654/865/686 656/866/695
f 656/866/695 654/865/686 655/867/693
f 656/866/695 655/867/693 657/868/694
f 656/866/695 657/868/694 658/869/696
f 659/870/477 658/871/696 657/872/694
f 659/870/477 657/872/694 660/873/489
f 662/874/361 661/875/362 636/818/374
f 662/874/361 636/818/374 269/876/360
f 269/876/360 636/818/374 268/877/358
f 268/877/358 636/818/374 267/878/357
f 460/592/559 461/571/543 470/879/571
f 385/880/472 87/881/134 663/882/132
f 385/880/472 663/882/132 664/883/24
f 664/883/24 663/882/132 86/884/22
f 664/883/24 86/884/22 665/885/23
f 678/886/419 674/887/420 673/888/697
f 678/886/419 673/888/697 677/889/698
f 677/889/698 673/888/697 666/890/699
f 677/889/698 666/890/699 676/891/700
f 676/891/700 666/890/699 671/892/701
f 676/891/700 671/892/701 667/893/702
f 667/893/702 671/892/701 669/894/703
f 667/893/702 669/894/703 675/895/704
f 675/895/704 669/894/703 668/896/705
f 672/897/706 668/896/705 669/894/703
f 672/897/706 669/894/703 670/898/707
f 670/898/707 669/894/703 671/892/701
f 670/898/707 671/892/701 666/890/699
f 670/898/707 666/890/699 672/897/706
f 672/897/706 666/890/699 673/888/697
f 672/897/706 673/888/697 668/896/705
f 668/896/705 673/888/697 674/887/420
f 668/896/705 674/887/420 675/895/704
f 675/895/704 674/887/420 328/899/415
f 675/895/704 328/899/415 667/893/702
f 667/893/702 328/899/415 330/900/416
f 667/893/702 330/900/416 676/891/700
f 676/891/700 330/900/416 332/901/417
f 676/891/700 332/901/417 333/902/418
f 676/891/700 333/902/418 677/889/698
f 677/889/698 333/902/418 678/886/419
f 605/774/674 643/903/688 604/2/2
f 604/2/2 643/903/688 679/904/689
f 604/2/2 679/904/689 1/4/4
f 1/4/4 679/904/689 680/905/475
f 1/4/4 680/905/475 2/6/6
f 2/6/6 680/905/475 386/906/473
f 2/6/6 386/906/473 664/24/24
f 664/24/24 386/906/473 385/907/472
f 686/908/708 684/909/709 687/910/710
f 687/910/710 684/909/709 681/911/711
f 687/910/710 681/911/711 682/912/712
f 682/912/712 681/911/711 683/913/713
f 683/913/713 681/911/711 684/909/709
f 683/913/713 684/909/709 685/914/714
f 685/914/714 684/909/709 686/908/708
f 685/914/714 686/908/708 690/915/715
f 690/915/715 686/908/708 687/910/710
f 690/915/715 687/910/710 688/916/716
f 688/916/716 687/910/710 693/917/717
f 688/916/716 693/917/717 689/918/718
f 688/916/716 689/918/718 690/915/715
f 690/915/715 689/918/718 685/914/714
f 685/914/714 689/918/718 691/919/623
f 685/914/714 691/919/623 683/913/713
f 683/913/713 691/919/623 537/920/613
f 683/913/713 537/920/613 682/912/712
f 682/912/712 537/920/613 532/921/192
f 682/912/712 532/921/192 692/922/719
f 682/912/712 692/922/719 687/910/710
f 687/910/710 692/922/719 693/917/717
f 693/917/717 692/922/719 532/921/192
f 693/917/717 532/921/192 536/923/618
f 693/917/717 536/923/618 689/918/718
f 689/918/718 536/923/618 691/919/623
f 460/592/559 694/924/542 458/472/463
f 455/925/555 695/926/554 708/927/129
f 455/925/555 708/927/129 457/928/556
f 457/928/556 708/927/129 696/929/130
f 457/928/556 696/929/130 697/930/557
f 697/930/557 696/929/130 377/931/461
f 697/930/557 377/931/461 698/932/460
f 697/930/557 698/932/460 699/933/558
f 699/933/558 698/932/460 376/934/424
f 699/933/558 376/934/424 459/935/560
f 459/935/560 376/934/424 700/936/561
f 700/936/561 376/934/424 337/937/426
f 700/936/561 337/937/426 462/938/562
f 462/938/562 337/937/426 338/939/428
f 462/938/562 338/939/428 582/940/429
f 462/938/562 582/940/429 463/941/563
f 463/941/563 582/940/429 701/942/671
f 463/941/563 701/942/671 702/943/564
f 702/943/564 701/942/671 703/944/566
f 703/944/566 701/942/671 16/945/36
f 703/944/566 16/945/36 705/946/567
f 705/946/567 16/945/36 704/947/35
f 705/946/567 704/947/35 706/948/33
f 705/946/567 706/948/33 467/949/568
f 467/949/568 706/948/33 14/950/30
f 467/949/568 14/950/30 468/951/569
f 468/951/569 14/950/30 451/952/552
f 451/952/552 14/950/30 707/953/28
f 451/952/552 707/953/28 452/954/553
f 452/954/553 707/953/28 13/955/26
f 452/954/553 13/955/26 84/956/25
f 452/954/553 84/956/25 695/926/554
f 695/926/554 84/956/25 708/927/129
f 709/957/540 443/958/541 473/959/539
f 4/960/10 12/961/21 9/962/18
f 4/960/10 9/962/18 710/963/11
f 710/963/11 9/962/18 8/964/15
f 710/963/11 8/964/15 7/965/13
f 241/966/316 711/967/314 712/968/209
f 241/966/316 712/968/209 243/969/318
f 243/969/318 712/968/209 713/970/211
f 243/969/318 713/970/211 245/971/320
f 245/971/320 713/970/211 714/972/212
f 245/971/320 714/972/212 246/973/311
f 246/973/311 714/972/212 715/974/206
f 246/973/311 715/974/206 239/975/312
f 239/975/312 715/974/206 136/976/207
f 239/975/312 136/976/207 711/967/314
f 711/967/314 136/976/207 712/968/209
f 716/977/126 717/978/125 718/979/127
f 718/979/127 717/978/125 78/980/123
f 718/979/127 78/980/123 80/981/128
f 80/981/128 78/980/123 719/982/122
f 80/981/128 719/982/122 81/983/16
f 81/983/16 719/982/122 720/984/14
o mesh_004_unnamed.004
v -0.064659 0.925773 0.176783
v -0.101850 0.923938 0.160783
v -0.116909 0.923540 0.106511
v -0.035002 0.826668 0.082501
v -0.032237 0.826930 0.144309
v -0.057890 0.823910 0.156590
v -0.059226 0.721345 0.104362
v -0.082486 0.821021 0.143383
v -0.069831 0.722364 0.074931
v -0.094569 0.819543 0.099479
v -0.053612 0.728676 0.058134
v -0.067533 0.822814 0.076162
v -0.017096 0.736206 0.087522
v -0.017212 0.828852 0.112383
v -0.024625 0.731435 0.109237
v -0.041213 0.724070 0.115356
v -0.041097 0.668962 0.067292
v -0.049907 0.668962 0.050665
v -0.043210 0.668962 0.039734
v -0.025321 0.668962 0.043246
v -0.030762 0.733560 0.062958
v -0.016841 0.668962 0.058196
v -0.019458 0.668962 0.071897
v -0.028936 0.668962 0.073313
v -0.085589 1.181598 0.038207
v -0.035940 1.172674 0.022976
v -0.076276 1.099187 0.022953
v -0.063042 1.174601 0.017429
v -0.099691 1.128737 0.108708
v -0.072615 1.190160 0.072463
v -0.049940 1.195467 0.038976
v -0.023627 1.178358 0.048581
v -0.025342 1.124247 0.115736
v -0.009091 1.107940 0.070511
v -0.028102 1.097522 0.031563
v -0.032544 1.009885 0.051594
v -0.111560 1.112034 0.051293
v -0.114308 1.030508 0.145731
v -0.069155 1.034198 0.166887
v -0.063129 1.131211 0.125908
v -0.044556 1.189165 0.077093
v -0.029023 1.027695 0.150676
v -0.012964 1.015681 0.093202
v -0.016582 0.926252 0.119566
v -0.038790 0.925682 0.081065
v -0.087533 1.011211 0.041924
v -0.086798 0.924467 0.071942
v -0.122783 1.018889 0.075084
v -0.034878 0.926430 0.169340
vt 0.062300 0.491300
vt 0.043800 0.488100
vt 0.053500 0.301400
vt 0.036300 0.487700
vt 0.047500 0.298900
vt 0.051300 0.489500
vt 0.060900 0.305000
vt 0.075200 0.491700
vt 0.077100 0.311900
vt 0.085900 0.315700
vt 0.086200 0.492500
vt 0.078400 0.312100
vt 0.077100 0.492600
vt 0.065700 0.306500
vt 0.065000 0.120600
vt 0.059700 0.122600
vt 0.067800 0.134200
vt 0.079200 0.143000
vt 0.085900 0.147700
vt 0.082200 0.138900
vt 0.074000 0.125500
vt 0.074000 0.025700
vt 0.069600 0.025800
vt 0.073000 0.025900
vt 0.081900 0.025900
vt 0.086100 0.025800
vt 0.084800 0.025700
vt 0.080100 0.025700
vt 0.063100 0.943900
vt 0.051900 0.956500
vt 0.069600 0.981700
vt 0.076600 0.940400
vt 0.082700 0.950600
vt 0.089900 0.822600
vt 0.080500 0.803900
vt 0.056500 0.807000
vt 0.039000 0.830100
vt 0.044900 0.860100
vt 0.058400 0.971900
vt 0.072300 0.970000
vt 0.081900 0.851900
vt 0.080000 0.676500
vt 0.088000 0.655000
vt 0.078300 0.644700
vt 0.050900 0.647200
vt 0.033400 0.660900
vt 0.037600 0.681600
vt 0.060100 0.688200
vt 0.063100 0.864500
vn -0.0810 -0.0578 0.9950
vn -0.7308 -0.1187 0.6721
vn -0.7185 -0.3118 0.6217
vn -0.9694 -0.1742 -0.1729
vn -0.9473 -0.1979 -0.2518
vn -0.3436 -0.2099 -0.9153
vn -0.2641 0.0286 -0.9640
vn 0.5843 -0.1532 -0.7969
vn 0.5801 0.0999 -0.8084
vn 0.9996 0.0039 -0.0276
vn 0.9990 -0.0367 -0.0239
vn 0.7106 -0.1655 0.6839
vn 0.6504 -0.0261 0.7591
vn -0.0125 -0.2979 0.9545
vn -0.6558 -0.4861 0.5775
vn -0.9523 -0.2300 -0.2006
vn -0.3293 0.1688 -0.9290
vn 0.5534 0.2402 -0.7975
vn 0.9954 0.0367 -0.0885
vn 0.7423 -0.2407 0.6253
vn 0.0237 -0.4769 0.8786
vn -0.5869 -0.5922 0.5520
vn -0.9380 -0.2869 -0.1944
vn -0.2918 0.2032 -0.9346
vn 0.5347 0.2953 -0.7918
vn 0.9622 0.1142 -0.2472
vn 0.7810 -0.3273 0.5318
vn -0.1076 -0.6181 0.7787
vn -0.1862 0.3466 -0.9193
vn -0.7229 0.5886 -0.3618
vn 0.1457 0.9376 -0.3158
vn 0.5537 0.2943 -0.7790
vn 0.8588 0.5004 -0.1094
vn 0.9953 0.0605 -0.0753
vn 0.6102 -0.1229 -0.7826
vn -0.2560 -0.1031 -0.9611
vn -0.9166 0.1441 -0.3728
vn -0.7486 0.4287 0.5057
vn -0.4301 0.8276 0.3605
vn 0.3488 0.8050 0.4798
vn 0.6984 0.3504 0.6240
vn 0.7421 0.1359 0.6563
vn 0.9950 -0.0692 -0.0724
vn 0.5880 -0.2483 -0.7698
vn -0.3044 -0.2466 -0.9201
vn -0.9431 -0.0605 -0.3268
vn -0.7997 0.1632 0.5778
vn -0.0396 0.2469 0.9682
vn -0.0511 0.5025 0.8630
usemtl unnamed_031
s 1
f 721/985/720 722/986/721 728/987/722
f 728/987/722 722/986/721 723/988/723
f 728/987/722 723/988/723 730/989/724
f 730/989/724 723/988/723 767/990/725
f 730/989/724 767/990/725 732/991/726
f 732/991/726 767/990/725 765/992/727
f 732/991/726 765/992/727 724/993/728
f 724/993/728 765/992/727 734/994/729
f 734/994/729 765/992/727 764/995/730
f 734/994/729 764/995/730 725/996/731
f 725/996/731 764/995/730 769/997/732
f 725/996/731 769/997/732 726/998/733
f 726/998/733 769/997/732 721/985/720
f 726/998/733 721/985/720 728/987/722
f 726/998/733 728/987/722 727/999/734
f 727/999/734 728/987/722 729/1000/735
f 729/1000/735 728/987/722 730/989/724
f 729/1000/735 730/989/724 731/1001/736
f 731/1001/736 730/989/724 732/991/726
f 731/1001/736 732/991/726 741/1002/737
f 741/1002/737 732/991/726 724/993/728
f 741/1002/737 724/993/728 733/1003/738
f 733/1003/738 724/993/728 734/994/729
f 733/1003/738 734/994/729 735/1004/739
f 735/1004/739 734/994/729 725/996/731
f 735/1004/739 725/996/731 736/1005/740
f 736/1005/740 725/996/731 726/998/733
f 736/1005/740 726/998/733 727/999/734
f 736/1005/740 727/999/734 737/1006/741
f 737/1006/741 727/999/734 738/1007/742
f 738/1007/742 727/999/734 729/1000/735
f 738/1007/742 729/1000/735 739/1008/743
f 739/1008/743 729/1000/735 731/1001/736
f 739/1008/743 731/1001/736 740/1009/744
f 740/1009/744 731/1001/736 741/1002/737
f 740/1009/744 741/1002/737 742/1010/745
f 742/1010/745 741/1002/737 733/1003/738
f 742/1010/745 733/1003/738 743/1011/746
f 743/1011/746 733/1003/738 735/1004/739
f 743/1011/746 735/1004/739 736/1005/740
f 743/1011/746 736/1005/740 744/1012/747
f 744/1012/747 736/1005/740 737/1006/741
f 748/1013/748 745/1014/749 751/1015/750
f 748/1013/748 751/1015/750 746/1016/751
f 746/1016/751 751/1015/750 752/1017/752
f 746/1016/751 752/1017/752 754/1018/753
f 746/1016/751 754/1018/753 755/1019/754
f 746/1016/751 755/1019/754 748/1013/748
f 748/1013/748 755/1019/754 747/1020/755
f 748/1013/748 747/1020/755 757/1021/756
f 748/1013/748 757/1021/756 745/1014/749
f 745/1014/749 757/1021/756 749/1022/757
f 745/1014/749 749/1022/757 750/1023/758
f 745/1014/749 750/1023/758 751/1015/750
f 751/1015/750 750/1023/758 761/1024/759
f 751/1015/750 761/1024/759 752/1017/752
f 752/1017/752 761/1024/759 753/1025/760
f 752/1017/752 753/1025/760 754/1018/753
f 754/1018/753 753/1025/760 762/1026/761
f 754/1018/753 762/1026/761 763/1027/762
f 754/1018/753 763/1027/762 755/1019/754
f 755/1019/754 763/1027/762 756/1028/763
f 755/1019/754 756/1028/763 747/1020/755
f 747/1020/755 756/1028/763 766/1029/764
f 747/1020/755 766/1029/764 757/1021/756
f 757/1021/756 766/1029/764 768/1030/765
f 757/1021/756 768/1030/765 758/1031/766
f 757/1021/756 758/1031/766 749/1022/757
f 749/1022/757 758/1031/766 759/1032/767
f 749/1022/757 759/1032/767 760/1033/768
f 749/1022/757 760/1033/768 750/1023/758
f 750/1023/758 760/1033/768 761/1024/759
f 761/1024/759 760/1033/768 753/1025/760
f 753/1025/760 760/1033/768 759/1032/767
f 753/1025/760 759/1032/767 762/1026/761
f 762/1026/761 759/1032/767 769/997/732
f 762/1026/761 769/997/732 763/1027/762
f 763/1027/762 769/997/732 764/995/730
f 763/1027/762 764/995/730 756/1028/763
f 756/1028/763 764/995/730 765/992/727
f 756/1028/763 765/992/727 766/1029/764
f 766/1029/764 765/992/727 767/990/725
f 766/1029/764 767/990/725 768/1030/765
f 768/1030/765 767/990/725 723/988/723
f 768/1030/765 723/988/723 758/1031/766
f 758/1031/766 723/988/723 722/986/721
f 758/1031/766 722/986/721 759/1032/767
f 759/1032/767 722/986/721 721/985/720
f 759/1032/767 721/985/720 769/997/732
o mesh_003_unnamed.003
v 0.049940 1.195467 0.038976
v 0.023627 1.178356 0.048581
v 0.044557 1.189183 0.077094
v 0.025342 1.124247 0.115736
v 0.063129 1.131211 0.125908
v 0.099692 1.128740 0.108709
v 0.114308 1.030508 0.145731
v 0.122783 1.018889 0.075084
v 0.087533 1.011211 0.041924
v 0.076276 1.099182 0.022953
v 0.009090 1.107929 0.070510
v 0.029023 1.027695 0.150676
v 0.012964 1.015681 0.093202
v 0.032544 1.009885 0.051594
v 0.086797 0.924466 0.071942
v 0.116909 0.923540 0.106511
v 0.069155 1.034198 0.166887
v 0.064659 0.925772 0.176783
v 0.035940 1.172671 0.022976
v 0.028102 1.097528 0.031563
v 0.111560 1.112037 0.051293
v 0.085588 1.181583 0.038206
v 0.072617 1.190179 0.072465
v 0.063042 1.174601 0.017429
v 0.034878 0.926429 0.169340
v 0.082486 0.821021 0.143383
v 0.101849 0.923933 0.160782
v 0.038790 0.925682 0.081065
v 0.016582 0.926252 0.119566
v 0.032237 0.826930 0.144309
v 0.024625 0.731435 0.109237
v 0.041213 0.724070 0.115356
v 0.057890 0.823910 0.156590
v 0.094569 0.819543 0.099479
v 0.067533 0.822814 0.076162
v 0.030762 0.733560 0.062958
v 0.035002 0.826668 0.082501
v 0.017212 0.828852 0.112383
v 0.017096 0.736206 0.087522
v 0.019458 0.668962 0.071897
v 0.028936 0.668962 0.073313
v 0.041097 0.668962 0.067292
v 0.059226 0.721345 0.104362
v 0.049907 0.668962 0.050665
v 0.069831 0.722364 0.074931
v 0.043210 0.668962 0.039734
v 0.053612 0.728676 0.058134
v 0.025321 0.668962 0.043246
v 0.016841 0.668962 0.058196
vt 0.063100 0.943900
vt 0.076600 0.940400
vt 0.069600 0.981700
vt 0.082700 0.950600
vt 0.072300 0.970000
vt 0.081900 0.851900
vt 0.063100 0.864500
vt 0.060100 0.688200
vt 0.044900 0.860100
vt 0.037600 0.681600
vt 0.039000 0.830100
vt 0.033400 0.660900
vt 0.050900 0.647200
vt 0.056500 0.807000
vt 0.078300 0.644700
vt 0.080500 0.803900
vt 0.088000 0.655000
vt 0.089900 0.822600
vt 0.080000 0.676500
vt 0.077100 0.492600
vt 0.086200 0.492500
vt 0.075200 0.491700
vt 0.051300 0.489500
vt 0.036300 0.487700
vt 0.043800 0.488100
vt 0.062300 0.491300
vt 0.051900 0.956500
vt 0.058400 0.971900
vt 0.078400 0.312100
vt 0.065700 0.306500
vt 0.053500 0.301400
vt 0.047500 0.298900
vt 0.060900 0.305000
vt 0.077100 0.311900
vt 0.085900 0.315700
vt 0.082200 0.138900
vt 0.074000 0.125500
vt 0.065000 0.120600
vt 0.059700 0.122600
vt 0.067800 0.134200
vt 0.079200 0.143000
vt 0.085900 0.147700
vt 0.084800 0.025700
vt 0.080100 0.025700
vt 0.074000 0.025700
vt 0.069600 0.025800
vt 0.073000 0.025900
vt 0.081900 0.025900
vt 0.086100 0.025800
vn 0.1862 0.3467 -0.9193
vn -0.5537 0.2942 -0.7790
vn -0.1457 0.9375 -0.3160
vn -0.8589 0.5004 -0.1095
vn -0.3489 0.8051 0.4796
vn -0.6984 0.3503 0.6240
vn 0.0511 0.5024 0.8631
vn 0.0396 0.2469 0.9682
vn 0.7486 0.4286 0.5057
vn 0.7997 0.1632 0.5778
vn 0.9166 0.1442 -0.3728
vn 0.9431 -0.0605 -0.3268
vn 0.3044 -0.2466 -0.9201
vn 0.2560 -0.1031 -0.9611
vn -0.5880 -0.2483 -0.7698
vn -0.6102 -0.1229 -0.7826
vn -0.9950 -0.0692 -0.0724
vn -0.9953 0.0604 -0.0753
vn -0.7421 0.1359 0.6563
vn -0.6504 -0.0261 0.7591
vn -0.9990 -0.0367 -0.0239
vn -0.5843 -0.1532 -0.7969
vn 0.3435 -0.2099 -0.9153
vn 0.9694 -0.1742 -0.1729
vn 0.7308 -0.1188 0.6721
vn 0.0810 -0.0578 0.9950
vn 0.7230 0.5884 -0.3619
vn 0.4302 0.8277 0.3602
vn -0.7106 -0.1655 0.6839
vn 0.0125 -0.2979 0.9545
vn 0.7185 -0.3118 0.6217
vn 0.9473 -0.1979 -0.2518
vn 0.2641 0.0286 -0.9640
vn -0.5801 0.0999 -0.8084
vn -0.9996 0.0039 -0.0276
vn -0.7423 -0.2407 0.6253
vn -0.0237 -0.4769 0.8786
vn 0.6558 -0.4861 0.5775
vn 0.9523 -0.2300 -0.2006
vn 0.3293 0.1688 -0.9290
vn -0.5534 0.2402 -0.7975
vn -0.9954 0.0367 -0.0885
vn -0.7810 -0.3273 0.5318
vn 0.1076 -0.6181 0.7787
vn 0.5869 -0.5922 0.5520
vn 0.9380 -0.2869 -0.1944
vn 0.2918 0.2032 -0.9346
vn -0.5347 0.2953 -0.7918
vn -0.9622 0.1142 -0.2472
usemtl unnamed_030
s 1
f 793/1034/769 788/1035/770 770/1036/771
f 770/1036/771 788/1035/770 771/1037/772
f 770/1036/771 771/1037/772 772/1038/773
f 772/1038/773 771/1037/772 773/1039/774
f 772/1038/773 773/1039/774 774/1040/775
f 774/1040/775 773/1039/774 786/1041/776
f 774/1040/775 786/1041/776 775/1042/777
f 775/1042/777 786/1041/776 776/1043/778
f 775/1042/777 776/1043/778 790/1044/779
f 790/1044/779 776/1043/778 777/1045/780
f 790/1044/779 777/1045/780 778/1046/781
f 790/1044/779 778/1046/781 779/1047/782
f 779/1047/782 778/1046/781 783/1048/783
f 779/1047/782 783/1048/783 789/1049/784
f 789/1049/784 783/1048/783 782/1050/785
f 789/1049/784 782/1050/785 780/1051/786
f 780/1051/786 782/1050/785 781/1052/787
f 794/1053/788 781/1052/787 782/1050/785
f 794/1053/788 782/1050/785 798/1054/789
f 798/1054/789 782/1050/785 783/1048/783
f 798/1054/789 783/1048/783 797/1055/790
f 797/1055/790 783/1048/783 778/1046/781
f 797/1055/790 778/1046/781 784/1056/791
f 784/1056/791 778/1046/781 777/1045/780
f 784/1056/791 777/1045/780 785/1057/792
f 785/1057/792 777/1045/780 776/1043/778
f 785/1057/792 776/1043/778 796/1058/793
f 796/1058/793 776/1043/778 786/1041/776
f 796/1058/793 786/1041/776 787/1059/794
f 787/1059/794 786/1041/776 794/1053/788
f 794/1053/788 786/1041/776 781/1052/787
f 781/1052/787 786/1041/776 773/1039/774
f 781/1052/787 773/1039/774 780/1051/786
f 780/1051/786 773/1039/774 771/1037/772
f 780/1051/786 771/1037/772 788/1035/770
f 780/1051/786 788/1035/770 789/1049/784
f 789/1049/784 788/1035/770 793/1034/769
f 789/1049/784 793/1034/769 779/1047/782
f 779/1047/782 793/1034/769 790/1044/779
f 790/1044/779 793/1034/769 791/1060/795
f 790/1044/779 791/1060/795 775/1042/777
f 775/1042/777 791/1060/795 792/1061/796
f 775/1042/777 792/1061/796 774/1040/775
f 774/1040/775 792/1061/796 772/1038/773
f 772/1038/773 792/1061/796 770/1036/771
f 770/1036/771 792/1061/796 791/1060/795
f 770/1036/771 791/1060/795 793/1034/769
f 798/1054/789 799/1062/797 794/1053/788
f 794/1053/788 799/1062/797 802/1063/798
f 794/1053/788 802/1063/798 787/1059/794
f 787/1059/794 802/1063/798 795/1064/799
f 787/1059/794 795/1064/799 796/1058/793
f 796/1058/793 795/1064/799 785/1057/792
f 785/1057/792 795/1064/799 803/1065/800
f 785/1057/792 803/1065/800 784/1056/791
f 784/1056/791 803/1065/800 804/1066/801
f 784/1056/791 804/1066/801 797/1055/790
f 797/1055/790 804/1066/801 806/1067/802
f 797/1055/790 806/1067/802 807/1068/803
f 797/1055/790 807/1068/803 798/1054/789
f 798/1054/789 807/1068/803 799/1062/797
f 799/1062/797 807/1068/803 800/1069/804
f 799/1062/797 800/1069/804 801/1070/805
f 799/1062/797 801/1070/805 802/1063/798
f 802/1063/798 801/1070/805 812/1071/806
f 802/1063/798 812/1071/806 795/1064/799
f 795/1064/799 812/1071/806 814/1072/807
f 795/1064/799 814/1072/807 803/1065/800
f 803/1065/800 814/1072/807 816/1073/808
f 803/1065/800 816/1073/808 804/1066/801
f 804/1066/801 816/1073/808 805/1074/809
f 804/1066/801 805/1074/809 806/1067/802
f 806/1067/802 805/1074/809 808/1075/810
f 806/1067/802 808/1075/810 807/1068/803
f 807/1068/803 808/1075/810 800/1069/804
f 800/1069/804 808/1075/810 809/1076/811
f 800/1069/804 809/1076/811 801/1070/805
f 801/1070/805 809/1076/811 810/1077/812
f 801/1070/805 810/1077/812 811/1078/813
f 801/1070/805 811/1078/813 812/1071/806
f 812/1071/806 811/1078/813 813/1079/814
f 812/1071/806 813/1079/814 814/1072/807
f 814/1072/807 813/1079/814 815/1080/815
f 814/1072/807 815/1080/815 816/1073/808
f 816/1073/808 815/1080/815 817/1081/816
f 816/1073/808 817/1081/816 805/1074/809
f 805/1074/809 817/1081/816 818/1082/817
f 805/1074/809 818/1082/817 808/1075/810
f 808/1075/810 818/1082/817 809/1076/811
o mesh_002_unnamed.002
v 0.047523 1.013905 0.152908
v 0.036413 0.971781 0.151747
v 0.045259 0.937708 0.160222
v 0.066060 0.921243 0.166548
v 0.087913 0.936605 0.161486
v 0.099701 0.970383 0.153490
v 0.088888 1.013981 0.155142
v 0.068134 0.971740 0.166801
v 0.068763 1.023937 0.158741
vt 0.764500 0.345300
vt 0.717500 0.199300
vt 0.858800 0.200000
vt 0.759400 0.056100
vt 0.855800 0.002700
vt 0.949400 0.054900
vt 0.996000 0.199800
vt 0.948700 0.348500
vt 0.858400 0.380400
vn -0.3612 0.1278 0.9237
vn -0.4265 0.0999 0.8990
vn -0.0195 0.0840 0.9963
vn -0.3385 0.0458 0.9398
vn -0.0307 -0.0037 0.9995
vn 0.2918 0.0196 0.9562
vn 0.3901 0.0711 0.9180
vn 0.2923 0.1183 0.9489
vn -0.0453 0.1530 0.9872
usemtl unnamed_029
s 1
f 819/1083/818 820/1084/819 826/1085/820
f 826/1085/820 820/1084/819 821/1086/821
f 826/1085/820 821/1086/821 822/1087/822
f 822/1087/822 823/1088/823 826/1085/820
f 826/1085/820 823/1088/823 824/1089/824
f 826/1085/820 824/1089/824 825/1090/825
f 826/1085/820 825/1090/825 827/1091/826
f 826/1085/820 827/1091/826 819/1083/818
o mesh_001_unnamed.001
v -0.066060 0.921243 0.166548
v -0.045259 0.937708 0.160222
v -0.036413 0.971781 0.151747
v -0.047523 1.013905 0.152908
v -0.068134 0.971740 0.166801
v -0.068763 1.023937 0.158741
v -0.088888 1.013981 0.155142
v -0.099701 0.970383 0.153490
v -0.087913 0.936605 0.161486
vt 0.764100 0.056000
vt 0.857700 0.003900
vt 0.854700 0.201200
vt 0.954100 0.057200
vt 0.996000 0.200400
vt 0.949000 0.346400
vt 0.855100 0.380400
vt 0.764800 0.349600
vt 0.717500 0.200900
vn -0.2918 0.0196 0.9562
vn 0.0307 -0.0037 0.9995
vn 0.0195 0.0840 0.9963
vn 0.3385 0.0458 0.9398
vn 0.4265 0.0999 0.8990
vn 0.3612 0.1278 0.9237
vn 0.0453 0.1530 0.9872
vn -0.2923 0.1183 0.9489
vn -0.3901 0.0711 0.9180
usemtl unnamed_029
s 1
f 836/1092/827 828/1093/828 832/1094/829
f 832/1094/829 828/1093/828 829/1095/830
f 832/1094/829 829/1095/830 830/1096/831
f 830/1096/831 831/1097/832 832/1094/829
f 832/1094/829 831/1097/832 833/1098/833
f 832/1094/829 833/1098/833 834/1099/834
f 832/1094/829 834/1099/834 835/1100/835
f 832/1094/829 835/1100/835 836/1092/827
o mesh_unnamed.000
v -0.064693 1.183395 0.043712
v -0.045820 1.170352 0.069890
v -0.042731 1.180596 0.045241
v -0.061763 1.179526 0.034555
v -0.079126 1.166929 0.040884
v -0.068160 1.172929 0.071493
v -0.063607 1.108805 0.114686
v -0.031314 1.163866 0.046169
v -0.024160 1.092745 0.074726
v -0.021389 1.022399 0.094816
v -0.078698 0.918302 0.078733
v -0.080039 1.018450 0.057082
v -0.039637 1.018930 0.061083
v -0.037522 1.086091 0.047639
v -0.051092 1.159345 0.031835
v -0.071158 1.087547 0.041690
v -0.098933 1.096014 0.060878
v -0.086346 1.107158 0.101415
v -0.099449 1.023428 0.136729
v -0.038563 1.022565 0.136672
v -0.038680 1.102651 0.102559
v -0.022573 0.921655 0.115972
v -0.023195 0.827088 0.112068
v -0.021501 0.733239 0.086526
v -0.033192 0.730976 0.066713
v -0.036548 0.691407 0.051481
v -0.083584 1.200747 0.042661
v -0.079345 1.199032 0.034351
v -0.071946 1.204291 0.042235
v -0.089232 1.220753 0.029638
v -0.059517 1.251623 0.018172
v -0.061682 1.230821 0.040222
v -0.066633 1.218625 0.026717
v -0.051455 1.218170 0.030575
v -0.045434 1.178581 0.036585
v -0.033151 1.202577 0.032325
v -0.032403 1.227733 0.027262
v -0.030448 1.204590 0.040981
v -0.040772 1.210953 0.039027
v -0.053666 1.186250 0.043772
v -0.066060 0.921243 0.163192
v -0.068754 1.023694 0.154365
v -0.115042 1.020982 0.081195
v -0.065437 0.821795 0.082044
v -0.040482 0.920585 0.085967
v -0.038120 0.825174 0.087302
v -0.050338 0.726797 0.062822
v -0.051452 0.683363 0.056049
v -0.054923 0.720866 0.099430
v -0.040215 0.723198 0.108297
v -0.063582 0.721398 0.076370
v -0.088127 0.818927 0.101373
v -0.107799 0.916563 0.102869
v -0.095404 0.917303 0.147372
v -0.077990 0.820223 0.137762
v -0.057332 0.822756 0.150796
v -0.036387 0.825404 0.137796
v -0.037643 0.681330 0.077351
v -0.023234 0.693005 0.071828
v -0.027942 0.729498 0.103361
v -0.038748 0.920689 0.147489
v 0.053666 1.186250 0.043772
v 0.079345 1.199032 0.034351
v 0.071946 1.204291 0.042235
v 0.089232 1.220753 0.029638
v 0.083584 1.200747 0.042661
v 0.051455 1.218170 0.030575
v 0.059517 1.251623 0.018172
v 0.061681 1.230803 0.040222
v 0.066633 1.218625 0.026717
v 0.045434 1.178582 0.036585
v 0.042731 1.180596 0.045241
v 0.030448 1.204590 0.040981
v 0.040772 1.210953 0.039027
v 0.032403 1.227733 0.027262
v 0.033151 1.202577 0.032325
v 0.040482 0.920585 0.085967
v 0.080039 1.018450 0.057082
v 0.071158 1.087547 0.041690
v 0.037522 1.086091 0.047639
v 0.024160 1.092736 0.074725
v 0.039637 1.018930 0.061083
v 0.021389 1.022399 0.094816
v 0.057332 0.822756 0.150796
v 0.077990 0.820223 0.137762
v 0.063582 0.721398 0.076370
v 0.050338 0.726797 0.062822
v 0.033192 0.730976 0.066713
v 0.038120 0.825174 0.087302
v 0.036548 0.691407 0.051481
v 0.051452 0.683363 0.056049
v 0.054923 0.720866 0.099430
v 0.040215 0.723198 0.108297
v 0.037643 0.681330 0.077351
v 0.023234 0.693005 0.071828
v 0.027942 0.729498 0.103361
v 0.021501 0.733239 0.086526
v 0.023195 0.827088 0.112068
v 0.078698 0.918301 0.078733
v 0.065437 0.821795 0.082044
v 0.088127 0.818927 0.101373
v 0.095404 0.917302 0.147372
v 0.107799 0.916563 0.102869
v 0.115042 1.020982 0.081195
v 0.079126 1.166929 0.040884
v 0.051092 1.159345 0.031835
v 0.068161 1.172947 0.071495
v 0.064694 1.183413 0.043713
v 0.061763 1.179526 0.034555
v 0.086346 1.107158 0.101415
v 0.098933 1.096014 0.060878
v 0.038748 0.920687 0.147489
v 0.036387 0.825404 0.137796
v 0.022573 0.921655 0.115972
v 0.038680 1.102651 0.102559
v 0.031314 1.163866 0.046169
v 0.045821 1.170370 0.069891
v 0.063607 1.108805 0.114686
v 0.038563 1.022565 0.136672
v 0.066060 0.921242 0.163192
v 0.099449 1.023428 0.136729
v 0.068754 1.023694 0.154365
vt 0.846200 0.995000
vt 0.848200 0.988900
vt 0.856200 0.996200
vt 0.868100 0.987100
vt 0.865400 0.993500
vt 0.876400 0.985100
vt 0.863100 0.992400
vt 0.858300 0.984500
vt 0.853100 0.992900
vt 0.832800 0.988300
vt 0.824600 0.954200
vt 0.847100 0.952700
vt 0.871500 0.951100
vt 0.885200 0.950100
vt 0.885100 0.899200
vt 0.868700 0.899200
vt 0.869000 0.849500
vt 0.835500 0.848300
vt 0.832500 0.899800
vt 0.801200 0.900400
vt 0.812900 0.955000
vt 0.839700 0.953200
vt 0.872000 0.951100
vt 0.815000 0.915300
vt 0.844300 0.908800
vt 0.869800 0.913700
vt 0.884700 0.850100
vt 0.882600 0.814400
vt 0.868800 0.813300
vt 0.883100 0.767500
vt 0.872400 0.766100
vt 0.882500 0.730900
vt 0.870900 0.730000
vt 0.854400 0.763700
vt 0.857800 0.725700
vt 0.549700 0.682200
vt 0.561200 0.687300
vt 0.556200 0.679400
vt 0.558000 0.689100
vt 0.553000 0.679400
vt 0.555500 0.690600
vt 0.561800 0.695200
vt 0.552700 0.694700
vt 0.546700 0.679400
vt 0.546700 0.694700
vt 0.549700 0.706200
vt 0.549700 0.695700
vt 0.545000 0.691300
vt 0.542200 0.688200
vt 0.538600 0.696400
vt 0.539100 0.687600
vt 0.543100 0.679500
vt 0.846400 0.854600
vt 0.820800 0.847800
vt 0.810000 0.847400
vt 0.843500 0.811400
vt 0.841600 0.760500
vt 0.850000 0.759900
vt 0.869900 0.722700
vt 0.864100 0.761300
vt 0.851000 0.811900
vt 0.831900 0.810500
vt 0.822500 0.809700
vt 0.846500 0.854900
vt 0.870500 0.849600
vt 0.870400 0.813400
vt 0.877200 0.765000
vt 0.844800 0.908800
vt 0.561200 0.687300
vt 0.549700 0.682200
vt 0.556200 0.679400
vt 0.558000 0.689100
vt 0.553000 0.679400
vt 0.555500 0.690600
vt 0.561800 0.695200
vt 0.552700 0.694700
vt 0.546700 0.679400
vt 0.546700 0.694700
vt 0.549700 0.706200
vt 0.549700 0.695700
vt 0.545000 0.691300
vt 0.542200 0.688200
vt 0.543100 0.679500
vt 0.539100 0.687600
vt 0.538600 0.696400
vt 0.835500 0.848300
vt 0.869000 0.849500
vt 0.868700 0.899200
vt 0.832500 0.899800
vt 0.839700 0.953200
vt 0.872000 0.951100
vt 0.858300 0.984500
vt 0.876400 0.985100
vt 0.885200 0.950100
vt 0.885100 0.899200
vt 0.884700 0.850100
vt 0.882600 0.814400
vt 0.870400 0.813400
vt 0.877200 0.765000
vt 0.864100 0.761300
vt 0.851000 0.811900
vt 0.850000 0.759900
vt 0.831900 0.810500
vt 0.841600 0.760500
vt 0.822500 0.809700
vt 0.843500 0.811400
vt 0.854400 0.763700
vt 0.872400 0.766100
vt 0.868800 0.813300
vt 0.883100 0.767500
vt 0.882500 0.730900
vt 0.870900 0.730000
vt 0.857800 0.725700
vt 0.869900 0.722700
vt 0.810000 0.847400
vt 0.820800 0.847800
vt 0.801200 0.900400
vt 0.812900 0.955000
vt 0.832800 0.988300
vt 0.853100 0.992900
vt 0.863100 0.992400
vt 0.865400 0.993500
vt 0.868100 0.987100
vt 0.856200 0.996200
vt 0.848200 0.988900
vt 0.846200 0.995000
vt 0.824600 0.954200
vt 0.815000 0.915300
vt 0.844800 0.908800
vt 0.846500 0.854900
vt 0.870500 0.849600
vt 0.869800 0.913700
vt 0.871500 0.951100
vt 0.847100 0.952700
vt 0.844300 0.908800
vt 0.846400 0.854600
vn -0.7787 0.4212 0.4648
vn -0.4227 0.7105 0.5626
vn 0.0151 0.7400 0.6724
vn 0.5021 0.6229 0.5998
vn 0.8221 0.4620 0.3327
vn 0.9325 0.2613 -0.2492
vn 0.5393 0.0702 -0.8392
vn 0.1655 -0.0156 -0.9861
vn -0.3570 0.1215 -0.9261
vn -0.8144 0.3332 -0.4751
vn -0.7565 0.3873 0.5269
vn 0.0009 0.4658 0.8849
vn 0.7218 0.3065 0.6205
vn 0.9981 0.0616 -0.0043
vn 0.9992 0.0074 -0.0388
vn 0.5586 -0.1874 -0.8079
vn 0.5890 -0.0990 -0.8020
vn -0.2621 -0.1552 -0.9525
vn -0.2660 -0.1883 -0.9454
vn -0.9495 0.0007 -0.3136
vn -0.9246 0.1248 -0.3600
vn -0.2302 -0.1466 -0.9620
vn 0.6020 -0.1560 -0.7831
vn -0.7711 0.1936 0.6065
vn -0.0050 0.2509 0.9680
vn 0.7304 0.1788 0.6592
vn 0.9998 -0.0159 0.0015
vn 0.9999 0.0074 -0.0065
vn 0.5739 0.1035 -0.8123
vn 0.9957 0.0161 -0.0908
vn 0.5633 0.2285 -0.7940
vn 0.9795 -0.1921 0.0602
vn 0.1607 0.2145 -0.9634
vn -0.3342 0.1978 -0.9215
vn -0.8890 -0.2462 -0.3861
vn -0.7596 -0.2083 0.6161
vn -0.2281 -0.3639 -0.9030
vn 0.6107 0.7015 0.3672
vn -0.4404 0.7983 -0.4106
vn -0.7960 -0.1986 -0.5719
vn 0.9470 0.0662 -0.3143
vn 0.0197 0.8885 -0.4585
vn -0.1870 0.4675 0.8639
vn -0.7689 0.5491 0.3276
vn 0.3785 -0.2536 -0.8901
vn 0.1169 0.8964 -0.4275
vn 0.8002 0.0224 0.5993
vn 0.0047 -0.0182 0.9998
vn -0.7709 -0.0855 0.6312
vn -0.9554 -0.1492 -0.2548
vn -0.2734 0.0344 -0.9613
vn -0.9594 -0.2077 -0.1908
vn -0.6601 -0.4710 0.5852
vn -0.2239 -0.6771 0.7009
vn 0.0776 -0.4837 0.8717
vn 0.0136 -0.2501 0.9681
vn -0.7430 -0.2862 0.6049
vn -0.9483 -0.1864 -0.2567
vn 0.7148 0.0106 0.6992
vn 0.7255 -0.1168 0.6782
vn 0.7455 -0.2624 0.6127
vn 0.7595 -0.2084 0.6161
vn -0.0154 0.7403 0.6721
vn 0.7784 0.4209 0.4657
vn 0.2280 -0.3642 -0.9030
vn 0.3569 0.1216 -0.9262
vn -0.6107 0.7015 0.3672
vn 0.4404 0.7983 -0.4106
vn 0.7960 -0.1985 -0.5719
vn -0.5393 0.0702 -0.8392
vn -0.9470 0.0663 -0.3142
vn -0.0197 0.8885 -0.4584
vn 0.1870 0.4673 0.8641
vn 0.7689 0.5491 0.3276
vn -0.3785 -0.2536 -0.8901
vn -0.8222 0.4621 0.3324
vn -0.8002 0.0224 0.5993
vn -0.1169 0.8964 -0.4275
vn 0.2621 -0.1552 -0.9525
vn -0.5890 -0.0990 -0.8020
vn -0.5586 -0.1874 -0.8079
vn 0.2660 -0.1883 -0.9454
vn 0.2302 -0.1466 -0.9620
vn -0.6020 -0.1560 -0.7831
vn -0.1655 -0.0156 -0.9861
vn -0.9325 0.2612 -0.2493
vn -0.9981 0.0615 -0.0043
vn -0.9992 0.0074 -0.0388
vn -0.9998 -0.0159 0.0015
vn -0.9999 0.0074 -0.0065
vn -0.7255 -0.1168 0.6782
vn -0.7455 -0.2624 0.6127
vn -0.0776 -0.4837 0.8717
vn -0.0136 -0.2501 0.9681
vn 0.6601 -0.4710 0.5852
vn 0.7430 -0.2862 0.6049
vn 0.9594 -0.2077 -0.1908
vn 0.9483 -0.1864 -0.2567
vn 0.2734 0.0344 -0.9613
vn 0.3342 0.1978 -0.9215
vn -0.5633 0.2285 -0.7940
vn -0.5739 0.1035 -0.8123
vn -0.9957 0.0161 -0.0908
vn -0.9795 -0.1921 0.0602
vn -0.1607 0.2145 -0.9634
vn 0.8890 -0.2462 -0.3861
vn 0.2239 -0.6771 0.7009
vn 0.9554 -0.1492 -0.2548
vn 0.7709 -0.0855 0.6312
vn 0.9495 0.0007 -0.3136
vn 0.9246 0.1248 -0.3600
vn 0.8144 0.3330 -0.4752
vn -0.5022 0.6230 0.5997
vn 0.4227 0.7105 0.5625
vn 0.7565 0.3873 0.5269
vn 0.7711 0.1936 0.6065
vn 0.0050 0.2509 0.9680
vn -0.0047 -0.0182 0.9998
vn -0.7148 0.0106 0.6992
vn -0.7304 0.1788 0.6592
vn -0.7218 0.3064 0.6205
vn -0.0009 0.4657 0.8849
usemtl unnamed_029
s 1
f 837/1101/836 842/1102/837 876/1103/838
f 876/1103/838 842/1102/837 838/1104/839
f 876/1103/838 838/1104/839 839/1105/840
f 839/1105/840 838/1104/839 844/1106/841
f 839/1105/840 844/1106/841 871/1107/842
f 871/1107/842 844/1106/841 851/1108/843
f 871/1107/842 851/1108/843 840/1109/844
f 840/1109/844 851/1108/843 841/1110/845
f 840/1109/844 841/1110/845 837/1101/836
f 837/1101/836 841/1110/845 842/1102/837
f 842/1102/837 841/1110/845 854/1111/846
f 842/1102/837 854/1111/846 843/1112/847
f 842/1102/837 843/1112/847 838/1104/839
f 838/1104/839 843/1112/847 857/1113/848
f 838/1104/839 857/1113/848 844/1106/841
f 844/1106/841 857/1113/848 845/1114/849
f 845/1114/849 857/1113/848 846/1115/850
f 845/1114/849 846/1115/850 849/1116/851
f 849/1116/851 846/1115/850 881/1117/852
f 849/1116/851 881/1117/852 847/1118/853
f 849/1116/851 847/1118/853 848/1119/854
f 848/1119/854 847/1118/853 879/1120/855
f 848/1119/854 879/1120/855 853/1121/856
f 848/1119/854 853/1121/856 852/1122/857
f 848/1119/854 852/1122/857 849/1116/851
f 849/1116/851 852/1122/857 850/1123/858
f 849/1116/851 850/1123/858 845/1114/849
f 845/1114/849 850/1123/858 844/1106/841
f 844/1106/841 850/1123/858 851/1108/843
f 851/1108/843 850/1123/858 852/1122/857
f 851/1108/843 852/1122/857 841/1110/845
f 841/1110/845 852/1122/857 853/1121/856
f 841/1110/845 853/1121/856 854/1111/846
f 854/1111/846 853/1121/856 879/1120/855
f 854/1111/846 879/1120/855 855/1124/859
f 854/1111/846 855/1124/859 878/1125/860
f 854/1111/846 878/1125/860 843/1112/847
f 843/1112/847 878/1125/860 856/1126/861
f 843/1112/847 856/1126/861 857/1113/848
f 857/1113/848 856/1126/861 846/1115/850
f 846/1115/850 856/1126/861 858/1127/862
f 846/1115/850 858/1127/862 881/1117/852
f 881/1117/852 858/1127/862 859/1128/863
f 881/1117/852 859/1128/863 882/1129/864
f 882/1129/864 859/1128/863 860/1130/865
f 882/1129/864 860/1130/865 861/1131/866
f 861/1131/866 860/1130/865 895/1132/867
f 861/1131/866 895/1132/867 862/1133/868
f 861/1131/866 862/1133/868 883/1134/869
f 883/1134/869 862/1133/868 884/1135/870
f 876/1136/838 863/1137/871 837/1138/836
f 837/1138/836 863/1137/871 864/1139/872
f 837/1138/836 864/1139/872 840/1140/844
f 840/1140/844 864/1139/872 865/1141/873
f 865/1141/873 864/1139/872 866/1142/874
f 866/1142/874 864/1139/872 863/1137/871
f 866/1142/874 863/1137/871 865/1141/873
f 865/1141/873 863/1137/871 876/1136/838
f 865/1141/873 876/1136/838 840/1140/844
f 840/1140/844 876/1136/838 869/1143/875
f 840/1140/844 869/1143/875 871/1144/842
f 871/1144/842 869/1143/875 870/1145/876
f 870/1145/876 869/1143/875 867/1146/877
f 870/1145/876 867/1146/877 868/1147/878
f 868/1147/878 867/1146/877 869/1143/875
f 868/1147/878 869/1143/875 876/1136/838
f 868/1147/878 876/1136/838 870/1145/876
f 870/1145/876 876/1136/838 871/1144/842
f 871/1144/842 876/1136/838 875/1148/879
f 871/1144/842 875/1148/879 872/1149/880
f 872/1149/880 875/1148/879 873/1150/881
f 872/1149/880 873/1150/881 874/1151/882
f 874/1151/882 873/1150/881 875/1148/879
f 874/1151/882 875/1148/879 876/1136/838
f 874/1151/882 876/1136/838 839/1152/840
f 874/1151/882 839/1152/840 872/1149/880
f 872/1149/880 839/1152/840 871/1144/842
f 877/1153/883 878/1125/860 890/1154/884
f 890/1154/884 878/1125/860 855/1124/859
f 890/1154/884 855/1124/859 879/1120/855
f 890/1154/884 879/1120/855 889/1155/885
f 889/1155/885 879/1120/855 847/1118/853
f 889/1155/885 847/1118/853 880/1156/886
f 880/1156/886 847/1118/853 881/1117/852
f 880/1156/886 881/1117/852 882/1129/864
f 882/1129/864 861/1131/866 880/1156/886
f 880/1156/886 861/1131/866 883/1134/869
f 880/1156/886 883/1134/869 887/1157/887
f 887/1157/887 883/1134/869 884/1135/870
f 887/1157/887 884/1135/870 885/1158/888
f 885/1158/888 884/1135/870 894/1159/889
f 885/1158/888 894/1159/889 886/1160/890
f 886/1160/890 892/1161/891 885/1158/888
f 885/1158/888 892/1161/891 891/1162/892
f 885/1158/888 891/1162/892 887/1157/887
f 887/1157/887 891/1162/892 888/1163/893
f 887/1157/887 888/1163/893 880/1156/886
f 880/1156/886 888/1163/893 889/1155/885
f 889/1155/885 888/1163/893 891/1162/892
f 889/1155/885 891/1162/892 890/1154/884
f 890/1154/884 891/1162/892 877/1164/883
f 877/1164/883 891/1162/892 892/1161/891
f 877/1164/883 892/1161/891 897/1165/894
f 897/1165/894 892/1161/891 893/1166/895
f 893/1166/895 892/1161/891 886/1160/890
f 893/1166/895 886/1160/890 896/1167/896
f 896/1167/896 886/1160/890 894/1159/889
f 896/1167/896 894/1159/889 895/1132/867
f 895/1132/867 860/1130/865 896/1167/896
f 896/1167/896 860/1130/865 859/1128/863
f 896/1167/896 859/1128/863 893/1166/895
f 893/1166/895 859/1128/863 858/1127/862
f 893/1166/895 858/1127/862 897/1165/894
f 897/1165/894 858/1127/862 856/1126/861
f 897/1165/894 856/1126/861 878/1168/860
f 897/1165/894 878/1168/860 877/1164/883
f 902/1169/897 898/1170/898 944/1171/899
f 902/1169/897 944/1171/899 899/1172/900
f 899/1172/900 944/1171/899 945/1173/901
f 899/1172/900 945/1173/901 900/1174/902
f 899/1172/900 900/1174/902 901/1175/903
f 899/1172/900 901/1175/903 902/1169/897
f 902/1169/897 901/1175/903 900/1174/902
f 902/1169/897 900/1174/902 898/1170/898
f 898/1170/898 900/1174/902 945/1173/901
f 898/1170/898 945/1173/901 906/1176/904
f 906/1176/904 945/1173/901 907/1177/905
f 906/1176/904 907/1177/905 903/1178/906
f 906/1176/904 903/1178/906 904/1179/907
f 904/1179/907 903/1178/906 905/1180/908
f 904/1179/907 905/1180/908 906/1176/904
f 906/1176/904 905/1180/908 898/1170/898
f 898/1170/898 905/1180/908 903/1178/906
f 898/1170/898 903/1178/906 907/1177/905
f 898/1170/898 907/1177/905 910/1181/909
f 910/1181/909 907/1177/905 912/1182/910
f 912/1182/910 907/1177/905 908/1183/911
f 912/1182/910 908/1183/911 909/1184/912
f 909/1184/912 908/1183/911 898/1170/898
f 909/1184/912 898/1170/898 910/1181/909
f 909/1184/912 910/1181/909 911/1185/913
f 911/1185/913 910/1181/909 912/1182/910
f 911/1185/913 912/1182/910 909/1184/912
f 935/1186/914 913/1187/915 918/1188/916
f 935/1186/914 918/1188/916 914/1189/917
f 914/1189/917 918/1188/916 915/1190/918
f 915/1190/918 918/1188/916 916/1191/919
f 915/1190/918 916/1191/919 942/1192/920
f 942/1192/920 916/1191/919 952/1193/921
f 952/1193/921 916/1191/919 917/1194/922
f 917/1194/922 916/1191/919 918/1188/916
f 917/1194/922 918/1188/916 919/1195/923
f 919/1195/923 918/1188/916 913/1187/915
f 919/1195/923 913/1187/915 950/1196/924
f 950/1196/924 913/1187/915 934/1197/925
f 950/1196/924 934/1197/925 949/1198/926
f 949/1198/926 934/1197/925 932/1199/927
f 949/1198/926 932/1199/927 929/1200/928
f 949/1198/926 929/1200/928 920/1201/929
f 920/1201/929 929/1200/928 928/1202/930
f 920/1201/929 928/1202/930 921/1203/931
f 921/1203/931 928/1202/930 922/1204/932
f 921/1203/931 922/1204/932 937/1205/933
f 937/1205/933 922/1204/932 936/1206/934
f 936/1206/934 922/1204/932 923/1207/935
f 936/1206/934 923/1207/935 924/1208/936
f 936/1206/934 924/1208/936 925/1209/937
f 925/1209/937 924/1208/936 933/1210/938
f 931/1211/939 933/1210/938 924/1208/936
f 931/1211/939 924/1208/936 926/1212/940
f 926/1212/940 924/1208/936 923/1207/935
f 926/1212/940 923/1207/935 927/1213/941
f 927/1213/941 923/1207/935 922/1204/932
f 927/1213/941 922/1204/932 928/1202/930
f 927/1213/941 928/1202/930 930/1214/942
f 930/1214/942 928/1202/930 929/1200/928
f 930/1214/942 929/1200/928 932/1199/927
f 930/1214/942 932/1199/927 931/1211/939
f 931/1211/939 932/1199/927 933/1210/938
f 933/1210/938 932/1199/927 934/1197/925
f 933/1210/938 934/1197/925 925/1209/937
f 925/1209/937 934/1197/925 913/1187/915
f 925/1209/937 913/1187/915 936/1206/934
f 936/1206/934 913/1187/915 935/1186/914
f 936/1206/934 935/1186/914 939/1215/943
f 936/1206/934 939/1215/943 937/1205/933
f 937/1205/933 939/1215/943 921/1203/931
f 938/1216/944 921/1203/931 939/1215/943
f 938/1216/944 939/1215/943 940/1217/945
f 940/1217/945 939/1215/943 935/1186/914
f 940/1217/945 935/1186/914 914/1189/917
f 940/1217/945 914/1189/917 947/1218/946
f 947/1218/946 914/1189/917 915/1190/918
f 947/1218/946 915/1190/918 941/1219/947
f 941/1219/947 915/1190/918 942/1192/920
f 941/1219/947 942/1192/920 945/1220/901
f 945/1220/901 942/1192/920 907/1221/905
f 907/1221/905 942/1192/920 952/1193/921
f 907/1221/905 952/1193/921 908/1222/911
f 908/1222/911 952/1193/921 953/1223/948
f 908/1222/911 953/1223/948 898/1224/898
f 898/1224/898 953/1223/948 943/1225/949
f 898/1224/898 943/1225/949 944/1226/899
f 944/1226/899 943/1225/949 941/1219/947
f 944/1226/899 941/1219/947 945/1220/901
f 941/1219/947 943/1225/949 946/1227/950
f 941/1219/947 946/1227/950 947/1218/946
f 947/1218/946 946/1227/950 940/1217/945
f 940/1217/945 946/1227/950 957/1228/951
f 940/1217/945 957/1228/951 938/1216/944
f 938/1216/944 957/1228/951 958/1229/952
f 938/1216/944 958/1229/952 956/1230/953
f 938/1216/944 956/1230/953 921/1203/931
f 921/1203/931 956/1230/953 920/1201/929
f 920/1201/929 956/1230/953 948/1231/954
f 920/1201/929 948/1231/954 949/1198/926
f 949/1198/926 948/1231/954 950/1196/924
f 950/1196/924 948/1231/954 955/1232/955
f 950/1196/924 955/1232/955 919/1195/923
f 919/1195/923 955/1232/955 951/1233/956
f 919/1195/923 951/1233/956 917/1194/922
f 917/1194/922 951/1233/956 952/1193/921
f 953/1223/948 952/1193/921 951/1233/956
f 953/1223/948 951/1233/956 954/1234/957
f 954/1234/957 951/1233/956 955/1232/955
f 954/1234/957 955/1232/955 958/1235/952
f 958/1235/952 955/1232/955 948/1231/954
f 958/1235/952 948/1231/954 956/1236/953
f 958/1235/952 957/1228/951 946/1227/950
f 958/1235/952 946/1227/950 954/1234/957
f 954/1234/957 946/1227/950 943/1225/949
f 954/1234/957 943/1225/949 953/1223/948
o mesh.003_unnamed.056
v 0.049940 1.195467 0.038976
v 0.023627 1.178356 0.048581
v 0.044557 1.189183 0.077094
v 0.025342 1.124247 0.115736
v 0.063129 1.131211 0.125908
v 0.099692 1.128740 0.108709
v 0.114308 1.030508 0.145731
v 0.122783 1.018889 0.075084
v 0.087533 1.011211 0.041924
v 0.076276 1.099182 0.022953
v 0.009090 1.107929 0.070510
v 0.029023 1.027695 0.150676
v 0.012964 1.015681 0.093202
v 0.032544 1.009885 0.051594
v 0.086797 0.924466 0.071942
v 0.116909 0.923540 0.106511
v 0.069155 1.034198 0.166887
v 0.064659 0.925772 0.176783
v 0.035940 1.172671 0.022976
v 0.028102 1.097528 0.031563
v 0.111560 1.112037 0.051293
v 0.085588 1.181583 0.038206
v 0.072617 1.190179 0.072465
v 0.063042 1.174601 0.017429
v 0.034878 0.926429 0.169340
v 0.082486 0.821021 0.143383
v 0.101849 0.923933 0.160782
v 0.038790 0.925682 0.081065
v 0.016582 0.926252 0.119566
v 0.032237 0.826930 0.144309
v 0.024625 0.731435 0.109237
v 0.041213 0.724070 0.115356
v 0.057890 0.823910 0.156590
v 0.094569 0.819543 0.099479
v 0.067533 0.822814 0.076162
v 0.030762 0.733560 0.062958
v 0.035002 0.826668 0.082501
v 0.017212 0.828852 0.112383
v 0.017096 0.736206 0.087522
v 0.019458 0.668962 0.071897
v 0.028936 0.668962 0.073313
v 0.041097 0.668962 0.067292
v 0.059226 0.721345 0.104362
v 0.049907 0.668962 0.050665
v 0.069831 0.722364 0.074931
v 0.043210 0.668962 0.039734
v 0.053612 0.728676 0.058134
v 0.025321 0.668962 0.043246
v 0.016841 0.668962 0.058196
vt 0.063100 0.943900
vt 0.076600 0.940400
vt 0.069600 0.981700
vt 0.082700 0.950600
vt 0.072300 0.970000
vt 0.081900 0.851900
vt 0.063100 0.864500
vt 0.060100 0.688200
vt 0.044900 0.860100
vt 0.037600 0.681600
vt 0.039000 0.830100
vt 0.033400 0.660900
vt 0.050900 0.647200
vt 0.056500 0.807000
vt 0.078300 0.644700
vt 0.080500 0.803900
vt 0.088000 0.655000
vt 0.089900 0.822600
vt 0.080000 0.676500
vt 0.077100 0.492600
vt 0.086200 0.492500
vt 0.075200 0.491700
vt 0.051300 0.489500
vt 0.036300 0.487700
vt 0.043800 0.488100
vt 0.062300 0.491300
vt 0.051900 0.956500
vt 0.058400 0.971900
vt 0.078400 0.312100
vt 0.065700 0.306500
vt 0.053500 0.301400
vt 0.047500 0.298900
vt 0.060900 0.305000
vt 0.077100 0.311900
vt 0.085900 0.315700
vt 0.082200 0.138900
vt 0.074000 0.125500
vt 0.065000 0.120600
vt 0.059700 0.122600
vt 0.067800 0.134200
vt 0.079200 0.143000
vt 0.085900 0.147700
vt 0.084800 0.025700
vt 0.080100 0.025700
vt 0.074000 0.025700
vt 0.069600 0.025800
vt 0.073000 0.025900
vt 0.081900 0.025900
vt 0.086100 0.025800
vn 0.1862 0.3467 -0.9193
vn -0.5537 0.2942 -0.7790
vn -0.1457 0.9375 -0.3160
vn -0.8589 0.5004 -0.1095
vn -0.3489 0.8051 0.4796
vn -0.6984 0.3503 0.6240
vn 0.0511 0.5024 0.8631
vn 0.0396 0.2469 0.9682
vn 0.7486 0.4286 0.5057
vn 0.7997 0.1632 0.5778
vn 0.9166 0.1442 -0.3728
vn 0.9431 -0.0605 -0.3268
vn 0.3044 -0.2466 -0.9201
vn 0.2560 -0.1031 -0.9611
vn -0.5880 -0.2483 -0.7698
vn -0.6102 -0.1229 -0.7826
vn -0.9950 -0.0692 -0.0724
vn -0.9953 0.0604 -0.0753
vn -0.7421 0.1359 0.6563
vn -0.6504 -0.0261 0.7591
vn -0.9990 -0.0367 -0.0239
vn -0.5843 -0.1532 -0.7969
vn 0.3435 -0.2099 -0.9153
vn 0.9694 -0.1742 -0.1729
vn 0.7308 -0.1188 0.6721
vn 0.0810 -0.0578 0.9950
vn 0.7230 0.5884 -0.3619
vn 0.4302 0.8277 0.3602
vn -0.7106 -0.1655 0.6839
vn 0.0125 -0.2979 0.9545
vn 0.7185 -0.3118 0.6217
vn 0.9473 -0.1979 -0.2518
vn 0.2641 0.0286 -0.9640
vn -0.5801 0.0999 -0.8084
vn -0.9996 0.0039 -0.0276
vn -0.7423 -0.2407 0.6253
vn -0.0237 -0.4769 0.8786
vn 0.6558 -0.4861 0.5775
vn 0.9523 -0.2300 -0.2006
vn 0.3293 0.1688 -0.9290
vn -0.5534 0.2402 -0.7975
vn -0.9954 0.0367 -0.0885
vn -0.7810 -0.3273 0.5318
vn 0.1076 -0.6181 0.7787
vn 0.5869 -0.5922 0.5520
vn 0.9380 -0.2869 -0.1944
vn 0.2918 0.2032 -0.9346
vn -0.5347 0.2953 -0.7918
vn -0.9622 0.1142 -0.2472
usemtl unnamed.030
s 1
f 982/1237/958 977/1238/959 959/1239/960
f 959/1239/960 977/1238/959 960/1240/961
f 959/1239/960 960/1240/961 961/1241/962
f 961/1241/962 960/1240/961 962/1242/963
f 961/1241/962 962/1242/963 963/1243/964
f 963/1243/964 962/1242/963 975/1244/965
f 963/1243/964 975/1244/965 964/1245/966
f 964/1245/966 975/1244/965 965/1246/967
f 964/1245/966 965/1246/967 979/1247/968
f 979/1247/968 965/1246/967 966/1248/969
f 979/1247/968 966/1248/969 967/1249/970
f 979/1247/968 967/1249/970 968/1250/971
f 968/1250/971 967/1249/970 972/1251/972
f 968/1250/971 972/1251/972 978/1252/973
f 978/1252/973 972/1251/972 971/1253/974
f 978/1252/973 971/1253/974 969/1254/975
f 969/1254/975 971/1253/974 970/1255/976
f 983/1256/977 970/1255/976 971/1253/974
f 983/1256/977 971/1253/974 987/1257/978
f 987/1257/978 971/1253/974 972/1251/972
f 987/1257/978 972/1251/972 986/1258/979
f 986/1258/979 972/1251/972 967/1249/970
f 986/1258/979 967/1249/970 973/1259/980
f 973/1259/980 967/1249/970 966/1248/969
f 973/1259/980 966/1248/969 974/1260/981
f 974/1260/981 966/1248/969 965/1246/967
f 974/1260/981 965/1246/967 985/1261/982
f 985/1261/982 965/1246/967 975/1244/965
f 985/1261/982 975/1244/965 976/1262/983
f 976/1262/983 975/1244/965 983/1256/977
f 983/1256/977 975/1244/965 970/1255/976
f 970/1255/976 975/1244/965 962/1242/963
f 970/1255/976 962/1242/963 969/1254/975
f 969/1254/975 962/1242/963 960/1240/961
f 969/1254/975 960/1240/961 977/1238/959
f 969/1254/975 977/1238/959 978/1252/973
f 978/1252/973 977/1238/959 982/1237/958
f 978/1252/973 982/1237/958 968/1250/971
f 968/1250/971 982/1237/958 979/1247/968
f 979/1247/968 982/1237/958 980/1263/984
f 979/1247/968 980/1263/984 964/1245/966
f 964/1245/966 980/1263/984 981/1264/985
f 964/1245/966 981/1264/985 963/1243/964
f 963/1243/964 981/1264/985 961/1241/962
f 961/1241/962 981/1264/985 959/1239/960
f 959/1239/960 981/1264/985 980/1263/984
f 959/1239/960 980/1263/984 982/1237/958
f 987/1257/978 988/1265/986 983/1256/977
f 983/1256/977 988/1265/986 991/1266/987
f 983/1256/977 991/1266/987 976/1262/983
f 976/1262/983 991/1266/987 984/1267/988
f 976/1262/983 984/1267/988 985/1261/982
f 985/1261/982 984/1267/988 974/1260/981
f 974/1260/981 984/1267/988 992/1268/989
f 974/1260/981 992/1268/989 973/1259/980
f 973/1259/980 992/1268/989 993/1269/990
f 973/1259/980 993/1269/990 986/1258/979
f 986/1258/979 993/1269/990 995/1270/991
f 986/1258/979 995/1270/991 996/1271/992
f 986/1258/979 996/1271/992 987/1257/978
f 987/1257/978 996/1271/992 988/1265/986
f 988/1265/986 996/1271/992 989/1272/993
f 988/1265/986 989/1272/993 990/1273/994
f 988/1265/986 990/1273/994 991/1266/987
f 991/1266/987 990/1273/994 1001/1274/995
f 991/1266/987 1001/1274/995 984/1267/988
f 984/1267/988 1001/1274/995 1003/1275/996
f 984/1267/988 1003/1275/996 992/1268/989
f 992/1268/989 1003/1275/996 1005/1276/997
f 992/1268/989 1005/1276/997 993/1269/990
f 993/1269/990 1005/1276/997 994/1277/998
f 993/1269/990 994/1277/998 995/1270/991
f 995/1270/991 994/1277/998 997/1278/999
f 995/1270/991 997/1278/999 996/1271/992
f 996/1271/992 997/1278/999 989/1272/993
f 989/1272/993 997/1278/999 998/1279/1000
f 989/1272/993 998/1279/1000 990/1273/994
f 990/1273/994 998/1279/1000 999/1280/1001
f 990/1273/994 999/1280/1001 1000/1281/1002
f 990/1273/994 1000/1281/1002 1001/1274/995
f 1001/1274/995 1000/1281/1002 1002/1282/1003
f 1001/1274/995 1002/1282/1003 1003/1275/996
f 1003/1275/996 1002/1282/1003 1004/1283/1004
f 1003/1275/996 1004/1283/1004 1005/1276/997
f 1005/1276/997 1004/1283/1004 1006/1284/1005
f 1005/1276/997 1006/1284/1005 994/1277/998
f 994/1277/998 1006/1284/1005 1007/1285/1006
f 994/1277/998 1007/1285/1006 997/1278/999
f 997/1278/999 1007/1285/1006 998/1279/1000
